id,name,album_name,artists,year,genre,mood,Language,mood_distance
1ldDlELX4ZMOZL24BmUtPU,"""Are We Taping Now?""",The Legendary Typewriter Tape: 6/25/64 Jorma's House,"[""Janis Joplin"", ""Jorma Kaukonen""]",2022,Rock,Calm,english,4.648383484848647
5MlPFlwzOsJRkCtULJmfeJ,Knock the Cover Off the Ball,The Natural,"[""Randy Newman""]",1984,Pop,Calm,english,2.265510939946314
10lNLjUExk8lUin4pYkQKQ,"Panis angelicus, CFF 209",100 Christmas Masterworks,"[""Pl\u00e1cido Domingo"", ""Orchestra Sinfonica di Milano Giuseppe Verdi"", ""Marcello Viotti""]",2018,Classical,Calm,french,2.95560393587405
3xMuMLXbvbv6LSQaJlkyOh,"""Please Miss Giry, I Want To Go Back...""",Love Never Dies,"[""Andrew Lloyd Webber""]",2010,Pop,Calm,english,2.672131088505691
0FxUnU4EjDoDGRiFuVjyBH,#4,Selected Ambient Works Volume II,"[""Aphex Twin""]",1994,Electronic,Calm,,1.7720437269805438
1jAJ5JnaOFxh8nvyjl0pqV,' Cello Song,Digital Box Set,"[""Nick Drake""]",2010,Folk,Calm,english,2.0098848592758976
1h6opGQWoSSmIM0FyYKJo4,'05: Never Again,50 Song Memoir,"[""The Magnetic Fields""]",2017,Pop,Calm,english,1.862259847678044
1uuarumWVhe76uxFcAQRCG,'Cello Song,The John Peel Session,"[""Nick Drake""]",2014,Folk,Calm,english,0.662484293713442
3jRM8BzihiklERuYx5n9x8,'Frisco Depot,Live in England,"[""Mickey Newbury""]",1998,Country,Calm,english,2.84031875232195
3VS1qUm62nDLZJtxd0V2bb,'Round Midnight,'Round Midnight,"[""Betty Carter""]",2005,Jazz,Calm,english,3.085904560124394
4h983KK9mNuc9fnX0wHVe5,'Round Midnight,Because of You,"[""Kenny Rankin""]",1991,Pop,Calm,english,2.5905425998426352
1oXBulkrwnsySKDgDxfbMa,'Round Midnight - Take 2,Thelonious Monk's Greatest Hits,"[""Thelonious Monk""]",1997,Jazz,Calm,english,1.7917173718303805
2sWxrqljJKLqIB4hN2hI79,'Round Midnight - Take 2,Ken Burns Jazz-Thelonious Monk,"[""Thelonious Monk""]",2000,Jazz,Calm,english,2.2804755813700504
0qnBCGl68E220msrxew64A,'S Wonderful,Tommy LiPuma Works,"[""Jo\u00e3o Gilberto""]",2019,Jazz,Calm,english,1.631215160526468
3lSpczrXGWy6Bzc28KGHhE,'S Wonderful,Amoroso,"[""Jo\u00e3o Gilberto""]",1977,Jazz,Calm,english,1.6217771114574164
4AUhzHKWTkwgNtre0pntpD,'Song',To Carry Alongside,"[""German Error Message""]",2010,Electronic,Calm,english,1.0347434700067204
5hoclIZb2neFz4fZjJ2YZN,Sons of Scotland,More Music from Braveheart,"[""James Horner"", ""Mel Gibson"", ""Eric Rigler"", ""London Symphony Orchestra""]",1997,Classical,Calm,english,2.500318634947162
6BXbJwdT4v6k4QdOUagTFF,'Tis So Sweet,Faith (Deluxe Edition),"[""Jim Brickman""]",2016,Pop,Calm,english,0.8653662756128653
5SzZKsAFb0IBF2qcrmPuxp,'Tis So Sweet To Trust In Jesus,Classical Praise Volume 3: Piano & Cello,"[""Phillip Keveren & Anthony LaMarchina""]",2005,Pop,Calm,english,2.3577338595908364
3rdoCg64WQJp3LEOeARtp2,'sí Do Mhaimeo í,ANÚNA,"[""Michael McGlynn"", ""An\u00fana""]",2005,Classical,Calm,english,1.8175021433987395
4zBICpDOISnN4xD9E5n4a8,'twas in the Moon of Wintertime(the Huron Christmas Carol),December,"[""Jesse Brown""]",2012,Classical,Calm,english,1.2812230989413185
7v3j07pAbGH03yJhK9SBIj,(-),Ellengæst,"[""Crippled Black Phoenix""]",2020,Rock,Calm,english,3.550118687257091
56cTVsbYT9qIgOHSk0J9wJ,(---) Pt. 4,Love of Life (Deluxe),"[""Swans""]",2015,Rock,Calm,english,5.987488124155619
6DEaElhv0ogtMnuODOnylV,(2 Moons),No Flashlight,"[""Mount Eerie""]",2015,Rock,Calm,english,3.322854163576914
51nO64TP2SAEbxCpCixzJh,(333),[for the profane],"[""selki girl""]",2020,Electronic,Calm,,1.9143005820337848
3hzHZoQ2LFfFqesE0t49a9,(A Rhyme) This Time,This Time,"[""Al Jarreau""]",1980,Jazz,Calm,english,1.929980723928336
0WuBXakz0QthSPaUjpnjVs,(BedHead),Everybody Works,"[""Jay Som""]",2017,Pop,Calm,english,1.7312032459237352
1sKZUXsZUHe9AhxxszanrW,(Hear The) Ballad of the Swords,"The Revenge of the Horned One, Pt. II","[""Countess""]",2002,Rock,Calm,english,2.1134899889078365
0hzM1ILSHv4ojxpZrL2hQM,(How Can I Face) Wintertime Alone,Christmas in Hollywood,"[""Plas Johnson""]",2000,Jazz,Calm,english,1.2507846768468875
2aODUMrXCZ4DD7A1uqogn0,(How Will I Know) I'm Falling in Love Again,Phases And Stages,"[""Willie Nelson""]",1974,Country,Calm,english,2.0401224890384007
1kQsO7KMZVueNItSwoTyGl,(I Love You) For Sentimental Reasons,Table For Two,"[""David Huntsinger""]",2008,Classical,Calm,english,1.7716464834007202
5QnCtH7euld6R68UwcWrte,(I Love You) For Sentimental Reasons,The Nat King Cole Story,"[""Nat King Cole""]",1991,Jazz,Calm,english,2.677936938106372
5dD3frs8kQOokr7C5WmEiH,(I'm Afraid) The Masquerade Is Over (Live),Laidback Benson - [The Dave Cash Collection],"[""George Benson""]",2011,Jazz,Calm,english,2.8166744049844707
2uQkCAAe3tVGTvxZDVxfG9,(I'm Arfaid) The Masquerade Is Over,Love For Sale,"[""George Benson""]",2010,Jazz,Calm,english,2.8166744049844707
6e7oObDahu70V9bd1zsqON,(March 19th 1983) It Was Probably Green,Songs About Leaving,"[""Carissa's Wierd""]",2010,Rock,Calm,english,1.3559769615574169
0fC1AwMWp2DKssTRupAYGJ,(Nice Dream),Hold Me to This - Christopher O'Riley Plays Radiohead,"[""Christopher O'Riley""]",2005,Electronic,Calm,english,1.607143376978449
42wAZSiIJApKlrpcOtPDiC,(Our) Love Is Here To Stay - Live,The Unforgettable Nhøp Trio Live,"[""Niels-Henning \u00d8rsted Pedersen""]",2007,Jazz,Calm,english,4.443350376779763
3reEIhyxoza0Lo7uzAQh59,(Something),Sauna,"[""Mount Eerie""]",2015,Rock,Calm,english,3.239868217935513
0OBtwVKHJhmROyihSTenR5,"(There Is) No Greater Love - Live At Jazzhus Montmartre, Copenhagen / March 3rd 1991",People Time,"[""Stan Getz"", ""Kenny Barron""]",2009,Jazz,Calm,english,4.791534728955562
3ez4nhSoUYWxUKaYtMEx90,(They Long To Be) Close To You,Burt Bacharach,"[""Burt Bacharach""]",1971,Pop,Calm,english,2.576952335712482
4JX4uiphPXHKbNL4lqa5xB,(They Long to Be) Close to You,Mixtape,"[""Sungha Jung""]",2017,Folk,Calm,english,1.932468855060248
2wVaVgOYzFupaxHA5mYIEG,(deeperthanbefore),Underneath,"[""Code Orange""]",2020,Rock,Calm,english,3.440204043897499
50z5rFb0tF8N9NMhdb5UWY,(untitled),Akron/Family,"[""Akron/Family""]",2005,Folk,Calm,english,1.647668464569433
1htaPCWAvl0XwYIt5j1IdE,******* (Plastic Jesus),Transmissions From the Satellite Heart,"[""The Flaming Lips""]",1993,Rock,Calm,english,2.92708403339858
6Wrs0EgZ8VXnFFrFBYlVav,-,Scar Sighted,"[""Leviathan""]",2015,Rock,Calm,english,2.035043562824677
6WjuNJRctaD7z3C75t6No6,...Of Silence,Silence,"[""Sonata Arctica""]",2001,Rock,Calm,english,4.455306852260313
4vASxWalsVTg5ghgFjagbo,...Pretty Please - Interlude,Snowflakes,"[""Toni Braxton""]",2001,R&B,Calm,english,2.3405324315910327
4V280eLfyBuD3RMz8CaNw2,...You,Kaleidoscope,"[""DJ Food""]",2000,Electronic,Calm,english,1.4149371027180375
6YPRWU79U3rbxUN1Gy5SoR,10 Laws,The Education of the Individual Soul,"[""East Forest""]",2008,Electronic,Calm,english,2.0243393316315563
4ijhoUbvSSWrPsnEkV2OAo,10 miles,abysskiss,"[""Adrianne Lenker""]",2018,Electronic,Calm,english,1.7378497612535002
4KYiNLDZWaLA7Zs4bPppdj,"10,000 Miles","10,000 Miles","[""Lily Kershaw""]",2017,Folk,Calm,english,3.060827125158585
7MI5YhSIIqSmmATiDgbCRj,"10,000 Miles",Party Doll And Other Favorites,"[""Mary Chapin Carpenter""]",1989,Country,Calm,english,2.722894749606578
4EfQMKRCwyyL467J0TRk7A,1000 Foot Face,Every Country's Sun,"[""Mogwai""]",2017,Rock,Calm,english,1.905854104171883
51WFPE6iJ1GgqxJgofdGtM,1000 Words (Final Fantasy X-2),Final Fantasy: Piano Collections,"[""Jeremy Ng""]",2015,Classical,Calm,english,1.0535585882710798
6mZbq7l3k5J0MyLeeeKwJn,1001 Nights,Lhasa,"[""Lhasa De Sela""]",2009,Pop,Calm,english,1.9552895193044548
4SyToBTS5jTosSSLD6LNK1,1001 Nights - Live,Lhasa Live in Reykjavik,"[""Lhasa De Sela""]",2017,Pop,Calm,english,4.462267694924289
4AJFPg5gJNH1J1OSyfSFgt,10:15 Saturday Night - Robert Smith Home Demo 2/78,Three Imaginary Boys (Deluxe Edition),"[""The Cure""]",1979,Rock,Calm,english,0.9661766862003148
54eTQQQHJFuM9i1llW7ddV,10:56 (Audiotree Live Version),Oathbreaker on Audiotree Live,"[""Oathbreaker""]",2016,Rock,Calm,english,3.084522224239803
4PwQM1GyHJjBCwzlZyn81o,111,22 Dreams,"[""Paul Weller""]",2008,Pop,Calm,english,3.630236662482162
1Cl0cJQF5tSpsPz2jA8cQJ,"12 Valses Nobles, D. 969: No. 1-4, 9-10 & 12",Spring Piano,"[""Franz Schubert"", ""Isabel Mourao""]",2019,Classical,Calm,english,2.397776254660396
5zU4NF1tgkFibXlR5rjwwM,12월의 기적 (Miracles In December),Beautiful,"[""REYNAH""]",2015,Classical,Calm,english,1.0329524586307948
5V7X7XvIgwhIYyLNZKEwmo,1453: An Empire Crumbles,Seeking Infinity,"[""PANTHEIST""]",2018,Rock,Calm,english,2.217502042056378
2COO2fSrfnYc6g0sgMRHDd,17,Put Your Back N 2 It,"[""Perfume Genius""]",2012,Pop,Calm,english,2.527159162985899
3WtB2who5tPeyzpe2rAoPk,17,The Year Of Hibernation,"[""Youth Lagoon""]",2011,Pop,Calm,english,2.0544366827320486
5UVBumEwdUnzvqxrXOYLFA,17,The Year of Hibernation,"[""Youth Lagoon""]",2011,Pop,Calm,english,2.205282922154178
0S9dal8NuWMxOgmxCmViVU,19 Hours Left,On the Eve of a Goodbye,"[""The Reticent""]",2016,Rock,Calm,english,2.038164561005831
32s3mVXhDJrJD5V0maPkRB,1921,Inland,"[""Leif Vollebekk""]",2010,Folk,Calm,english,2.052060136680066
3WXjYMeSBJDVFHpTJo0VXW,1985,"A Nice Night for an Evening, Vol. 1","[""Bowling For Soup""]",2019,Pop,Calm,english,1.6678612343031192
2pgCxpkxaDoyhnZfSYxrwp,1st Antiphon & Small Litany,Liturgy No. 3 - English (The Divine Liturgy of St. John Chrysostom),"[""Roman Hurko""]",2011,Classical,Calm,english,2.903747677463289
3FBeczv2ihLPb2wMQs3D4F,"1st Book of Songs: No. 17, Come Again, Sweet Love Doth Now Invite",Dowland: Tears of the Muse,"[""John Dowland"", ""Daniel Taylor"", ""Andreas Martin""]",1998,Classical,Calm,english,2.289880470525749
0JPJlqw1oqpIS84H3FSUFn,1st Day Of May,100 Acres Of Sycamore,"[""Fionn Regan""]",2011,Pop,Calm,english,1.3160155292869682
4UF0SctRrB9cZg64z36yVK,"2 Rossetti Songs: No. 2, Remember",Hear My Prayer - Hymns and Anthems,"[""Stephen Chatman"", ""Choir of St John's, Elora"", ""Noel Edison""]",2006,Classical,Calm,english,3.4840298814537816
50Y02a5buFXaEQ3zTfm9GY,"20,000 Deaths For Eidelyn Gonzales, 20,000 Deaths For Jamie Peterson",Fag Patrol,"[""Xiu Xiu""]",2006,Pop,Calm,english,1.5272865034407586
4JNpq7GnALN0YpkASCGkzo,200 More Miles,The Trinity Session,"[""Cowboy Junkies""]",1988,Country,Calm,english,2.8877957860133137
5hzAq3YMt60plv1Cil3vj9,2017,2017,"[""German Error Message""]",2016,Electronic,Calm,english,1.5156022709768011
3mAyjnYIWLeDixdNO6Joz6,21 M◊◊N WATER,"22, A Million","[""Bon Iver""]",2016,Rock,Calm,english,1.9102649826985456
6pluWmnly4KKbhCVfW5wTG,2113,"A Nice Night for an Evening, Vol. 2","[""Bowling For Soup""]",2019,Pop,Calm,english,2.2265228632740977
2Hi5uVlloGucpHjKIsn3ak,23,Heart Under,"[""Just Mustard""]",2022,Rock,Calm,english,2.9977810603755484
1Euizjkb2SxVJmyrYBPey7,28 Days In The Valley,28 Days In The Valley,"[""Dorothy""]",2018,Rock,Calm,english,1.4408765599545523
4VZM71F8XAoLRuNyNLxwWS,29 #Strafford APTS,"22, A Million","[""Bon Iver""]",2016,Rock,Calm,english,1.905030890684525
5qngJJcuGPqUyX3VPKvH11,29 #Strafford APTS,"22, A Million","[""Bon Iver""]",2016,Rock,Calm,english,1.934059354638489
4w4eqWcd35o8oZDD6Yh5ck,2B2,Mr. M,"[""Lambchop""]",2012,Country,Calm,english,2.1059902739580783
7twb9uInucXLMRiydzbJF0,"Book of Songs, Book 2: Flow, My Tears, Fall from Your Springs",Discover Early Music,"[""John Dowland"", ""Steven Rickards"", ""Dorothy Linell""]",2005,Classical,Calm,english,2.494074996365178
7KiV3ZJIlbrfzlAge8V4Oe,3 Nocturnes: No. 1. Ballade to the Moon,The Heart's Reflection (Music of Daniel Elder),"[""Daniel Elder"", ""Westminster Choir"", ""John Hudson"", ""Joe Miller""]",2013,Classical,Calm,english,2.500814627335391
0MUK0HV0RulwfPRN9IbQhr,3 Nocturnes: No. 2. Star Sonnet,The Heart's Reflection (Music of Daniel Elder),"[""Daniel Elder"", ""Westminster Choir"", ""John Hudson"", ""Joe Miller""]",2013,Classical,Calm,english,3.3100423459217616
0z4CDdMcq1xvr68fuwcK9I,34.0522° N,UltraViolet,"[""80purppp""]",2020,R&B,Calm,english,3.55441611529803
4FQogopMmxGctxSRFAMqLc,340000,Thank You Neil,"[""Dumbo Gets Mad""]",2015,Rock,Calm,english,2.7997212161960623
0dPm7dSUeAMC3j2PrsaxQt,35,Gold Record,"[""Bill Callahan""]",2020,Country,Calm,english,1.9486215642032965
0Dqj2CM5ckyG0ucPWu47Kh,3rd Nocturnal Prayer,Dark Metal,"[""Bethlehem""]",2014,Rock,Calm,,3.517411878075553
2jZPEeW2ynykb2GkVqpOkJ,4 + 20,Deja Vu,"[""Crosby, Stills, Nash & Young""]",1970,Rock,Calm,english,2.776749341859864
48BbSlOOFZWew5mj5YDOsN,4 Minute Warning - Live at Electric Lady,Live at Electric Lady,"[""Perfume Genius""]",2022,Pop,Calm,english,1.69871496880188
6i680EsBojQArEMkNO6m67,"4 Shakespeare Songs: Double, double toil and trouble",Shakespeare in Song,"[""Jaakko M\u00e4ntyj\u00e4rvi"", ""Phoenix Chorale"", ""Charles Bruffy""]",2004,Classical,Calm,english,2.5013321151596704
4XmXp9QYEXNloFDNpuAVCt,4:30AM (Apparently They Were Travelling Abroad),The Pros And Cons Of Hitch Hiking,"[""Roger Waters""]",1984,Rock,Calm,english,3.3244040252704963
75ih3nROp0L6NyeJAlv9Fc,4ever,The Unknown,"[""Dillon""]",2014,Rock,Calm,english,2.1968759322434583
6JzRpK2Fq0ae0uxB1fMyxL,4th of July,Azure Ray,"[""Azure Ray""]",2001,Rock,Calm,english,1.8044105670933608
7i8wAKUOcb9BWK50mFOOHU,5.17,5.17,"[""Thom Yorke""]",2022,Rock,Calm,english,1.9629187539393889
6EEsq4kLMZ0pTX0dSunSd2,"51°3'46.403""",Through The Annular,"[""Clem Leek""]",2010,Electronic,Calm,english,3.336963311698285
7wLJEmQEI9TMxxmrDcZjVb,5:11AM (The Moment of Clarity),The Pros And Cons Of Hitch Hiking,"[""Roger Waters""]",1984,Rock,Calm,english,3.026381092133649
27KIoqAArXM81wOkQ9Z8YW,82nd St.,Colfax,"[""The Delines""]",2014,Country,Calm,english,2.1937262763352705
1k0QMCm5kF3CBjCQ37vDLl,9.13,Suncity,"[""Khalid""]",2018,Pop,Calm,english,2.525841609410888
7EROK3PMgkCG3wdwcbeauW,9.13,Suncity,"[""Khalid""]",2018,Pop,Calm,english,2.525841609410888
0S7gSujoFEpMh3V3mjXQbZ,99 Biker Friends,"A Nice Night for an Evening, Vol. 2","[""Bowling For Soup""]",2019,Pop,Calm,english,2.317026868907276
6DtJ0Ha9UWEfEMbuRVZWfb,"999,999",The Slip,"[""Nine Inch Nails""]",2008,Rock,Calm,,2.095274718335338
5BxXJkFPImXtsdLCMioUFj,A Beautiful Meditation,A Beautiful Meditation,"[""Lizzy Jeff""]",2020,Hip-Hop,Calm,english,1.4665568799840547
5Pq2X4BWFjISGGnEUoawCT,A Beautiful Song,13th and Pine,"[""Nazz""]",2009,Rock,Calm,english,1.5745577809800666
2WacIXFoDnbh1JbAOl8nqF,A Beauty of the Abyss,Slough of Despond,"[""Talsur""]",2017,Rock,Calm,english,1.458811702236655
6QS69eUB8qS1ugzl1DyKH9,A Blueprint Of Something Never Finished,Everywhere And Right Here,"[""The Six Parts Seven""]",2004,Rock,Calm,english,1.2473653580029436
2gbHp8LHdS8Y6QRQIxjNR2,Whitacre: A Boy And A Girl,Light & Gold,"[""Eric Whitacre"", ""Eric Whitacre Singers""]",2010,Classical,Calm,english,3.3252441405043216
5tPg61yOKYM21m9y2oai9T,A Bridge Ablaze,Hearts of No Light,"[""Schammasch""]",2019,Rock,Calm,english,2.074810341637326
47kMkh5TPEiZS6CnyKpfHu,A Chaos Of Desire,A Chaos Of Desire,"[""Black Tape For A Blue Girl""]",1991,Rock,Calm,english,2.8619530196021734
0K2Ei5FPCtn5iM8QRrANTo,A Cherry On Top,Shaking The Habitual,"[""The Knife""]",2013,Electronic,Calm,english,1.7831372465429591
5SwcaUUicfCJQGXvA71jXI,A Cherry on Top,Shaking the Habitual,"[""The Knife""]",2013,Electronic,Calm,english,1.566236569526538
0qKV9QXctdZUwQI1PgQLKz,A Child Is Born,Lazy Afternoon,"[""Barbra Streisand""]",1975,Classical,Calm,english,3.322790508854125
4gEYLaI5G9m8Ex0bVDNybP,A Child Is Born,Ballads,"[""Stanley Turrentine""]",1993,Jazz,Calm,english,0.6140321812636766
5DqobGKm29qWFJxFCzVrFO,A Child Is Born - Remastered 2003,Together Again (Remastered 2003),"[""Tony Bennett"", ""Bill Evans""]",1977,Jazz,Calm,english,2.647481547361852
3m5IVVa9RuxZh5bsJieuuD,A Clare Benediction (Version for Mixed Choir & Orchestra),Rutter: Mass of the Children & Other Works,"[""John Rutter"", ""The Cambridge Singers"", ""City of London Sinfonia""]",2003,Classical,Calm,english,2.1656391267489923
7vNhyeKYzynpoQNWi1ai7K,A Clare Benediction,Be Thou My Vision: Sacred Music by John Rutter,"[""John Rutter"", ""The Cambridge Singers"", ""City of London Sinfonia""]",2004,Classical,Calm,english,2.1656391267489923
3tD50oKARQZzX1mtGWN3yu,A Cold Cell,Backwards,"[""Coil""]",2016,Electronic,Calm,english,2.5264472930453685
0l1eUyn6IJa006hKeAKStj,A Cutscene,"Saviour, Save Yourself","[""Mountains of the Moon""]",2020,Folk,Calm,english,1.477432020118333
4DSqljPAdrm1DbybSWFTll,A Dance 'Round the Memory Tree - Soundtrack,The Chronicles of Narnia: Prince Caspian,"[""Oren Lavie""]",2008,Pop,Calm,english,2.76601057191559
3mExBX39jPSfsEveZDxbpc,A Day In The Life Of A Tree - Remastered 2009,Surf's Up,"[""The Beach Boys""]",1971,Rock,Calm,english,2.335187836823788
6B8UfxWPUDmvcgkgWGfPAr,A Day Without Glasses,Damaged,"[""Lambchop""]",2006,Country,Calm,english,2.2851236492763896
4UtpoVPLb62obQ7xtobuFK,A Dedication,Within and Without,"[""Washed Out""]",2011,Electronic,Calm,english,2.674702753871861
2K5nXwm0nWu2wj2xRpKjVC,A Different Kind Of Mindfuck,Acts of the Unspeakable,"[""Autopsy""]",1992,Rock,Calm,english,2.6076620576151712
6IBb4rEEh6iZGEsWiLn896,A Dream,Songs For Drella,"[""Lou Reed"", ""John Cale""]",1990,Rock,Calm,english,3.087873046720531
5jAzL2lxRsKsgMjiPWoZrt,A Dream Is a Wish Your Heart Makes,Broken Blossom,"[""Bette Midler""]",1977,Pop,Calm,english,2.531064794337924
6E5By4xxtTgxOP4JfP1CvX,A Dream Is a Wish Your Heart Makes,Disney Peaceful Piano: Lullaby,"[""Disney Peaceful Piano"", ""Disney""]",2018,Classical,Calm,english,1.7904281128535255
3uVkugZz6yCTw5Z8sDI19F,"A Dream Is a Wish Your Heart Makes - From ""Cinderella""/Soundtrack Version",Disney's Greatest Volume 2,"[""Ilene Woods"", ""Cinderella's Mice Chorus""]",2001,Classical,Calm,english,2.697060082125774
5MomsuW7Pk7pe6fKC5gZIk,A Dream Within a Dream,Ultimate The Alan Parsons Project,"[""The Alan Parsons Project""]",2003,Rock,Calm,english,1.9596371774890609
2zSenW0JTWqvm5Pp0BaZae,A Dream in the Night (The Angel & the Soldier Boy),In a Lifetime,"[""Clannad""]",2020,Folk,Calm,english,2.8031144764115195
6PPAm8FFuLCOhlQLhMjd1n,"A Dream, The Veil",Devarrow,"[""Devarrow""]",2019,Folk,Calm,english,2.543525406931376
5WXTRWFEU33lQD7LCBFmJc,A Druids Passing,The Middle Kingdom,"[""Cruachan""]",2000,Rock,Calm,english,2.43541675762526
6UMSmrBT27HLowEz9SCvIC,A Dying Light,Pleine Noirceur,"[""Fuck The Facts""]",2020,Rock,Calm,english,2.459644638577079
4yIUZfyWZ5T6NiiV0khwzw,A Fabricated Life,The Great Dismal,"[""Nothing""]",2020,Rock,Calm,english,3.2996853250678644
0uALpHsRA8sG1yo3JXtVRr,A Foggy Day,Gershwin For Lovers,"[""Marcus Roberts""]",1994,Jazz,Calm,english,1.5871969834296291
3kuZ5X7Fi0cboiV6FfbFdW,A Fondness For Crawling,Scavengers,"[""Calla""]",2001,Rock,Calm,english,4.542677728017987
637HnigCalaRXSDSV4Aeu4,A Friendly Goodbye,"A Nice Night for an Evening, Vol. 2","[""Bowling For Soup""]",2019,Pop,Calm,english,1.6038586488236952
2TEeq21CmDLaAReiLaaZfW,A Gaelic Blessing,British Choral Music,"[""John Rutter"", ""Michael Leighton Jones"", ""Joshua van Konkelenberg"", ""The Choir of Trinity College, Melbourne""]",2012,Classical,Calm,english,1.815184084249425
5qqlWVVTQAjyLisX0s1sp4,A Gal In Calico - Live At The Spotlight Club/1958,The Complete Ahmad Jamal Trio Argo Sessions 1956-62,"[""Ahmad Jamal Trio""]",2010,Jazz,Calm,english,4.306593168583276
35PuDcFLCMVbUgreNicDHD,A Gate Through Bloodstained Mirrors,Nocturnal Poisoning,"[""Xasthur""]",2002,Rock,Calm,english,3.8930419560121647
4srUd1Wyp3oa3CtaN0ZOdi,A Gentle Place - Remastered in 2004,Banba,"[""Clannad""]",1993,Folk,Calm,english,1.661712344664543
6EZCqpC0kPt8s7LRVfFozC,A Ghost in Gleaming Stars,Shards of Silver Fade,"[""Midnight Odyssey""]",2015,Rock,Calm,english,3.005824424564973
6zC62BO4kebDRoE70j1drD,A Ghost in Gleaming Stars,Shards of Silver Fade,"[""Midnight Odyssey""]",2015,Rock,Calm,english,2.9614316920142185
0Jgt7G1fPUOFovsrEBLGmH,A Girl's Garden - Randall Thompson,Frostiana,"[""Randall Thompson"", ""Exultate""]",2004,Classical,Calm,english,2.3835829247238167
4lmiTDeRpEqmFJU1HmppAW,A Good Friend Is Hard to Find,Deliverance,"[""Shawn James""]",2014,Country,Calm,english,2.7253024507101498
332p0eBBS7QOe7YB5DxgIa,A Gothic Love Song,How I Devoured Apocalypse Balloon - Disc one,"[""Current 93""]",2005,Electronic,Calm,english,4.686788303166889
1audfn0M2y51sgmKFHCxoC,A Heart Full Of Love,Les Misérables (Original Broadway Cast Recording),"[""Judy Kuhn""]",1987,Classical,Calm,english,2.9107326922810013
4PLjBIVh23AhSp24Vesm6o,A Heart Like Mine,My Utmost For His Highest Quiet Prayers,"[""Bryan Duncan""]",1996,Pop,Calm,english,2.2117083437915706
1DA35gOp3ymS8qhEdlVmfY,A Heart Needs A Home,The Best Of Richard And Linda Thompson: The Island Record Years,"[""Richard Thompson""]",2000,Folk,Calm,english,1.6300892688412931
6tlElWJzaJOt6eHHILrLKc,A House Is Not A Home,The Look Of Love,"[""Valerie Joyce""]",2001,Jazz,Calm,english,2.325703487246974
74VCNgRkEHpiektpX0Jnye,A House Is Not A Home,I Will Say Goodbye,"[""Bill Evans Trio""]",1980,Jazz,Calm,english,1.2417436387191585
01QDkn7Jk9M464XlN0PQaM,A House Is Not a Home,Dreamer,"[""Eliane Elias""]",2004,Jazz,Calm,english,1.3047769545779435
0NVgOr4EbHiCfYMM4WvgpA,A Hymn to the Virgin,The Mystery of Christmas,"[""Benjamin Britten"", ""The Elora Singers"", ""Noel Edison""]",1998,Classical,Calm,english,2.700067729844829
3q5V0EgrzELUOOZhBa0j9E,A Hymn to the Virgin,"Britten: Rejoice in the Lamb / Hymn To St. Cecilia / Missa Brevis, Op. 63","[""Benjamin Britten"", ""Christopher de la Hoyde"", ""William Goldring"", ""Reuben Thomas"", ""Simon Wall"", ""Choir of St. John's College, Cambridge"", ""Christopher Robinson""]",2000,Classical,Calm,english,3.6537750090947214
3wPCJntrkh5TpAVdh0qhjD,A Hymn to the Virgin,Christmas Chill - The Ultimate Collection,"[""Benjamin Britten"", ""The Elora Singers"", ""Noel Edison""]",2008,Classical,Calm,english,2.700067729844829
3zaZr7uZTXv8HuSTXwcBw8,A Hymn to the Virgin,Britten (The Best Of),"[""Benjamin Britten"", ""Choir of St. John's College, Cambridge"", ""Christopher Robinson""]",2008,Classical,Calm,english,3.332567781925216
7uFW3SV4LS2auJeks12zR2,A Jar of Sand,Neath The Puke Tree,"[""Smog""]",2000,Folk,Calm,english,5.548655441673776
5fxfFBYhfCIBSU9LvHk0pF,A Journey,a journey...,"[""Hinako Omori""]",2022,Electronic,Calm,english,1.793667425597857
4HzJ4ZKtekyuVENPYZXtyf,A Joyless Occasion,The Hallowing,"[""Autumn Tears""]",2007,Electronic,Calm,english,1.2688936820600702
4262W7tGxTCfz0wIQfCT4o,A King is Born,Sins of Hyrule,"[""ROZEN""]",2017,Classical,Calm,english,1.7173332324906438
3XiVu4ma5noVwm9r2nmyYT,A Kingdom from a Spark (feat. Jessica DiCicco),"Adventure Time, Vol. 2 (Original Soundtrack)","[""Adventure Time"", ""Jessica DiCicco""]",2019,Rock,Calm,english,2.16438250568771
57NnNbr2gpTEowTidtEaOg,A Kiss To Your Twin,Eliza,"[""Anna Calvi""]",2013,Rock,Calm,english,1.7323521156958055
4doJ2YkvGkdbZPbLHNH1cG,A Kiss to Build a Dream On,Sessions from the 17th Ward,"[""Amber Rubarth""]",2012,Folk,Calm,english,2.5504550683015066
7dXjq4Wp7eEPsGVsOhRQDQ,A Life (1895 - 1915),Mark Hollis,"[""Mark Hollis""]",1998,Rock,Calm,english,2.3545435167397506
2QmemE64Re1EeUxX9OUPNT,A Light,"Advent, Vol. 1.","[""The Brilliance""]",2011,Electronic,Calm,english,1.6277464914199202
6eAXXP4dIbWPLS3BzscuW7,A Little Bit Colder,Stream_error,"[""stream_error""]",2018,Electronic,Calm,english,2.571518082142056
4jS5Ho70Scjk6rucwTgaNe,A Little Fall Of Rain,Les Misérables (Original Broadway Cast Recording),"[""Frances Ruffelle""]",1987,Pop,Calm,english,2.895230172888843
2DLK2GKAEycJjWT50BHNKy,A Little Night Music: Finale: Send in the Clowns,A Little Night Music (Original Broadway Cast Recording),"[""Stephen Sondheim"", ""Glynis Johns"", ""Len Cariou"", ""Original Broadway Cast of A Little Night Music"", ""Harold Hastings""]",1973,Classical,Calm,english,2.7178564753947447
1w7A720nVn9ZW7bHwSfQUN,A Little Night Music: Send in the Clowns,A Little Night Music (Original Broadway Cast Recording),"[""Stephen Sondheim"", ""Glynis Johns"", ""Harold Hastings"", ""Original Broadway Cast of A Little Night Music"", ""Len Cariou""]",1973,Classical,Calm,english,2.5854734629528417
3NN6R66hHv1UvgnFkhzbg7,A Little Place Called The Moon,The Gods We Can Touch,"[""AURORA""]",2022,Pop,Calm,english,1.5724189857355804
0ko4rFMrzGU9B3cD5KtFCQ,A Lost Forgotten Sad Spirit,Draugen - Rarities,"[""Burzum""]",2005,Rock,Calm,english,3.425605830843761
6vqkOTnKmyFzfZGdaXqFR6,A Machine That Thinks And Feels,Chappie (Original Motion Picture Soundtrack),"[""Hans Zimmer"", ""Steve Mazzaro"", ""Andrew Kawczynski""]",2015,Classical,Calm,english,1.4879309166597932
7oGWwZnEU44po8Xh1g8GIw,"A Map a String a Light, Pt. 2",Acoustics 2 - EP,"[""Yvette Young""]",2017,Rock,Calm,english,1.801074451258297
6KNoycngsDcmFAk3iZRe8l,A Million Billion Stars,It's Immaterial,"[""Black Marble""]",2016,Electronic,Calm,english,1.5196499518160282
1ixSXH4wf5oHmGA07zoK3o,A Minute to Breathe,Before the Flood (Music from the Motion Picture),"[""Trent Reznor and Atticus Ross""]",2016,Classical,Calm,english,1.034176220495059
6JXtElPD7T7hlPLYKenxJl,A Minute to Breathe,A Minute to Breathe,"[""Trent Reznor and Atticus Ross""]",2016,Classical,Calm,english,1.034176220495059
2wX4ZI499AIFhq6laswR2U,A Mirage,It's A Game,"[""Edith Frost""]",2005,Country,Calm,english,1.3240535804411468
12Ol1MYoszDcjVNXvLAKQ9,A Name Writ in Water,Megaliths of the Abyss,"[""The Howling Void""]",2008,Rock,Calm,english,2.5109094284876443
6Vpc04D4W0yJecXBCooCre,A Nation of Immigrants,World's Blood,"[""Wayfarer""]",2018,Rock,Calm,english,1.8112403680672644
66cmD4jKKbSHgKJEOiuPiu,A New Jerusalem,Mark Hollis,"[""Mark Hollis""]",1998,Rock,Calm,english,1.6915382661900489
0npM0OKctqNRYgNmKfyFFQ,A New Machine Part 1 - Remix 2019,The Later Years,"[""Pink Floyd""]",2019,Rock,Calm,english,3.3919156929611933
7e1bk6Hdqdb7z4nAltPVVG,A New Machine Part 2 - Remix 2019,The Later Years,"[""Pink Floyd""]",2019,Rock,Calm,english,2.028091975984044
6efrVSc5Dltp0PyFybNacG,"A New Machine, Pt. 1",A Momentary Lapse of Reason,"[""Pink Floyd""]",1987,Rock,Calm,english,2.5798865237470814
1gqS8bomGckIqmfDbavdHD,"A New Machine, Pt. 2",A Momentary Lapse of Reason,"[""Pink Floyd""]",1987,Rock,Calm,english,3.0372175135171458
1wDzQmFrfoepU0yJVqtG9B,A Nightingale Sang In Berkeley Square,Mecca For Moderns,"[""The Manhattan Transfer""]",1981,Folk,Calm,english,2.588827777719525
4sm9JFlD8NAiQV6JG2HZhA,A Nightingale Sang In Berkeley Square,We Are In Love,"[""Harry Connick, Jr.""]",1990,Jazz,Calm,english,2.7372281162570733
6QJTqla4aVhuTZCijQ56sz,A Nod On Hold,Notes And The Like,"[""Ms. John Soda""]",2006,Electronic,Calm,english,1.6530504695038275
27g3OT6ydgAmTPhvLOk4od,A Part of Us,Once on This Island (Original Broadway Cast Recording),"[""Sheila Gibbs"", ""Afi McClendon"", ""Ellis E. Williams"", ""Once on This Island Ensemble""]",1990,Classical,Calm,english,2.706364458995611
7ERXXehG6qY2uDDiKhRNlx,A Place,A Place,"[""Ocie Elliott""]",2021,Folk,Calm,english,1.3313259717633958
2lG5FLgwuPinbU25sD4VRZ,A Place Called Morning,A Place Called Morning,"[""Bill Douglas""]",2001,Folk,Calm,english,2.3426118009684007
5Nfksxry790Lp6EAZvNKm4,A Place Where Sand Meets Fog,Terminus: Rebirth In Eight Parts...,"[""Vindens\u00e5ng""]",2008,Rock,Calm,english,3.189529501799224
5Gdp1CgA1Dy2YFBcf2zIwT,A Place in the Sun,Sanctuary,"[""Gandalf""]",2009,Folk,Calm,english,3.3472186008551907
4ShgxzVoTmEuqoKSCcLMQv,A Pocketful of Stones,On An Island,"[""David Gilmour""]",2006,Rock,Calm,english,2.814622733149723
4Qi0s1fOG6n9lEOjFQVlPe,A Prayer Away,Through the Mirror,"[""Final Stage""]",2007,Rock,Calm,english,1.3312611829367251
6DQ9fYS5Xu4bCQjgj1Opju,A Rat's Nest,Spitting Feathers,"[""Thom Yorke""]",2006,Rock,Calm,english,2.163405888002507
04yNXm5szMQSboC7ygIaY2,A Rose Unpetalled,Angels And Saints At Ephesus,"[""St. Therese Of The Child Jesus And The Holy Face,"", ""Benedictines of Mary, Queen of Apostles""]",2013,Classical,Calm,english,2.8687663352475696
58AivSVEVyNVBZqhM291D3,A Sad Sadness Song,Thunder Perfect Mind,"[""Current 93""]",1992,Electronic,Calm,english,1.4320502015124077
6dRkvr98wTob7schJrS9qB,A Schoolboy's Charm,The Golden Band,"[""The American Analog Set""]",1999,Rock,Calm,english,1.7885897485360278
0JDuSJD4RvnF4rffF1oPNA,A Seed,In the Maybe World,"[""Lisa Germano""]",2006,Pop,Calm,english,2.3000649346844027
0whBlFjvsePcmtFPf5aWju,A Shepherd's Carol,Favourite Carols from King's,"[""Bob Chilcott"", ""Choir of King's College, Cambridge"", ""Stephen Cleobury""]",2014,Classical,Calm,english,2.488999389076631
2OVy3RTFyAdoNkwZ6aexo1,A Ship Without a Sail,Lee Wiley Sings the Songs of Rodgers & Hart and Arlen,"[""Lee Wiley""]",1986,Jazz,Calm,english,2.368420121056628
0bf6I6PEEy0Ztz6IMAFDEY,A Silver Thread,Within These Walls,"[""Damon & Naomi""]",2007,Rock,Calm,english,2.3111006376285155
1MEKVA4atU6X6oqmZ2AVf2,A Small Crusade,Story Like a Scar,"[""The New Amsterdams""]",2006,Rock,Calm,english,1.7158237021111715
4JIM5C5VA1FxmOjTeXliFT,A Soldier's Dream,"Brother Sun, Sister Moon","[""Donovan""]",2004,Folk,Calm,english,1.9087003810743983
1OwC2fh0xzGNXMMytO5i8G,A Song For Lost Blossoms,A Song for Lost Blossoms,"[""Harold Budd"", ""Clive Wright""]",2008,Electronic,Calm,english,1.7427301683490124
3Ulj4AXe7s1gUZ7iByb9Jy,A Song With No Name,Begin Again,"[""Norah Jones""]",2019,Jazz,Calm,english,1.3207220572858602
4bQQQIRqZVIApD4uMcV81D,A Song With No Name,A Song With No Name,"[""Norah Jones""]",2018,Jazz,Calm,english,1.3308819772590057
1UayaMUzw3Cc6WyBCSCKWM,A Space Boy Dream,The Boy With The Arab Strap,"[""Belle and Sebastian""]",1998,Rock,Calm,english,1.637147512818094
2dhKECegsqntrHpyYdxqD0,A Spark in the Night,Fairy NightSongs,"[""Gary Stadler"", ""Singh Kaur""]",1998,Folk,Calm,english,1.107868831709683
1m756p2LCfYq7uo41Qxv47,A Stutter,For Now I Am Winter,"[""Arn\u00f3r Dan"", ""\u00d3lafur Arnalds"", ""Atli \u00d6rvarsson""]",2013,Classical,Calm,english,1.3359320351708703
6tKPfUs5AV9quPKRmu6A8l,A Sunday Kind of Woman,Behind Closed Doors,"[""Charlie Rich""]",1972,Country,Calm,english,1.4266596810750107
7Bap332AFbO38AQRwZQGnX,A Temporary Fix,Somewhere On The Golden Coast,"[""The Henry Clay People""]",2010,Folk,Calm,english,1.9570789274936733
72y5NnypFMDOYZelYTtnYq,A Thousand Lovers in a Day,"Memories of Love, Eternal Youth, and Partygoing.","[""Future Bible Heroes""]",2013,Folk,Calm,english,2.632895882451164
4SKHxASC1oxixPCROY4T9r,A Thousand Years,Pagan,"[""Cruachan""]",2004,Rock,Calm,english,3.705344717800781
0ltywXjfRCA0aQJMLUcIQm,A Time For Love,Plays For Lovers,"[""Stan Getz""]",2006,Jazz,Calm,english,4.266236697203646
1tcGngzXUdo2ZHcuHhWc9o,A Time for Love,May I Feel,"[""Melissa Walker""]",1997,Jazz,Calm,english,2.3155049056011854
6zgbgoNO80mcbFxGoUjgwM,A Time for Love,Ballads in Blue,"[""Melissa Walker""]",1999,Jazz,Calm,english,2.3155049056011854
5ALMF4Z6a9VUl66LHVHjBl,A Time for Us,"Late Night Tales: Belle and Sebastian, Vol. 2","[""Joe Pass""]",2012,Jazz,Calm,english,1.980546790654514
0o4rDtstPqVLbIDYfuy8Im,A Tisket a Tasket,The Essential Django Reinhardt,"[""Django Reinhardt"", ""Quintette du Hot Club de France""]",2011,Jazz,Calm,english,2.752702043512448
4ZCzqzypxA2g9BkNiDTd9l,A Tisket a Tasket,The Indispensible Django Reinhardt (1949-1950),"[""Django Reinhardt"", ""Quintette du Hot Club de France""]",1979,Jazz,Calm,english,2.752702043512448
4phLeMSVNlAqhM2alla2RY,A Tribute To Our Letter Writing Days,http://itstartshear.com,"[""Peter Broderick""]",2012,Classical,Calm,english,2.814948080416894
0Vx07Bg7XsEFk9jBRotQBu,A True Hero / A Star Is Born,Hercules (Original Motion Picture Soundtrack),"[""Chorus - Hercules"", ""Roz Ryan"", ""Alan Menken"", ""Cheryl Freeman"", ""LaChanze"", ""Vaneese Thomas"", ""Lillias White"", ""Disney""]",1997,Classical,Calm,english,3.2498674962813188
4G8oxVhVHeeMD45gxwuBmS,A Very Precious Love,The Magic Of Doris Day,"[""Doris Day""]",2008,Jazz,Calm,english,3.0120783050658586
5ifY3aHs5mwKh0DDM13DRh,A Wasteland Companion,A Wasteland Companion,"[""M. Ward""]",2012,Folk,Calm,english,1.3014971794771537
46CMj8UINc15HRQz2EK733,A Wasteland Of Memories,Doomsday Afternoon,"[""Phideaux""]",2007,Rock,Calm,english,2.0942393969543063
6AcYLHkLDFn6qcZiPS6xNc,A Whiter Shade Of Pale - Recorded at Spotify Studios NYC,Spotify Singles,"[""Rhye""]",2018,Electronic,Calm,english,1.4742790821838048
6ER8plW4Mae5d5nSATWPD9,"A Whiter Shade of Pale - Live at Fillmore West, 3/7/1971",Live At The Fillmore West,"[""King Curtis""]",1971,Jazz,Calm,english,4.713732008140492
4tiQ7NAMLbDJHkrve9xGGx,A Whole New World,Once Upon A Time: Cherished Songs From Animated Movie Classics,"[""David Huntsinger""]",2009,Classical,Calm,english,1.3883298740736971
5j7TiFsx68gW72EvNFT1st,A Whole New World,Wish Upon A Star,"[""David Huntsinger""]",1994,Classical,Calm,english,1.3883298740736971
1guwzHQFshvW9nLMm4lSwr,"A Whole New World (From ""Aladdin"")",Disney & Pixar Piano Classics,"[""Benny Martin""]",2017,Classical,Calm,english,3.737775917207673
6lTxetsTuooAZfiRrzfUrh,A Worrying Thing,Painful,"[""Yo La Tengo""]",1993,Rock,Calm,english,2.045808961489016
4PYIgRNSuI2WSouKjyCDNT,A Flower Remembered,Rutter: The Gift of Life,"[""John Rutter"", ""The Cambridge Singers"", ""Royal Philharmonic Orchestra""]",2015,Classical,Calm,english,2.946967316187864
7uKgKnoHuAoUtUZElCdD2L,A great and mighty wonder,Carols From Trinity,"[""Michael Praetorius"", ""The Choir Of Trinity College, Cambridge""]",1995,Classical,Calm,english,3.6971009473881935
7dKGvSRU1qkLV4i8BrvvR8,A-Hole,"A Nice Night for an Evening, Vol. 2","[""Bowling For Soup""]",2019,Pop,Calm,english,1.362539861357524
3ZObUg7O8kaNGd3kNuHrnC,A.M. Mourning - 2002 Remaster,Chicago II,"[""Chicago""]",1970,Rock,Calm,english,2.472439519240507
6thHIgCrsZgxuPI8Vndncj,ASSIMILATE,ØF KINGDØM AND CRØWN,"[""Machine Head""]",2022,Rock,Calm,english,2.722254109084074
6juEcdHgjoFrfW6l3haulr,AWOL Marine,Put Your Back N 2 It,"[""Perfume Genius""]",2012,Pop,Calm,english,2.010914186444939
0imvBy3ZrsuBfaYvqBn1Ik,Aad Guray Nameh,River of Light,"[""Ashana""]",2014,Folk,Calm,english,2.3860064030824306
7tuipB1HtepKykFPjKiS8l,Aaron,Huge Chrome Cylinder Box Unfolding,"[""Venetian Snares""]",2004,Electronic,Calm,english,2.013857251111423
7GArRen9XdEf3fhjgi23FC,Abandoned Ship Bells,Summer Make Good,"[""m\u00fam""]",2004,Electronic,Calm,english,2.171753446469608
453C4bjhUOwdDQbqRdVboA,Abbie's Song,Julie Blue,"[""Joe Purdy""]",2004,Folk,Calm,english,2.832514840114355
15SKO5jdUCrXEPoopbkhUq,Abide With Me,Dr. Who - Series 3,"[""BBC National Orchestra Of Wales""]",2008,Classical,Calm,english,2.532771598110199
7CIakvRgfOiyInNTUVcXIq,Abide With Me,Be Still My Soul,"[""Collabro""]",2022,Classical,Calm,english,2.6531654646954017
196W3KKtodGVxOvg6LPOWg,Abide With Me (Eventide),"Hymns of Worship, Vol. 1","[""Joshua David Harris""]",2015,Pop,Calm,english,2.005024844338068
2ORYGiSo73htBNZrM7StVt,Abide With Me (Eventide),Hymns of Worship. Vol. 1,"[""Hymns on Piano""]",2015,Pop,Calm,english,2.0042336863767374
7B87dSMUgWM2Taj0EEXtjp,Abiogenesis,World of Sleepers,"[""Carbon Based Lifeforms""]",2006,Electronic,Calm,english,2.5006345618640284
450rXPOOZnZnku2YBjD34z,Above the Northern Lights,My Little Christmas Tree,"[""Mannheim Steamroller""]",1997,Pop,Calm,english,2.519504210161698
1MAkrBSg1nsFrfcMrQsA5S,Abraham,Seven Swans,"[""Sufjan Stevens""]",2004,Pop,Calm,english,1.655011667801305
2pnPZmizc1DGGZt7ZvMC6e,Absence,Bufo Alvarius,"[""Bardo Pond""]",2010,Rock,Calm,english,3.072551444792992
379iCQUyOKgvK5HCSI7sDu,Absence of Light,the inbetween time,"[""Common Children""]",2001,Rock,Calm,english,2.122969169014856
6CqmencKN0UsB67DzZAP8f,Absent Friend,Hex,"[""Bark Psychosis""]",1994,Rock,Calm,english,0.9489637571823628
5KPOvXB6dc05MlQ6RQKTUa,Accept / Disconnect,The Stories We Tell Ourselves,"[""NOTHING MORE""]",2017,Rock,Calm,english,1.1489771401597226
2V4RxEudkpOuWOgRVgXPTa,Acceptance of My Decay,Sorrow Galaxies,"[""Mutiilation""]",2007,Rock,Calm,english,3.754155849802456
4hnUDd04cdk2O8DEefS9vl,Accidentally,Owen,"[""Owen""]",2001,Rock,Calm,english,2.44648760140852
6icThqW7th8seTaU4A4IMG,Accidentally,Owen,"[""Owen""]",2001,Rock,Calm,english,2.450611368019387
55myuxUE3U3wqHRPLSbBCP,Acknowledge the Confusion Master,Retrospective 1988-1991,"[""Prophecy of Doom""]",2019,Rock,Calm,english,3.0017366193806376
3OUNB3V7H1XmiWqGoRHFwv,"Across The Vast, Eternal Sky",Winter Songs,"[""Ola Gjeilo"", ""The Choir of Royal Holloway"", ""12 Ensemble""]",2017,Classical,Calm,english,2.251888564150073
2h60gK67BdNmnhCxm336N4,Action Figure,Aw C'mon,"[""Lambchop""]",2004,Country,Calm,english,1.1943232637136412
72ImvbimjqSZzT8ftotC9T,Adam / Arr Prizeman: O Holy Night,Angels Sing - Christmas in Ireland,"[""Adolphe Adam"", ""Libera"", ""Robert Prizeman""]",2013,Classical,Calm,english,2.431084961323793
43VaEwM6zXw84oPGJw9bS0,Adam Lay Ybounden,Carols From Cambridge: The Very Best Sacred Christmas Carols,"[""Choir of King's College, Cambridge"", ""Simon Preston"", ""Sir David Willcocks""]",2013,Classical,Calm,english,1.9347186030093064
3ivjnlTGLb5YMYAq0zqsdP,Adam-Ondi-Ahman,Praise to the Man,"[""Traditional"", ""The Tabernacle Choir at Temple Square"", ""Orchestra at Temple Square"", ""Mack Wilberg""]",2008,Classical,Calm,english,1.7065590272558342
5L9bEvb3CdE9LQWe5hAhD2,"Adams: The Death of Klinghoffer, Prologue: Chorus of Exiled Palestinians",John Adams: The Death Of Klinghoffer,"[""John Adams"", ""Kent Nagano"", ""The Opera De Lyon"", ""London Opera Chorus""]",1992,Classical,Calm,english,1.868839155639522
4868YP9ABk6Vjj3JCr8RAm,Adapt Or Die,Recoded,"[""Fear Factory"", ""Zardonic""]",2022,Rock,Calm,english,4.4257874374292845
1fxdSIUrAwrLK5J2uyOwk9,Adeline,RELAXER,"[""alt-J""]",2017,Rock,Calm,english,1.644095922066138
2HCREU2FOhBvZ6xso3wjyA,Adena,Luc's Lantern,"[""William Parker""]",2005,Jazz,Calm,english,1.4383640993708302
52qyVLOrfb520hY5Eqvxho,Adeste fideles (O Come All Ye Faithful),Silent Night: The Greatest Hits of Christmas,"[""John Francis Wade"", ""The Tabernacle Choir at Temple Square"", ""The Columbia Brass and Percussion Ensemble"", ""Jerold D. Ottley"", ""John Longhurst""]",1984,Pop,Calm,english,1.4921386380791453
2FKB4UlXRAzDAhb39REOPJ,Adiós Nonino,Willem-Alexander & Máxima: Music from the Royal Wedding,"[""Astor Piazzolla"", ""Carel Kraayenhof"", ""Concertgebouw Chamber Orchestra"", ""Netherlands Chamber Choir"", ""Ed Spanjaard""]",2020,Classical,Calm,english,2.4265918034171547
2tTpEFuoMMw9DcQ9f2U15x,Admiral Fell Promises,Admiral Fell Promises,"[""Sun Kil Moon""]",2010,Rock,Calm,english,2.311628294217648
0uX5yDULIjZZKhN70bca7l,Adore,Adore,"[""Milky Day""]",2022,R&B,Calm,english,1.6078903207378727
6apXfyezbKwkv6Rr21VI6a,Adrianné,Day Of Fire,"[""Day Of Fire""]",2004,Rock,Calm,english,2.3908436459609788
2KyIZ3w9Wd6fm5wJxzJRYO,Adrift,Circles,"[""V\u00f6k""]",2015,Electronic,Calm,english,1.78790630985688
5YiFOEm338AP2OHprFgHiA,Adrift,Music To Draw To: Satellite,"[""Kid Koala"", ""Emil\u00edana Torrini""]",2017,Pop,Calm,english,1.5759454244540092
4CubHpXunrJKBPr6SLwxKK,Adrift Ambition,On Point and Red,"[""Readymade""]",2001,Rock,Calm,english,1.3670208379526871
527ZCOlgOFXI4rspXLwO60,Adrift in the Ocean,Atma,"[""YOB""]",2011,Rock,Calm,english,3.454357118263038
7u1VsJuujLxq8CEu2NCIug,Adult Nightmares,Outdoor Activities,"[""Cyberbully Mom Club""]",2016,Electronic,Calm,english,2.035923546302341
7KfYLvSzNAy7iJEisQS0Ma,Advanced Falconry,Love's Crushing Diamond,"[""Mutual Benefit""]",2013,Rock,Calm,english,2.593957927466784
49cxDSsPzXYQp6Fjfqcn9Y,Adversaries Mask 1,V,"[""Unearthly Trance""]",2010,Rock,Calm,english,2.75965528881928
6mh9mnYqCpADLrzLnk83Ae,Ae Fond Kiss (Arr. P. Mealor),And so It Goes: Songs of Folk & Lore,"[""Traditional"", ""The Elora Singers"", ""Noel Edison""]",2018,Classical,Calm,english,3.3943989040184657
3UxhRyNkl0bsjGYQ1PtiWD,Aeon XX,Comalies XX,"[""Lacuna Coil""]",2022,Rock,Calm,english,3.020779012173071
1lusH0zFDRV1ThaFYsUgfi,Affection,Affection,"[""Cigarettes After Sex""]",2015,Rock,Calm,english,1.9803409418698643
3uozbmBqY6tB7dQJFtb5l5,Affection,Affection,"[""Cigarettes After Sex""]",2015,Rock,Calm,english,2.0013854079648303
4eVNSHRazoHgfYGv3AYFyZ,Affection,Affection,"[""Cigarettes After Sex""]",2015,Rock,Calm,english,1.99878147197472
51ti2W9mdFkEC1LO1907NM,Affection (Instrumental),North,"[""Sango""]",2013,Pop,Calm,english,2.5459920608100863
4hKRXevAWov7un10qVpWuy,Afraid,Desertshore,"[""Nico""]",1970,Rock,Calm,english,2.5456296801136578
0oAzUSzwmoQYtKsdI20hJn,After Dark Vapours Have Oppressed Our Plains,Seraphine...Far Gone Gleam,"[""Paragon Of Beauty""]",2000,Rock,Calm,english,1.8546822430530427
7wSBST8XGjbNew608FuwsH,After Hours,The Divine Sarah Vaughan: The Columbia Years 1949-1953,"[""Sarah Vaughan""]",1988,Jazz,Calm,english,2.2744282504816926
1iG3Ly86qPEJu8YgXVu7pS,"After Hours - Live At The Family Dog, San Francisco 11-8-69",The Bootleg Series Vol.1 - The Quine Tapes (Live),"[""The Velvet Underground""]",2001,Rock,Calm,english,2.096353954020288
2FzfZLOJnNdhTUAXz4nppI,After I Made Love To You,Ease Down The Road,"[""Bonnie Prince Billy""]",2001,Country,Calm,english,1.5947184120767377
0YlydrfVxIj1jPiKoIzeeb,After Loving You,The Home Recordings,"[""Elvis Presley""]",1999,Rock,Calm,english,2.360650173291818
1uDeYxiH04xpfRigybL0Eo,After Loving You,Platinum - A Life In Music,"[""Elvis Presley""]",1997,Rock,Calm,english,2.3999755229389934
4zd7CE1W3owLswwob7nUAl,After The Goldrush,The King's Singers Collection,"[""The King's Singers""]",2008,Classical,Calm,english,2.376211944750718
1ggH47au252TP4T692rE0T,After The Rain - Digitally Remastered 1999,Nouveau Flamenco (1990-2000 Special Tenth Anniversary Edition),"[""Ottmar Liebert"", ""Stefan Liebert"", ""Jon Gagan"", ""Gary Lyons""]",2000,Folk,Calm,english,2.3558267309075065
5E1VjffqD3zeJq7xxetYbo,After You've Gone,Wild Man Blues,"[""Woody Allen"", ""Eddy Davis"", ""Eddy Davis, The Manhattan Minstrel"", ""Greg Cohen""]",1998,Jazz,Calm,english,2.315098135333941
4b0JSosuyzOJi7W3xycsz1,After the Rain,More Than Words,"[""Kevin Kern""]",2002,Classical,Calm,english,0.8928047290655327
6KMgecbnpK9teQicjeWrmI,After the Rain,In the Enchanted Garden,"[""Kevin Kern""]",1996,Classical,Calm,english,0.8939388381873635
7KZ8eEJd4ZdJn9Z5NlO0Q2,Aftermath,The Namesake (Original Motion Picture Soundtrack),"[""Nitin Sawhney""]",2007,Electronic,Calm,english,1.7939385866849549
2BqBHtCzWNat2xHmHB1NvY,Aftershine,Devour the Sun,"[""Vvilderness""]",2017,Rock,Calm,english,3.00661331610148
7kx8YeVIlBl85ZWppB9rKe,Afterthought,Afterthoughts,"[""Nosound""]",2013,Rock,Calm,english,2.0049064121929523
4gzEXvOyOldVrimfppjTAY,Again,"16 Most Requested Songs Of The 1940s, Volume One","[""Doris Day""]",1989,Jazz,Calm,english,2.4601459144707025
4LsztwzbTCm8RsWrzyjdmM,Again - Version,Versions,"[""Archive""]",2020,Electronic,Calm,english,1.775584663768051
2zB9SMj7JHFNYKO8mXzeTN,Again - Version / Mount Alaska Remix,Versions: Remixed,"[""Archive"", ""Mount Alaska""]",2020,Electronic,Calm,english,1.276748091054653
0FyU9636Sot7nKTYH5JAKg,Against All Odds - Demo,Face Value (Deluxe Editon),"[""Phil Collins""]",1981,Rock,Calm,english,2.052914139700653
5jjH6vi22zsOAV2l7ZjqZx,Age Of Illusion,Age Of Illusion,"[""Die Antwoord""]",2022,Rock,Calm,english,1.900681153917738
17QyLPoSpTDv6ThFqn9Ciw,Barber: Agnus Dei,All Angels,"[""All Angels""]",2006,Classical,Calm,english,3.313984664851496
3yjmiKLvDJzGovCHFDg9WJ,Agnus Dei,Light All Around,"[""The Master's Chorale""]",2009,Classical,Calm,english,2.072244567041335
0WSsJg5iC3i07inzcfTkMS,Agony - Instrumental Version,Into the Woods (Instrumental Songs Version),"[""Stephen Sondheim""]",2015,Pop,Calm,english,2.294266437489927
5PWH1fqTQkFAvyOkZSWlDj,Ahhh Good Country,Danse Manatee,"[""Animal Collective""]",2001,Pop,Calm,english,2.970717833570174
779aAd0rfy6Lviyyrnbn1k,Aileron,Attention Please,"[""Boris""]",2011,Rock,Calm,english,1.664732640808942
6Wg6eAbufahBc75yZVawRh,Ain't Got Time to Die,My Soul's Delight,"[""The Concordia Choir""]",1998,Classical,Calm,english,2.46384297852672
5NSmXAyChqOQoFLxdTNlgP,Ain't It Time,In My Time...,"[""Charlie Musselwhite""]",1994,Blues,Calm,english,2.210110751413124
4QntcN6bnD9iMBTaGYsGdD,Ain't MisBehavin',Swing That Music,"[""Andy azaf"", ""Harry Brooks"", ""Luther Henderson"", ""Thomas Waller"", ""Chuck Daellenbach"", ""Brandon Ridenour"", ""Jeff Nelsen"", ""Shachar Israel"", ""Eugene Watts""]",2009,Classical,Calm,english,1.642103113523793
0R9aF4IUCTTntGFHjdYk4Z,Ain't Misbehavin',The Noble Art Of Teddy Wilson,"[""Teddy Wilson""]",2000,Jazz,Calm,english,1.9565880378608709
3XfdUtpJ8VW1iCMJkxZob2,Ain't Misbehavin',"Drum Face, Vol. 2","[""Zutty Singleton"", ""Fats Waller""]",2002,Jazz,Calm,english,2.32188561147696
5R9lY2HNjRMMnFC2kVUGVW,Ain't Misbehavin',Green's Blues,"[""Benny Green""]",2001,Jazz,Calm,english,2.2538714052767035
4deF9LdK38vS9O5v7DxoGT,"Ain't Misbehavin' (I'm Savin' My Love For You) - (from the musical comedy ""Connie's Hot Chocolates"")",Jazz Vocalists,"[""Fats Waller""]",1997,Jazz,Calm,english,1.5989743285371816
5buyP9nH9G610alCT0cMuL,Ain’t No Grave,Without Words: Genesis,"[""Bethel Music""]",2019,Electronic,Calm,english,1.522713139386858
4qYHnP5AmKzXbJhciPV8si,Ain't No Love In The Heart Of The City - Single Version,Dreamer,"[""Bobby \""Blue\"" Bland""]",1974,Blues,Calm,english,3.0877100318533937
6IfClpDQ5H77Zl0Z9c3oVy,Ain't No Sunshine,The World's Audiophile Vocal Recordings,"[""Christy Baron""]",2006,Pop,Calm,english,2.7236606616328305
6R94filSjiaYuRAw4wXta9,Ain't No Sunshine,I Thought About You,"[""Christy Baron""]",1997,Pop,Calm,english,3.303651533241624
5mIiTLckSGVeapUGohpL70,Ain't Wastin' Time No More - Live,Macon City Auditorium 2/11/72,"[""Allman Brothers Band""]",2004,Rock,Calm,english,2.484027707807876
3wwgAITu88HHBPvacLiJyG,Air à danser,Concert Program,"[""Simon Jeffes"", ""Penguin Cafe Orchestra""]",2011,Classical,Calm,english,1.1063010315914443
12OyMwaCiAyF4N9QuCNXyY,Airbag,True Love Waits (Christopher O'Riley Plays Radiohead),"[""Christopher O'Riley""]",2003,Electronic,Calm,english,1.3130835724293468
2NLLH8KVjVZDKc8NAtE3ok,Airbag,Strung Out On OK Computer: VSQ Performs Radiohead,"[""Vitamin String Quartet""]",2001,Classical,Calm,english,1.82592869463803
2yPypPdaYzHyHaBeRZzNw4,Airborne Ashes,Phoenix: Flames Are Dew Upon My Skin,"[""Eartheater""]",2020,Electronic,Calm,english,3.224413585022467
2rMPWS3edQ8UijUm7n6i2h,Airfield Dream,"First Love, Last Rites Music From The Motion Picture","[""Shudder To Think"", ""Steven Bernstein""]",1998,Rock,Calm,english,2.6665533606613887
1Ne7gkwfVleseDicTsGsr7,Airport Malpensa,思念人之屋,"[""Bobby Chen""]",2000,Pop,Calm,english,2.3641957740642696
4yJN7H5h6VSKsM2H19unaB,Airsick,Quarantine,"[""Laurel Halo""]",2012,Electronic,Calm,english,3.3655616061518727
4xnPjCGQpLMQAJSjhkBh8E,Akimbo,Educated Guess,"[""Ani DiFranco""]",2004,Folk,Calm,english,2.946346814145936
0tDQvJvufLhRTrAh8gfoiz,Aladdin's Lamp,We Got By,"[""Al Jarreau""]",1975,Jazz,Calm,english,2.3951939760497947
2XYGryioOShuZyaV7QVrI2,Aladdin's Lamp,Original Album Series,"[""Al Jarreau""]",2011,Jazz,Calm,english,2.3951939760497947
4cspkprc2aYuMSqBLHR0dm,Aladdin's Lamp,The Complete Reprise and Warner Albums,"[""Al Jarreau""]",2019,Jazz,Calm,english,2.3951939760497947
04nO35rSfc9ZJDh7p3PtQ2,Aladdin: A Whole New World (Arr. A. Soldh),A Whole New World- Disney Favourites,"[""Alan Menken"", ""G\u00e4vle Symphony Orchestra"", ""Alexander Hanson""]",2000,Classical,Calm,english,1.2591247681558704
3TQCzciq8PfujkmzYQrx8B,Alan,No Shape,"[""Perfume Genius""]",2017,Pop,Calm,english,2.600717514519489
5fGWQRe6qCu2GoVw7QB61E,Albatross - Live 1969,Shrine '69,"[""Fleetwood Mac""]",2000,Rock,Calm,,3.507020849725243
52H3EN80OEoWEiZ904WeoU,Albion Moonlight,Modern Country,"[""William Tyler""]",2016,Electronic,Calm,english,1.706134930338021
7JyZlzCLFiwHBuJZcNaVIe,Aldrin,Lapsed,"[""Bardo Pond""]",1997,Rock,Calm,english,3.202797462825528
3YvKy6ameYJBvBNSySa4zv,Alesund,Admiral Fell Promises,"[""Sun Kil Moon""]",2010,Rock,Calm,english,0.7453635434801585
6yro7PoSqXaUJup5oILqg6,Alesund,On Tour: A Documentary - The Soundtrack,"[""Sun Kil Moon""]",2012,Rock,Calm,english,0.652377460300128
10jlKneHg9F3tdYk1mDEPy,"Alexander, City Born",Shakey Graves And The Horse He Rode In On (Nobody's Fool and The Donor Blues EP),"[""Shakey Graves""]",2017,Country,Calm,english,2.723747972297901
5AysBFpD059QBDN4mADPDC,Alexia,Sleep,"[""Kimberly Freeman""]",2009,Folk,Calm,english,2.363302433826347
05tXG94FPwn2w4xQHx1nD5,Alfie,The Look Of Love,"[""Valerie Joyce""]",2001,Jazz,Calm,english,2.3213590484752844
6qteBK75cBqZ3yR6LzX50o,Alfie,Getz For Lovers,"[""Stan Getz""]",2002,Jazz,Calm,english,2.733556022510749
0D92GjYJnuF1or9h2e4csP,Alfred (Haunted),Before We Stand ... We Crawl,"[""Hungry Lucy""]",2006,Electronic,Calm,english,2.7328745485296766
0x1BS7Jb0I6l8YXoUUBUVH,Alice,Alice Through the Looking Glass (Original Motion Picture Soundtrack),"[""Danny Elfman""]",2016,Classical,Calm,english,1.4852677805020362
6tR33K5xRHRSy4v0K78ZOi,Alice In Wonderland,My Favorite Things: Everyone's Jazz Favorites,"[""Lisa Hilton""]",2005,Jazz,Calm,english,1.8716873340433628
4xbhOd2MLaqBylpk2Q4UF9,"Alice In Wonderland - Live At The Village Vanguard, 1961 / Take 1","The Complete Village Vanguard Recordings, 1961","[""Bill Evans Trio""]",2005,Jazz,Calm,english,3.3825902235945327
44hH3We9WZwhS4z4WhrK80,"Alice Reprise #5 - From ""Alice in Wonderland""/Score",Alice in Wonderland,"[""Danny Elfman""]",2010,Classical,Calm,english,2.423829968163923
6xAg1vsK3FXT8i8kD7Di4v,Alice in Wonderland,午夜劇院,"[""Joanna Wang""]",2014,Rock,Calm,english,2.719302114175839
4p7EYvJ6yWEjZDZuguSti7,"Alice's Theme - From ""Alice in Wonderland""/Soundtrack Version",Alice in Wonderland,"[""Danny Elfman""]",2010,Classical,Calm,english,1.554448315996939
3ghjQabwfCPiptK5pAwaId,Alicia's Song,Terrible Things Happen,"[""The Aislers Set""]",1998,Pop,Calm,english,2.684407804003595
1tcbXvN47ROEOUoM6HQ2mG,Alien,Dad?,"[""Whatever, Dad""]",2012,Electronic,Calm,english,3.0576495479279377
6QsP4G4iSXRhzx5h5hzEVe,Alien Boys,A Perfect Dream,"[""Sarah Fimm""]",2002,Electronic,Calm,english,2.5678457028686896
35VfLKymw2iZKWnLTvm8Xv,Alien Observer,A I A: Alien Observer,"[""Grouper""]",2011,Electronic,Calm,english,2.160004020696411
2X1z1P4QjI8McS78cTByc6,Alive,Alive,"[""Kisnou"", ""Tiffany Wiemken""]",2016,Electronic,Calm,english,1.7689311982429892
5bfqofTkh5BTc46nGXuNzA,Alive,72 Minutes of Fame,"[""C418""]",2011,Electronic,Calm,english,1.6001625611432126
4B40jQlBrca1jjdiItvL1d,All,All,"[""Colour Haze""]",2008,Rock,Calm,english,1.578708097155806
1lcqmos4pXKQMR0LNjZaFi,All Alone - Live at The Moore,Above (Deluxe Edition),"[""Mad Season""]",1995,Rock,Calm,english,3.0203359020284126
5XyHaH0iSu8EeEAR3m3tSz,All Apologies,"Vintage Café - Lounge & Jazz Blends (Special Selection), Pt. 8","[""Michelle Simonal""]",2016,Jazz,Calm,english,2.5923318615230744
1UHwEtWHbUn3Y3J7076KxT,All At Once,Luck Of The Draw,"[""Bonnie Raitt""]",1991,Folk,Calm,english,2.589977645368631
4MnrR7TxzlrRB0lEu8nH1j,All Bells in Paradise,Favourite Carols from King's,"[""John Rutter"", ""Choir of King's College, Cambridge"", ""Stephen Cleobury"", ""Parker Ramsay""]",2014,Classical,Calm,english,3.079525632118387
14uPY5GVWbD0sToeLGCYbl,All Blacked Out,What Chaos Is Imaginary,"[""Girlpool""]",2019,Rock,Calm,english,2.1045728155741386
5auYpCiK73BjUDzFE6JEYs,All Boys Believe Anything,Jordan: The Comeback,"[""Prefab Sprout""]",1990,Pop,Calm,english,3.821967827224794
0AQqrtK1pULuwZUXhwaaDz,All By Myself,Eric Carmen,"[""Eric Carmen""]",1975,Pop,Calm,english,1.7931696233907968
4J66e01EF7kRqVQAhwXCsd,All By Myself - Remastered,The Essential Eric Carmen,"[""Eric Carmen""]",2014,Pop,Calm,english,1.786189709693044
6KdMIjuGHFrgxv95LbbnTH,All Creatures of Our God and King,"Hymns of Worship, Vol. 1","[""Joshua David Harris""]",2015,Pop,Calm,english,1.4224501078554856
3TqzcXz5k2SOX6SdjuahoS,All Creatures of Our God and King (Lasst Uns Erfreuen),Hymns of Worship. Vol. 1,"[""Hymns on Piano""]",2015,Pop,Calm,english,1.4216242057043542
4vHN56BfR7toxVuy3LHB9n,All Down The Mines (Interlude),Noonday Dream,"[""Ben Howard""]",2018,Folk,Calm,english,2.5125708571086727
3oQhEEp8dOFQhbn9tGLjRT,All Dressed up in Dreams,100% / Joyce Manor Split,"[""100%""]",2017,Electronic,Calm,english,1.9304111923694305
6npphI0BaYsg0eb6PVobXf,All For One,The Man in the Iron Mask,"[""Nick Glennie-Smith""]",1998,Classical,Calm,english,3.046535785773164
5klrh466oGToybceGHPGAX,All I Ask Of You - From 'The Phantom Of The Opera' Motion Picture,The Phantom Of The Opera (Original Motion Picture Soundtrack),"[""Andrew Lloyd Webber"", ""Patrick Wilson"", ""Emmy Rossum""]",2004,Classical,Calm,english,2.6767857839519125
3kZXPSYZcPn7YsLpPEhtK2,All I Ask Of You - from Phantom Of The Opera,Broadway Musical Melodies,"[""Pl\u00e1cido Domingo""]",2008,Classical,Calm,english,2.660177600438785
0XBX5tmSslpUF0OlzUG498,All I Ask of You,Musical Highlights,"[""Michael Crawford""]",2021,Classical,Calm,english,2.721292605390192
2tS8db7yYcQnk20ivGLcb9,All I Ask of You - Single Album Version,The Phantom of the Opera (Original Motion Picture Soundtrack),"[""Emmy Rossum"", ""Patrick Wilson""]",2004,Classical,Calm,english,3.089977718883325
2Hf9PMwygO0mBTKuJPb5L9,All I Had Was You,All I Had Was You,"[""Paul Moody"", ""The Field Tapes"", ""Kyle McEvoy""]",2020,Electronic,Calm,english,2.1193661595295823
2dGaTvl8v6bp1yvrvioL25,All I Think About Is You,Knnillssonn,"[""Harry Nilsson""]",1977,Folk,Calm,english,1.794833625199935
56kOm6XOm8ukaulC6v5Uxv,All Is Well,The Spirit of the Season,"[""Voctave""]",2016,Folk,Calm,english,3.30343738073247
4i5n7UL5CUduENczxXZ9yY,All Love Can Be,A Beautiful Mind (Original Motion Picture Soundtrack),"[""James Horner"", ""Will Jennings"", ""Charlotte Church""]",2001,Classical,Calm,english,2.795925305419812
5NwpfDSHmNc7gu23GQK5DF,All My Days,Time Without Consequence,"[""Alexi Murdoch""]",2009,Folk,Calm,english,1.9229929562189565
56EWLK7IzCDywaEyXt5rtX,All My Life - Live,Stars of the Apollo,"[""Ella Fitzgerald""]",1993,Jazz,Calm,english,2.727429084530051
3kVYe1DFHuNV9tDlYK259X,All My Love,The Golden Age,"[""American Music Club""]",2008,Classical,Calm,english,1.7433275850954388
7dA7M4kzZ6LJFfk3EGNdxO,All My Mistakes,"Here, just for now","[""gavn!""]",2022,Folk,Calm,english,3.174888149351484
7nTkGz7kHuDZ6frHXk2HEQ,All My Trials,Family Tree,"[""Nick Drake"", ""Gabrielle Drake""]",2007,Folk,Calm,english,2.1201559151580613
7bG3y6yyHvlwUSmGdsSFGY,All Night Long,All This Dancin' around,"[""Triggerfinger""]",2010,Rock,Calm,english,2.360924261290055
6OmOBTxoEYlo0dloio2uIf,All Of Me,Count Basie & His Great Vocalists,"[""Count Basie""]",1995,Jazz,Calm,english,1.3960167795394278
0tnVslKfxcOPUNLM4VTy8z,"All Of You - Live At The Village Vanguard, 1961 / Take 1","The Complete Village Vanguard Recordings, 1961","[""Bill Evans Trio""]",2005,Jazz,Calm,english,1.5957629114922065
7dlXh2WE4U0jX2h62zKKP0,All Other Love,Through a Fogged Glass,"[""Wes Swing""]",2011,Folk,Calm,english,3.163356481393628
5Q0CYIamjBx3Bu8qqsqVIR,All Roads Lead to Perdition,Contagiuum and the Landscapes of Failure,"[""Subterranean Disposition""]",2016,Rock,Calm,english,2.578953431785286
2A0gV6EwhpnI7sbROcx3w3,All Sweet Things,Schoolyard Ghosts (Remaster),"[""No-Man""]",2008,Rock,Calm,english,1.859267779975745
14g4fbWzMDzBv1pItNmBFK,All The Love,Shadows Of The Sun,"[""Ulver""]",2007,Rock,Calm,english,2.4377988385522094
6taoeOcnnHASC1HRRPcoCA,All The Recipes I've Ever Ruined,Why That Doesn't Surprise Me,"[""The Lucksmiths""]",2001,Pop,Calm,english,1.244592849941325
4IVLhmrJ00V9HOJ2Dd6Kbf,All The Things You Are,Out Of Nowhere: Chet Baker Quartet Live,"[""Chet Baker""]",2001,Jazz,Calm,english,4.593296655351679
1kghlqTga41VHJZzuX6PDY,All The Things You Are - Take 1,Piano In the Foreground,"[""Duke Ellington""]",2004,Jazz,Calm,english,1.057656939435059
65zuiPr1pnwvqhh2n38dGH,All The Things You Are - Take 2,Piano In the Foreground,"[""Duke Ellington""]",2004,Jazz,Calm,english,1.191409376697754
0Tn997k4OPDZaT96R1MR8r,All The Way Down,Once (Music From The Motion Picture),"[""Glen Hansard""]",2007,Rock,Calm,english,2.2835220692710694
6c6xJgk6Z7WElX8tRUdjZk,All The World (I Tell Myself),Spark. Burn. Fade.,"[""Correatown""]",2009,Folk,Calm,english,1.6571384759838823
32fS8gyOpkXlvDSOHFRprX,All Things Bright And Beautiful,The Very Best of John Rutter,"[""John Rutter"", ""The Cambridge Singers"", ""City of London Sinfonia""]",2011,Classical,Calm,english,2.838803014973669
1qsbf254dJZZNm6Q8pwjjU,All Those Expectations - Weak Remix,Writer's Block,"[""Peter Bjorn and John""]",2007,Electronic,Calm,english,1.6394927450519488
0o6yyi6T26gvAS1ZINWSSu,All Through The Night,Jerry Christmas,"[""Jerry Douglas""]",2009,Country,Calm,english,1.1718075311112113
3W7dA2Nmos2YMDj4FPpamA,All Through The Night,The Mormon Tabernacle Choir's Greatest Hits - 22 Best-Loved Favorites,"[""David Owen"", ""The Tabernacle Choir at Temple Square"", ""Richard P. Condie""]",1992,Classical,Calm,english,2.356198263504304
5d1rx0yviCQfdh9WJeVtOy,All Through The Night,Greatest Gospel Songs,"[""Perry Como""]",2000,Pop,Calm,english,3.899863887318472
61P4TK0xIXe836V9LPTuJ4,All Through The Night,The Essential Mormon Tabernacle Choir,"[""David Owen"", ""The Tabernacle Choir at Temple Square"", ""Richard P. Condie""]",2006,Classical,Calm,english,2.356198263504304
6pljsBthQo93E9Vv60a2Jw,All Through The Night,Whispering Stones,"[""Al Petteway""]",2006,Folk,Calm,english,1.4901814738251618
1KmORtp0zmZDXk7lR8xUGA,All Through the Night,Cole Porter Collective,"[""New York Swing"", ""Bucky Pizzarelli"", ""John Bunch"", ""Jay Leonhart"", ""Joe Cocuzzo""]",1992,Jazz,Calm,english,0.5591338891109855
3981ukUgpIFlHxO1XzPh6m,All Through the Night,Celtic Crystal,"[""Dean Shostak""]",1997,Classical,Calm,english,1.1004392343849092
1vMid8Pla6ftfkqQb35ezK,All Too Well,"Taylor Swift Piano Tribute, Vol. 3","[""Piano Tribute Players""]",2012,Classical,Calm,english,2.85914284487268
25errEMDSyM2OQitbvhooI,All You Deliver,Veneer,"[""Jos\u00e9 Gonz\u00e1lez""]",2006,Folk,Calm,english,0.6461316932645701
7A0KZhBgOeQVQWAwgACR8t,All Your Saturdays at Once,The New Sounds of Late Capitalism,"[""Star Parks""]",2020,Pop,Calm,english,1.690784095320444
70wdimGRazKChEg7jHoaic,All Your Women Things,The Doctor Came At Dawn,"[""Smog""]",1996,Folk,Calm,english,1.6774403629552823
28gye58sbsqSrN3tWLN1iw,All of Me,Shadows and Wings,"[""Stellenbosch University Choir""]",2017,Classical,Calm,english,2.9599487399504314
12noo8gxeNNZHtZbijANUG,All of Our Love,Magic And Medicine,"[""The Coral""]",2003,Pop,Calm,english,1.332759177631852
1CnjEXoxWTdq9URjQAHuDl,All of You,Denny Zeitlin Trio in Concert Featuring Buster Williams and Matt Wilson,"[""Denny Zeitlin""]",2009,Jazz,Calm,english,4.450626592210719
6CBa52kwsBfLKA5M1HRm8t,All or Nothing at All (with Harry James & His Orchestra) - 78rpm Version,Swing Time! The Fabulous Big Band Era 1925 - 1955,"[""Frank Sinatra"", ""Harry James""]",1993,Jazz,Calm,english,2.211172105970263
5S0IPVU1YCwl3Ykg1OEyLc,All the Glory (Live),All the Glory (Live),"[""Terry MacAlmon""]",2018,Pop,Calm,english,2.125087633691229
5l3nLVmClP7O8nuFbPpCrV,All the Love,Shadows of the Sun,"[""Ulver""]",2007,Rock,Calm,english,2.353389415867814
28vrUkhXBdiicI3gIFKbNA,All the Stars Collide into a Single Ray,All the Stars Collide into a Single Ray,"[""Naxatras""]",2017,Rock,Calm,english,2.31226632686577
3NEZ1F2MBhCzNgOXCMhVaD,All the Things You Are,The Indispensible Django Reinhardt (1949-1950),"[""Django Reinhardt"", ""St\u00e9phane Grappelli""]",1979,Jazz,Calm,english,1.576006519846061
0kgVUnGLhKZOrE8qX40VH2,All the Things You Are (Live),George Benson Shows Us How (Live),"[""George Benson""]",2013,Jazz,Calm,english,4.868837931262325
4nWnWN26mWw6l45yxPwYG0,All the Things You Are (Live),Essential George Benson (Live),"[""George Benson""]",2012,Jazz,Calm,english,4.868837931262325
09BZoj54C9yC9U4Gtm4u7u,All the Way: The Joker Is Wild,Solitaire,"[""Uri Caine""]",2015,Jazz,Calm,english,1.604799055137092
1exqgYDtbhfsZGjhhaY8ID,All the Wild Horses,Rescue Me,"[""Ray LaMontagne""]",2010,Folk,Calm,english,1.9439974676436904
2X5S5NV8Bj4WNTCnur6Ylt,All the Wild Horses,Trouble,"[""Ray LaMontagne""]",2004,Folk,Calm,english,1.5985812739433582
2sP4S6ftQqXg6wRp9K3GPw,All Things Bright and Beautiful,Be Thou My Vision: Sacred Music by John Rutter,"[""John Rutter"", ""The Cambridge Singers"", ""City of London Sinfonia""]",2004,Classical,Calm,english,2.7705914562299445
7EIVvxHg1xd5grweKrj8hp,All things bright and beautiful,Rutter: A Double Celebration,"[""John Rutter"", ""The Cambridge Singers"", ""City of London Sinfonia""]",2014,Classical,Calm,english,2.7705914562299445
7rnHmZmKpPyVzuQxb4Gmcb,All Things Bright and Beautiful,Gloria: The Sacred Music Of John Rutter,"[""John Rutter"", ""The Cambridge Singers"", ""City of London Sinfonia""]",2005,Classical,Calm,english,2.7705914562299445
2jMhklmqW6Qca5G0vYFqx8,Alleluia (feat. Benjamin P. Wenzelberg),Boychoir (Music From The Motion Picture),"[""The American Boychoir"", ""Benjamin P. Wenzelberg""]",2015,Classical,Calm,english,1.649072964328228
0tppozPKt6BsX0NPtwO3d3,Alma redemptoris mater,How Fair Thou Art: Biblical Passions by Giovanni Pierluigi da Palestrina,"[""Giovanni Pierluigi da Palestrina"", ""The King's Singers""]",2016,Classical,Calm,english,3.1121822140602413
2Mb0UmjVuMQ1Pgcyko9dW3,Almost Blue,Chet Baker In Tokyo (The Complete Concert),"[""Chet Baker""]",2019,Jazz,Calm,english,4.181164923422735
5Hp4ukdfczohfEmSxnjk2F,Almost Faded,Maps,"[""Message To Bears""]",2013,Rock,Calm,english,3.0875955726769413
5b9kxNUalGOn3KK9mlPo7H,Almost Fell,Space Is Only Noise,"[""Nicolas Jaar""]",2011,Electronic,Calm,spanish,1.9924822338447183
6fpRZpLwYQeP9FrGzOxECq,Almost Seems (Too Late to Turn),Macalla,"[""Clannad""]",1986,Folk,Calm,english,2.1002132802819724
2zgNelgNmMPrZH0TR26Q30,Aloha,Aloha,"[""The Saxophones""]",2017,Electronic,Calm,english,1.701067088621249
0E57eLWJNrtcSSpsRIiTX0,Alone,Mira,"[""Mira""]",2000,Rock,Calm,english,1.8704484957431209
4h6Sm4MJjyHlBf9ALfuBbn,Alone,Resonance 1 & 2,"[""Anathema""]",1993,Rock,Calm,english,1.5572082607519822
6qyLy8JrnMWtQPaFamBgMD,Alone Foreshadowed Feat. Eric Westbrook,Storiez,"[""Shai Linne""]",2008,Hip-Hop,Calm,english,2.448718848206719
4rhjbP4pfRlDEUtQiK1iZQ,Alone Together,No Comfort,"[""Monolord""]",2019,Rock,Calm,english,1.8517636250720235
6rB7cynRgLHFhykyVJ0peR,Along the Road,Phoenix,"[""Dan Fogelberg""]",1979,Pop,Calm,english,3.3227773653825645
1I3f8tsoYbIPEgQ1TPvJPb,Altogether,Souvlaki,"[""Slowdive""]",1993,Rock,Calm,english,2.0214552293328856
4KnSm0B0r4F5zsB9qsfiUB,Altogether,Souvlaki,"[""Slowdive""]",1994,Rock,Calm,english,2.538685761274998
1AWKuf2YkrtRcikwpD0B2v,Always,The Last Sessions,"[""Patsy Cline""]",1988,Country,Calm,english,2.501782200717854
7oxAQf3CNccVPKg2Ym6aUM,Always On My Mind,Serene Classics,"[""Phil Coulter"", ""J Christopher / M James /W Thompson""]",2014,Folk,Calm,english,1.979667908402181
1Vt4kRdsia6BaOnVjFCQsX,Always Up,Double Negative,"[""Low""]",2018,Rock,Calm,english,1.7796475056183296
69DeqcT0JHp8tnGxboKFqW,Always Up,Double Negative,"[""Low""]",2018,Rock,Calm,english,1.7796475056183296
106ly3ry7bYkUDUKtKOiXa,Always on My Mind,Emotronic,"[""kHz""]",2000,Electronic,Calm,english,2.406190885924803
4euWaopIW4ikRxVbOOWN03,Amanda,Ultimate Waylon Jennings,"[""Waylon Jennings""]",2004,Country,Calm,english,1.1525829800542104
4wX0h5Ywx8oIe94PshTv9o,Amanda,The Essential Waylon Jennings,"[""Waylon Jennings""]",2007,Country,Calm,english,1.958686409435948
0KJaY0iUOU4FZJd80wbsg8,Amazed,Serene Classics,"[""Phil Coulter"", ""Mary Green /Chris Lindsay /Aimee Mayo""]",2014,Folk,Calm,english,2.14251259307632
3qLRYYFiiKo4cKj43KKHD5,Amazing,Moments Like This,"[""Peggy Lee""]",1993,Jazz,Calm,english,3.356837282737464
0WKNW7g0aTpenB8jdsxlfD,Amazing Grace,Merry Axemas - A Guitar Christmas,"[""Jeff Beck""]",1997,Blues,Calm,english,2.1013155243408232
0t8d940ciCiONNHtYztpr5,Amazing Grace,Gospel: How Can I Keep From Singing,"[""Marley's Ghost""]",2004,Country,Calm,english,2.664649393598852
1NXxKrJQBsHXRKSzFMtwVq,Amazing Grace,Wedding Essentials,"[""Traditional American"", ""Walter Barnes"", ""Canadian Brass""]",2006,Pop,Calm,english,2.4493782742915475
1SNWsmmnkTSnjQAxwrvUKR,Amazing Grace,Gordon Mote Sings Hymns and Songs of Inspiration,"[""Gordon Mote""]",2015,Country,Calm,english,1.9597314961642909
3KUZYs4e5WZF05Q0Nnue8N,Amazing Grace,Music of Grace: Amazing Grace,"[""The St Philips Boy's Choir""]",2014,Classical,Calm,english,1.8696851543080204
4lZedizlqxwnbzBo86IpYL,Amazing Grace,Christmas Chants,"[""Gregorian""]",2006,Classical,Calm,english,2.5101014294606103
6tSaln0GO24junEwQot1Q2,Amazing Grace,American Anthem,"[""Traditional"", ""Richard Stoltzman"", ""Irma Vallecillo""]",2001,Classical,Calm,english,2.3839498233766308
6v1cVM4wNSMEhcMMDI0L1k,Amazing Grace,Amazing Brass,"[""Canadian Brass""]",2003,Pop,Calm,english,1.8564298572390967
7J76jTPk3qPz0rpelhuQ0b,Amazing Grace,10 The Good Word Album,"[""Christian Gospel Choir""]",2022,Country,Calm,english,1.5864795091050277
08qNHb1GoIev0Z0QORHOoo,Ambition,The Places Between : The Best Of Doves,"[""Doves""]",2010,Pop,Calm,english,1.5864746173535975
2u9dmkmh7h4134da5A8rP2,Ambulance,Start Here,"[""The Gloria Record""]",2005,Rock,Calm,english,2.0891362486355
2PR6tX6D46FS4BHKKucbVE,America,Video Game,"[""Sufjan Stevens""]",2020,Classical,Calm,english,2.2169804714596664
2cKF1RPtZoQVKMQ5qn0BTK,America,Sugar,"[""Sufjan Stevens""]",2020,Classical,Calm,english,3.561144361635634
39mjm6wt4HJKH9CSEzLxsG,America,America,"[""Sufjan Stevens""]",2020,Classical,Calm,english,2.2309763067505046
4dFBopGP9sJ45bzO1bLzod,America,America,"[""Sufjan Stevens""]",2020,Classical,Calm,english,3.411390904981212
6MP9bWozaCryY3DenzfRbZ,America,The Ascension,"[""Sufjan Stevens""]",2020,Classical,Calm,english,3.4607754969652103
4NUD97a50x6a5XNBsKzrm0,America the Beautiful,The Green Album,"[""Samuel A. Ward"", ""John Williams"", ""Tanglewood Festival Chorus"", ""Boston Pops Orchestra""]",1992,Classical,Calm,english,2.521609142150819
0GLyHJErIqwetOKGtELQOL,American Dream,The Hell You Say,"[""Cory Branan""]",2002,Country,Calm,english,1.3237462278736714
48fXv4xjaf0ETww8JZG91v,Among Angels,50 Words For Snow,"[""Kate Bush""]",2011,Pop,Calm,english,3.053656111065572
5ZH9Uj3YimcQNSR8biOB4E,Among Angels - 2018 Remaster,50 Words for Snow (2018 Remaster),"[""Kate Bush""]",2011,Pop,Calm,english,2.3119001048183754
7jeP8AbC39v01feH8L1BaY,Among His Tribe,Quebec,"[""Ween""]",2003,Rock,Calm,english,2.437136319135572
2pcuIgyTNZz3oa1weyCPX7,Amulets,Skylight,"[""Pinegrove""]",2018,Rock,Calm,english,2.7382775327181053
13gxyxDxRdqMVm18AAUFvc,Amy In The White Coat,Noise Floor (Rarities: 1998-2005),"[""Bright Eyes""]",2005,Folk,Calm,english,2.3126484502323508
738gjDIQk2ghd5w47Plfh0,Amy In The White Coat,Noise Floor (Rarities: 1998-2005),"[""Bright Eyes""]",2006,Folk,Calm,english,2.3126484502323508
56qcATmCesDvNBx7JH1n7S,An Affair To Remember,Bring Back Romance,"[""Ann Hampton Callaway""]",1994,Jazz,Calm,english,2.1655866587934405
3ecWKwYMmiT8SvJBk3ltkx,An Affair to Remember,Sleepless In Seattle: Original Motion Picture Soundtrack,"[""Marc Shaiman""]",1993,Classical,Calm,english,2.3468636247918866
3l1vmTtxmUesloc1gcnq6Z,An Affair to Remember,Look Who's Here,"[""Russell Malone""]",2000,Jazz,Calm,english,2.2744003777269377
4geFViYkA3gldOoICeeTsN,An Angry Blade,The Creek Drank the Cradle,"[""Iron & Wine""]",2002,Folk,Calm,english,1.811817147290281
2YuJ1uhnwrk4ai3GesNGEh,An Endless Beach,Death Stranding (Original Score),"[""Ludvig Forssell""]",2019,Classical,Calm,english,2.543368067193445
6JHN9v6ct7C8w31SYV4iWr,An Uncertain Path,The Banner Saga,"[""Austin Wintory""]",2014,Classical,Calm,english,2.213654663124677
2FuMrZ9EM1nhBwUBhjB9gU,Anam - Remastered,Anam,"[""Clannad""]",1990,Folk,Calm,english,2.2739199749230794
2owLlUexc0pZMIzVgwiR6X,Anam - Remastered,The Essential Clannad,"[""Clannad""]",2012,Folk,Calm,english,2.2852416226831624
1T0XUlI5EITzWMTAydMt3A,Anchor,Life Is Suffering,"[""Into It. Over It.""]",2013,Rock,Calm,english,1.071897653536919
7qH9Z4dJEN0l9bidizW7fq,Anchor,Bathing Beach,"[""Novo Amor""]",2017,Electronic,Calm,english,1.5796155759780326
7EsaamyWJjIukcxQeuWRpd,Anchor's Lament,Gold & Grey,"[""Baroness""]",2019,Rock,Calm,english,1.858119262057539
1BpXQXeWcTY942wFXJtDsF,And Ever,Forever,"[""Cranes""]",1993,Rock,Calm,english,1.7784603949240363
1k0OTdCeI7j1Xq1glC3tex,And Hollow,A Shadow of Memories,"[""Lethian Dreams""]",2020,Rock,Calm,english,2.280874583294412
0EywH5F34ZzVPNU2X3qJdB,And I Love Her,And I Love Her,"[""Roberto Dalla Vecchia"", ""Jim Hurst""]",2018,Country,Calm,english,1.4105308997930297
7x4b0UccXSKBWxWmjcrG2T,And I Love Her,Montage Of Heck: The Home Recordings,"[""Kurt Cobain""]",2015,Rock,Calm,english,2.0053753606264504
1naVD19eofGpFf6wosmHIe,And I Love You So,It's Impossible,"[""Perry Como""]",1987,Pop,Calm,english,1.164661890124138
54ZxvylBdVRSFtUjeR7INX,And So Is Love - 2018 Remaster,Director's Cut (2018 Remaster),"[""Kate Bush""]",2011,Pop,Calm,english,1.169648601578196
0vbku2VnIsrhFIfyUvekaK,And So It Goes - Arr. Bob Chilcott,Gold,"[""The King's Singers""]",2017,Classical,Calm,english,2.888389711653723
2JErckA5eFroTqlPJLUx0D,And Then I Woke Up,And Then I Woke Up,"[""Idealism""]",2019,Electronic,Calm,english,0.6142663612786718
6I6N2ERKhCNNHTcDE9Qzgl,And With Her Came The Birds,Somewhere Along The Highway,"[""Cult Of Luna""]",2006,Rock,Calm,english,2.03003344715762
5bnwQiKGDAYy6rHFUTk8ha,Andromedian Girl,Thank You Neil,"[""Dumbo Gets Mad""]",2015,Rock,Calm,english,1.897776326394857
2ZhNcS483nT74kYdUrzVqA,Angel,Painting Signs,"[""Eric Bibb""]",2001,Blues,Calm,english,2.249170013050269
3MODZam96oIyzopwC2RQrp,Angel,30 Greatest Hits,"[""Aretha Franklin""]",1985,Blues,Calm,english,2.514415358508052
3Flj1HFhzBXGOR25hZ7BMC,Angel Eyes,Ella Fitzgerald: Encore!,"[""Ella Fitzgerald""]",2009,Jazz,Calm,english,2.431647267438568
4pEoF7AVNZrF0QscLqTnQp,Angel Eyes,Ella Fitzgerald - First Lady Of Song,"[""Ella Fitzgerald""]",1993,Jazz,Calm,english,2.3192511127927964
5o4GtEdLgA1qjXHNIzOVjg,Angel Eyes,Balladware,"[""The David S. Ware Quartet""]",2006,Jazz,Calm,english,1.2373226693447017
6W2jdrNueXKrL3VlT7843Q,Angel Of Death - Remastered,The Score 2.0 - An Epic Journey,"[""Epica""]",2017,Rock,Calm,english,1.8431712109809948
5o0xOQhYxr3KqYn4cRE6Ed,Angel Of Music - From 'The Phantom Of The Opera' Motion Picture,The Phantom Of The Opera (Original Motion Picture Soundtrack),"[""Andrew Lloyd Webber"", ""Gerard Butler"", ""Jennifer Ellison"", ""Emmy Rossum""]",2004,Classical,Calm,english,2.438554123638128
5wGQojjKsUepcEAj7qkXNk,Angel Of Music,The Phantom Of The Opera (Original Motion Picture Soundtrack / Deluxe Edition),"[""Andrew Lloyd Webber"", ""Gerard Butler"", ""Jennifer Ellison"", ""Emmy Rossum""]",2004,Classical,Calm,english,3.807136859166176
2tMM5PYVT2PIrX9VoICRG1,Angel Path,Angel Lust,"[""Eartheater"", ""LEYA""]",2019,Electronic,Calm,english,2.2285076960456225
2mHcbk6YQt6xjbgEszZHR2,Angel of Sorrow,Dark Age of Reason,"[""Arcana""]",2010,Electronic,Calm,english,2.0876013073933968
1t5TZU1VQ3v7ZBfZmnhZ3S,Angel's Carol,The Very Best of John Rutter,"[""John Rutter"", ""The Cambridge Singers""]",2011,Classical,Calm,english,2.5539811036329128
0qUKdp7chagYEWaI8JUDcs,Angeles,Shepherd Moons,"[""Enya""]",1991,Folk,Calm,english,2.9311804002549726
3C5KIBAY5sADnl7rXsB2za,Angels And Men,Labyrinth,"[""Juno Reactor""]",2004,Electronic,Calm,english,2.798504970180482
04Ltt13eyajg16r1mgNxmj,Angels We Have Heard on High (Arr. J. Rutter),Christmas Star: A Christmas Festival,"[""Traditional"", ""The Cambridge Singers"", ""John Rutter""]",2013,Pop,Calm,english,2.58596739204088
1oT2SlAqMOiI3qambXM9Rh,Angels We Have Heard on High,Let It Snow: A Holiday Collection (Deluxe Edition),"[""Jewel""]",2013,Folk,Calm,english,2.809845011800048
4qzffHYJkj7OgonJumrPsD,Angels We Have Heard on High,"Christmas Time Is Here!, Vol. 10","[""Bruce Kurnow""]",2015,Folk,Calm,english,1.1667988725754823
5sBXlalW8RpkfTgWRyMisc,Angels We Have Heard on High (Arr. J. Rutter),Christmas Star: Carols for The Christmas Season,"[""Traditional"", ""The Cambridge Singers"", ""John Rutter""]",1997,Pop,Calm,english,2.58596739204088
3ZtqRGAm0Q3hUjRKKGoDeA,Angels We Have Heard on High / Joy to the World,Joe Pass - Six String Santa,"[""Joe Pass""]",2011,Jazz,Calm,english,1.270785713193404
50TCpba1KjNv9Of7ZyeNue,Angels and Sailors,An American Prayer,"[""Jim Morrison"", ""Music By The Doors""]",1978,Rock,Calm,english,4.147515088874667
0LfLXZBY0QC8Mnwu61PDP2,Angels' Carol,The John Rutter Christmas Album,"[""John Rutter"", ""The Cambridge Singers"", ""City of London Sinfonia""]",2002,Classical,Calm,english,2.4477327436529714
0WRJrcE38qdqEO2DCWsAFL,"Angels, from the Realms of Glory",Christmas At Downton Abbey,"[""Choir of King's College, Cambridge""]",2014,Classical,Calm,english,1.4948424597285497
3b8FrA74Tm4y22Zzi01Yk4,Angry Song,Lice,"[""beabadoobee""]",2018,Pop,Calm,english,2.284860973158505
1iKJNDc06jgGJHGG5OfI89,Animus,Soundtracks For The Blind,"[""Swans""]",2001,Rock,Calm,english,3.146566088074883
2U0FiIMm1cbaqeBzI4lA5L,Annaghdown,Behind the Closed Eye,"[""An\u00fana"", ""Michael McGlynn""]",2003,Folk,Calm,spanish,2.375315963381256
4m3jRZFptAhh3d0Qw4r9Vh,Annie,2 Demos,"[""Mac DeMarco""]",2013,Pop,Calm,english,2.964962715134355
2UR6okrLw7jVnp55OidmLu,Annie by the Sea,Tingri,"[""Jonn Serrie""]",2002,Electronic,Calm,english,3.2690184879187565
15JEKNT6VHWa4izcAJBPi3,Annie's Song,The Essential James Galway,"[""John Denver"", ""James Galway"", ""National Philharmonic Orchestra"", ""Charles Gerhardt""]",2006,Classical,Calm,english,1.738778407341011
1LfS8FrCcPcSYjLTd67CVK,Anno Dracula,Iubilaeum Anno Dracula 2001,"[""Theatres Des Vampires""]",2001,Rock,Calm,english,2.177730353476311
4Q3hBLLqwj7qCXtOk4cmIR,Anos Dourados,Live from Studio A,"[""Ana Caram""]",2006,Jazz,Calm,english,2.344372123246027
5tBGO7VSPE97X5uKGW5Tvm,Anos Dourados,20th Anniversary Chesky Records,"[""Ana Caram""]",2006,Jazz,Calm,english,2.516110455165933
7AHmESdJeu8soUE63Z2m0I,Anos Dourados,Rio After Dark,"[""Ana Caram""]",1989,Jazz,Calm,english,2.6305195924316447
7K6xMPtAjTuLPNlJMLf5bS,"Another Brick in the Wall, Pt. 1",The Wall,"[""Pink Floyd""]",1979,Rock,Calm,english,1.7078758941710328
0pd2rl8kTBeZztIoRVbsSM,"Another Brick in the Wall, Pt. 1 - Live",Roger Waters The Wall,"[""Roger Waters""]",2015,Rock,Calm,english,1.8708158586515025
4edSj3AVZvPM7jJkKVRVRT,Another Day,Understudy,"[""Joshua Singh""]",2019,Pop,Calm,english,2.3470460990954485
11Js4EcvYr8jjrVfUxAACN,Another Day Full Of Dread,I See A Darkness,"[""Bonnie Prince Billy""]",1998,Country,Calm,english,2.704344313296577
7gdKHvjjyUfCjT3U2LHbBa,Another Dream,Aviary,"[""Julia Holter""]",2018,Pop,Calm,english,1.7246122427609287
3gh9Zn8nAfJyZqZX3pcwzm,Another Friday Night,Another Friday Night / Hot Heavy Summer / Sister,"[""Ben Howard""]",2018,Folk,Calm,english,1.548583693429766
6IsDBhkH9qp1gz0dNOx0Xg,Another Place,Ghost of Your Guitar Solo,"[""MJ Lenderman""]",2021,Country,Calm,english,2.1964514873124026
54PJ38P2ui6kxcFEfik508,Another Song,Gold Record,"[""Bill Callahan""]",2020,Country,Calm,english,1.161110463340974
19mhXF4spMuo9Ck9UDL5bm,Another Space and Time,My Echo,"[""Laura Veirs""]",2020,Folk,Calm,english,1.924651847534906
7yaWNicyGnOABcsAy9qX8K,Answers - Reprise,Before the Fall: FINAL FANTASY XIV Original Soundtrack,"[""Nobuo Uematsu""]",2010,Classical,Calm,english,2.118938090682396
2l0Bye8zQItfBm8kWd2F0H,Antarctica Starts Here,Paris 1919,"[""John Cale""]",1973,Rock,Calm,english,1.1809477396100985
1Ktm8giomJp1Fb8EI39oHn,Ante Meridiem,Untourable Album,"[""Men I Trust""]",2021,Pop,Calm,english,2.090780453373254
5nlM8Z2ZvVJtP7GjOdsIZh,Antistar - Includes Hidden Track 'LP4',100th Window,"[""Massive Attack""]",2003,Electronic,Calm,english,2.374782876272978
19b7y3GixbPNvxUhND4Gdv,Antlers,Song Islands,"[""The Microphones""]",2002,Folk,Calm,english,1.3770435686203444
3h9HbWH1vb2JZUEimIeR7s,Antonio's Song,Amazonia,"[""Ana Caram""]",1990,Jazz,Calm,english,3.010087470062295
2BiKO6dhlyHIh8BZzfTvVG,Anyone Can Whistle,Side by Side by Sondheim (Original London Cast Recording),"[""David Kernan""]",1976,Classical,Calm,english,3.0142168166933963
3Ej7sYqM5R85UuGcApgH46,Anyone Can Whistle,Anyone Can Whistle (Carnegie Hall Concert Cast Recording (1995)),"[""Bernadette Peters""]",1995,Classical,Calm,english,4.817588679976583
3dygHSr6gI25idXCPJVKsT,Anyway The Wind Blows,Okie,"[""J.J. Cale""]",1974,Blues,Calm,english,4.377200721317144
317ayMXB3EQCUieNoCfoqE,Anywhere Else But Here,Rain,"[""Freedom To Glide""]",2013,Rock,Calm,english,1.5279930609351755
0vDwe7rbzdVeGsfelTTrG5,Aníron,The Very Best of Enya (Deluxe Edition),"[""Enya""]",2009,Folk,Calm,portuguese,1.9776889260118329
6qw62yijhcET5bD5RwkLAz,Aphrodite,Portal of Perceptions,"[""Ishq""]",2009,Electronic,Calm,english,2.2227655067530963
2cQvP3QqaR7oKIEI6gq7Ob,Aphōnos,Scar Sighted,"[""Leviathan""]",2015,Rock,Calm,english,3.354385862516007
6QDLkUE7Py1NHK38nXfZqA,Apocalyptic Essential Misery,Death Requiem,"[""Frowning""]",2020,Rock,Calm,english,3.007265612063031
2v7FTeI6keZtHT9fGtDnqV,Apollo,Downward Is Heavenward,"[""Hum""]",1998,Rock,Calm,english,1.775166301223954
32J1qNU35mYmPBqTVRWY0F,Apothecary Armchair,La Paradinha,"[""Anesthesia""]",2012,Rock,Calm,english,1.4062211844031138
78IysF56eJBTotdLDNaQHn,Apples for the Sun,Interstellar,"[""Frankie Rose""]",2012,Pop,Calm,english,2.7234609844559885
3rEkgHocUFNhVB3b7arnTf,April,A Woman A Man Walked By,"[""PJ Harvey"", ""John Parish""]",2009,Pop,Calm,english,2.106970434810583
6tJwxMPnKJijb7lrClG9RV,April 8th,On Avery Island,"[""Neutral Milk Hotel""]",1996,Folk,Calm,english,3.2397153345369776
33HsxXh684Vwklctx6Agmp,"April Come She Will - Live at Central Park, New York, NY - September 19, 1981",The Concert in Central Park (Live),"[""Simon & Garfunkel""]",1982,Folk,Calm,english,2.677688574112117
0M7YHZJfKplYyWOu9OFcWo,April in Paris,Sinatra Sings His Greatest Hits,"[""Frank Sinatra""]",1997,Jazz,Calm,english,2.7368510787697726
6jViGcoDfDbur0OvYNTJup,April in Paris - 1996 Remastered,Body & Soul,"[""Coleman Hawkins"", ""Manny Albam""]",1996,Jazz,Calm,english,2.1531322419183923
6jOyfC799H2fHgIhUMcIJx,Arabesque I: Andantino con Moto,More of the Most Romantic Classical Music in the Universe,"[""Claude Debussy"", ""Peter Schmalfuss""]",2009,Classical,Calm,english,1.0783431103897192
0tBRHnSHaBCfvKz0SUCsvq,Aracneae,Soundtracks: Capri-Revolution,"[""Apparat""]",2020,Electronic,Calm,english,2.239924408656286
2uWmq9i40xcj0P7FzqO5PR,Arcadia Reprise,Arcadia,"[""Ramona Lisa""]",2014,Pop,Calm,english,2.967078791039289
26RB6btcOib46gCSzWQJsF,Arcane and Misanthropic Projection,Subliminal Genocide,"[""Xasthur""]",2006,Rock,Calm,english,2.4186561516772462
79vd3dY9D1KBymySdOwtCx,Archer on the Beach,Archer on the Beach,"[""Destroyer"", ""Tim Hecker""]",2010,Electronic,Calm,english,3.063528720814187
0cjGJeCeYxNP8duvTxJJDX,Ardaigh Cuan,Omnis,"[""An\u00fana"", ""Michael McGlynn""]",2003,Folk,Calm,english,1.5940038694578624
7gYQHnio4eWfWphMpT8vqa,Are You Really Real?,Garden Party,"[""Ricky Nelson""]",1972,Rock,Calm,english,2.87986616449432
2xBwms9TCrlbVXVO4U0B0S,Are You Shivering?,Пособие для начинающих: Глас сéребра,"[""Coil""]",2001,Rock,Calm,english,1.7221317557372535
3aES7pJIVPX2anIYQUyX3A,Arizona,Ham,"[""The Chap""]",2005,Electronic,Calm,english,1.7580527208516668
2mMngkDuztTiPHH3oQThx8,Armageddon,Forget What You Know,"[""Midtown""]",2004,Pop,Calm,english,2.2062216106802586
7cG8VL8oCbdCp0NxnjWesa,Arms Of Mine,Arms Of Mine,"[""CPRCRN"", ""Shiloh Dynasty""]",2019,Electronic,Calm,english,2.8264032068001423
2qDpzVE7LrDTjSj9SdJTI6,Arms Wide Open,Sipping Beauty,"[""Tom Grant""]",2017,Jazz,Calm,english,1.7494306932199486
56pJ8i437nb17qQniE5KlI,Around My Smile,Bavarian Fruit Bread,"[""Hope Sandoval & The Warm Inventions""]",2001,Pop,Calm,english,2.888786917900622
195FMUr4YuQZEqIFTFQWVv,Around and Around,7 Songs Belfast,"[""Mark Kozelek""]",2012,Rock,Calm,english,1.7545200743331213
2VKwVYtwYMHpPRnUVUGT3R,Art Of Love,Avalon,"[""Ruxpin""]",2003,Electronic,Calm,english,3.927059759344493
1ceIt2wKPof1MErASkf9O2,Artefacts,Vieux Loup,"[""The Acorn""]",2015,Folk,Calm,english,1.6138233737571137
0D46XKOvAZQFdKlC1Swhmm,Arwen's Promise,Arwen's Promise,"[""Eurielle""]",2016,Folk,Calm,english,2.4003433326919907
2xhl1Zk7SfPwWYPntQ84Qo,As He Was,Bagh,"[""Begum""]",2014,Pop,Calm,english,1.9161864004943665
5aa3zpR0XOchlVySF1kzv8,As Long As He Needs Me (Reprise),Oliver! (Original Broadway Cast Recording),"[""Georgia Brown""]",1989,Classical,Calm,english,2.456573251021566
27eL0nziwcBaOaqCbEGzl4,As Real as Rainbows,Aleph at Hallucinatory Mountain,"[""Current 93""]",2009,Rock,Calm,english,3.557641101533225
0l4u295UJm2KkrX2QhwOg6,As The Stars Took Me With 'Em,Amarok,"[""Nargaroth""]",2000,Rock,Calm,english,2.4650864995967035
0idpibOHK9rga4S4ogsBtf,As the Waves Will Always Roll,Dents and Shells,"[""Richard Buckner""]",2004,Country,Calm,english,2.611882591866136
0Cu7Y0HuwzJo91J5amrTsz,As Time Goes By,Without A Song,"[""Willie Nelson"", ""Julio Iglesias""]",1983,Country,Calm,english,2.511273043085487
1ngBHmsDzBCy4zKFrYh68Y,As Time Goes By,As Time Goes By,"[""Tuck & Patti""]",2001,Jazz,Calm,english,2.504844609704357
2OX4777YFwsLeOXUfmyaUE,As Time Goes By,Dream,"[""Tuck & Patti""]",1991,Jazz,Calm,english,2.5425453927768755
2WMSaRlHGpGKeQvQgNvLPA,As Time Goes By,The Best Of Love,"[""101 Strings Orchestra""]",2006,Classical,Calm,english,2.515373935734696
6ExqZT4DoH0hQ2x8plNg2r,As Time Goes By,Pure Tuck & Patti,"[""Tuck & Patti""]",1988,Jazz,Calm,english,2.4383020915315434
7pnp2WzJUuq2pm5oWQOpBm,As Time Goes By,A Little Touch of Schmilsson in the Night,"[""Harry Nilsson""]",1973,Classical,Calm,english,3.0179166778364364
3smF6MKDY40HLFfZhdtn5X,As With Gladness,Carols From Trinity,"[""Konrad Kocher"", ""The Choir Of Trinity College, Cambridge""]",1995,Classical,Calm,english,3.084809276829497
17LF6NvAwm4dUGQBCW9utA,As the Dawn Breaks,Truelove's Gutter,"[""Richard Hawley""]",2009,Folk,Calm,english,2.6180293160564587
3N2jLlxDtAveX2LRxE48Nc,As the Northern Wind Cries,Gryningsvisor,"[""Ofdrykkja""]",2019,Rock,Calm,english,2.0700093205754144
0PpImZYuYzFlt2q9MjTHaV,As truly as God is our Father,Church and Choral Music,"[""William Mathias"", ""Christ Church Cathedral Choir"", ""Stephen Darlington, director""]",1996,Classical,Calm,english,3.6934169346530994
46MN3fZYhRa6D0acfvFOuv,Ashes,Foundations of Burden,"[""Pallbearer""]",2014,Rock,Calm,english,0.8668409054459592
0EU9mI1baaN8gOIdzP6Xd2,Ask Yourself,Closer,"[""Plastikman"", ""Richie Hawtin""]",2003,Electronic,Calm,english,2.896560254392285
3wBGmNnsXvGLiAIhKteKim,Asleep,Fag Patrol,"[""Xiu Xiu""]",2006,Pop,Calm,english,0.7123455457474439
6ylnImVpCCEmXFUD3PZySf,Asleep - 2008 Remaster,The Sound of the Smiths (Deluxe; 2008 Remaster),"[""The Smiths""]",2008,Pop,Calm,english,1.3831707485838651
0qZLurPaeqOVqRehAO1Zca,Asleep - 2011 Remaster,Complete,"[""The Smiths""]",2011,Pop,Calm,english,1.4129786773774329
7LZgdL0MxiElfaKZbuuE4l,Asleep - 2011 Remaster,Louder Than Bombs,"[""The Smiths""]",1987,Pop,Calm,english,1.4129786773774329
7xfhksNyOQoTu67TAm5D1O,Asleep - 2011 Remaster,The World Won't Listen,"[""The Smiths""]",1987,Pop,Calm,english,1.4129786773774329
6dWZyLkdKpd50U4YQQkwYp,Asphixciate,Fall,"[""All India Radio""]",2008,Electronic,Calm,english,2.0618383907030733
4ZFuj9jNw6ghSvIQyJUmlZ,Assassin´s Creed IV - The Parting Glass,The Greatest Video Game Music III - Choral Edition,"[""Traditional"", ""Orphei Dr\u00e4ngar"", ""MOD""]",2016,Pop,Calm,english,1.5090114960750252
2ZPc6vbQFDWWA9J7Rm6ahb,Astral Entrance,Silent Cries And Mighty Echoes (Remastered 2019),"[""Eloy""]",1979,Rock,Calm,english,3.44052101649778
7imyu7tXXhz2XtGKLZIUhw,Astronaut,Devotion,"[""Beach House""]",2008,Pop,Calm,english,1.9746605599829952
6IIdSKVpp3KRacabLfaFlf,At Close of Day (Into That Good Night),Against the Dying of the Light,"[""Hanging Garden""]",2020,Rock,Calm,english,2.395260339478804
1wzJczNkW2BJc1QgYapAMX,At Last,Date With A Dream,"[""Malene Mortensen""]",2006,Jazz,Calm,english,2.408696486230503
5Knohtj8UsTpFZsTCkMZWx,At My Most Beautiful,Up,"[""R.E.M.""]",1998,Rock,Calm,english,1.7828699040099385
6BQyYkHZRBFQGG3Hf6cU30,At Odds With Dr. Genesis,King Shit And The Golden Boys,"[""Guided By Voices""]",1995,Pop,Calm,english,2.542010480823508
5QnjtIv7EJREm0dFVrQr4e,Athair Ar Neamh - 2009 Remaster,The Memory of Trees,"[""Enya""]",1995,Folk,Calm,english,1.6157728971869552
7fZqFXbBrjKpCyE6myDPGp,Atlantis Part I: Prologue,Atlantis,"[""Neograss""]",2011,Rock,Calm,english,1.5312416338661798
4ac0lCflwSqwyEhQizwVVu,Atmosphere,Orwell Court,"[""Gareth Dickson""]",2016,Folk,Calm,english,1.221652361014634
4cfwaaJPRGe5656wWbP73Q,Atmosphere Build Up and Atmosphere,It Started in Rochdale: Step Into the 70s and Beyond,"[""Joy Division"", ""Martin Hannet""]",2009,Rock,Calm,english,2.4748965629567525
4RrNsDREkNm0Afk5FbEO0C,Attack of Titans,Attack on Titan (Original Motion Picture Soundtrack),"[""Shiro SAGISU""]",2015,Pop,Calm,english,2.480653401578837
16hrGG8Qo9J6dHTLFZuVqU,Au milieu des sepultures,Thoughts : 9 Years In The Sanctuary,"[""Dark Sanctuary""]",2005,Electronic,Calm,english,2.1802083342142726
4cP244sWqGdRHkXsJ0PXFF,August March,Sorry for the Delay,"[""Grizzly Bear""]",2006,Pop,Calm,english,2.41707478288061
2KBZ0TWNkZfiaxShlCOMpF,Auld Lang Syne,The Most Fabulous Christmas Album Ever,"[""Guy Lombardo & His Royal Canadians""]",1999,Pop,Calm,english,3.036756463777004
6qbw7RLqjwwlBxNFmxpUJ9,Auld Lang Syne,Swingin' Christmas Party,"[""Guy Lombardo & His Royal Canadians""]",2002,Pop,Calm,english,2.9967014835127563
0xA3y1xXgPslaeDvgR3yDB,Auto-Mobile,Contemporary Movement,"[""Duster""]",2000,Rock,Calm,english,2.194952503728946
6fsJXzxk4bg3pnrvC4HjkF,Auto-Mobile,Capsule Losing Contact,"[""Duster""]",2019,Rock,Calm,english,2.124475834109328
0YUzwMJebgn9TiE6NqLKRu,Auto-Tech Pilot,Bend Sinister,"[""The Fall""]",1986,Rock,Calm,english,1.98325740460845
0pvI3ZbRue0ObpF9ptI2X8,Autumn In New York,The Ultimate Jazz Archive 31 (3 Of 4),"[""Tal Farlow""]",2007,Jazz,Calm,english,2.586443267555931
3G9pKQL2daAyy4BJDz5nAw,Autumn In New York,When Harry Met Sally... Music From The Motion Picture,"[""Harry Connick, Jr.""]",1989,Jazz,Calm,english,1.559088668719535
5u5YkMlodHH1ArFZYgYnGF,Autumn In New York,A Night Out With Verve,"[""Tal Farlow""]",2000,Jazz,Calm,english,1.5453190630070957
4BDDkhZ2eTvZyz4LtSsRVZ,Autumn In Our Town,Indian Summer,"[""Dave Brubeck""]",2007,Jazz,Calm,english,2.3054896695212457
1as81KphEOxPNBthbuzlcx,Autumn Leaves,Clapton,"[""Eric Clapton""]",2010,Blues,Calm,english,1.2892087072508374
4ZXAc6etAQYMEV8fG4R6ZZ,Autumn Leaves,Amour,"[""Jacques Pr\u00e9vert"", ""Johnny Mercer"", ""Joseph Kosma"", ""Natasha Marsh"", ""Fran\u00e7ois-Xavier Roth"", ""London Symphony Orchestra""]",2007,Classical,Calm,english,3.074005348458701
5abzzYDNMuLGVChKzAenAc,Autumn Leaves,The Best Of Love,"[""101 Strings Orchestra""]",2006,Classical,Calm,english,3.017384882452907
6Tr4SCtOhlxfniqTyDztSU,Autumn Leaves,Lumia Nights,"[""Jonn Serrie""]",2001,Electronic,Calm,english,1.629197733795801
6bLy8YiVKRpUzwWZG6lVDq,Autumn Leaves,Clapton,"[""Eric Clapton""]",2010,Blues,Calm,english,1.499397276254696
6kT1lc9DqCGTS50yNcpPgI,Autumn Leaves,Just Me,"[""Clare Fischer""]",1995,Jazz,Calm,english,1.450412708955612
6p856sF8u50TJTZLjhj0U7,Autumn Leaves,Without A Song,"[""Willie Nelson""]",1983,Country,Calm,english,2.508237591519552
6qwAh5EOLbbJaTvh4zTZmF,Autumn Leaves,Always With Me,"[""Jimmy Amadie""]",1995,Jazz,Calm,english,2.046181787144933
7Lt9YCx507jwS9Acj4mo9a,Autumn Leaves,Balladware,"[""The David S. Ware Quartet""]",2006,Jazz,Calm,english,1.6103792106443189
4JFPwOds8TGfManx14jcfR,Autumn Leaves (Live) (Set 2),Live at Art D'Lugoff's Top of the Gate,"[""Bill Evans""]",2012,Jazz,Calm,english,3.0546185601788167
1aUxgteBNduO1wzBLsUnsy,Autumn in New York,Little Song,"[""Sheila Jordan"", ""Tom Harrell""]",2003,Jazz,Calm,english,2.4719383492943066
6A6stupFgx1QL8Z8XxVy7I,Autumn in New York - Original Mix,Se Fatto Tardi,"[""Helen Merrill""]",2014,Jazz,Calm,english,2.277310422345196
2uVt4XBjcv35nDUVtSAFpk,Avalon,Teddy Wilson,"[""Teddy Wilson""]",1978,Jazz,Calm,english,4.598850851321084
4h5MOgoZ1ATLQBtDbSTkoz,Avalon,20,"[""Harry Connick, Jr.""]",1988,Jazz,Calm,english,1.666464683366972
6igisXYSspTGnOewxDzNgx,Avalon Blues,Avalon Blues: The Complete 1928 Okeh Recordings,"[""Mississippi John Hurt""]",1996,Blues,Calm,english,2.828565638446852
7eA6LDdLF7Tnw8cBDxSu0Y,Avalyn I,Just For A Day,"[""Slowdive""]",1991,Rock,Calm,english,3.4114679382767825
7lPjwWKFVxnhWi6xVaLA42,Avant Garde M.O.R.,The Groop Played Space Age Batchelor Pad Music,"[""Stereolab""]",1993,Rock,Calm,english,2.557200563269072
2irtq80Ly8Lqm0TPZ9aB3C,Ave Exitium,The Anthropocene Extinction,"[""Cattle Decapitation""]",2015,Rock,Calm,english,1.99044444844169
0mnRWXUXIXrVAf6bD0giYe,Ave Maria,SONGS OF FAITH,"[""Andy Williams""]",1972,Pop,Calm,italian,2.623706391218014
6zqfI0E86dffJWBXsNWyKw,Ave Maria,Martha Stewart Living Music: Classical Favorites For The Holidays,"[""Charles Gounod"", ""Charlotte Church"", ""Sian Edwards"", ""London Symphony Orchestra""]",2005,Classical,Calm,spanish,2.753709586171688
4c7fwYlFNOZSY75qWWNsaG,Ave Maria - 2016 Version,Voices Of Angels,"[""Celtic Woman""]",2016,Folk,Calm,spanish,3.4004798447444173
5PQHOBtfgWku9knjIK4h48,"Ave Maria, Op. 52 No. 6 - Irwin Kostal Re-Record 1982",Walt Disney Records The Legacy Collection: Fantasia,"[""Irwin Kostal"", ""Disney Studio Orchestra"", ""Disney Studio Chorus""]",2015,Classical,Calm,english,3.1814561762801423
4IyK8htJJzbRjPihpMouWu,"Ellens Gesang III (Ave Maria!), Op. 52 No. 6, D. 839 ""Hymne an die Jungfrau” [Version for Choir]","Catholic Classics, Vol. 4: Catholic Latin Classics","[""Franz Schubert"", ""The Cathedral Singers"", ""Richard Proulx""]",2000,Classical,Calm,italian,2.547424035259661
0T2pXsu2AFuksZGkiMi2Ga,Averroes' Search,Gnosis,"[""Spectral Lore""]",2016,Rock,Calm,english,0.921327992412078
13iZEXCKTO9szoJvhHRo2O,Avincenna,Ardor [Remastered Reissue],"[""Love Spirals Downwards""]",2007,Pop,Calm,english,2.3188679555641047
4ku34r4lEQNCl6b8jVZf0b,Awake,Offertorium,"[""Talsur""]",2017,Rock,Calm,english,3.5116129722795546
2biFuU3fuOXKDkhrmYmUkT,Awake My Soul (feat. Brock Human),Looking for a Savior,"[""United Pursuit"", ""Brock Human""]",2016,Folk,Calm,english,2.6675281529678263
5PPT8gSAf4OrcGIrGOP0cB,Away,Official Bootleg.01.Lyon.France.11.02.99,"[""Neurosis""]",2002,Rock,Calm,english,2.247373006205721
6J2PmyGDb4hfwYuTBRkhvu,Away,Times of Grace,"[""Neurosis""]",1999,Rock,Calm,english,2.6893739816622624
04S8cpBmEkkBf8nDpbM0RD,Away In A Manger,Celtic Christmas,"[""Celtic Christmas""]",2006,Folk,Calm,english,1.0788202155171172
0qGBbyCyLkNIkU3sj0zAGV,Away in a Manger,Carols From Cambridge: The Very Best Sacred Christmas Carols,"[""Choir of King's College, Cambridge"", ""Sir David Willcocks""]",2013,Classical,Calm,english,2.228429888312463
0qQRrUZg7JC2prEOhiQlNO,Away In A Manger,Christmas Celebration,"[""Kirkpatrick"", ""Winchester Cathedral Choir"", ""David Hill""]",1990,Classical,Calm,english,3.592939872415603
5oEGrfx9n2HT1HHIrfWrQr,Away In A Manger,A Christmas Celebration,"[""Celtic Woman""]",2006,Folk,Calm,english,2.69643943356478
4MKfvY4CaL1TED6io95cdd,Away from the Roll of the Sea,Celtic Fairy Lullaby,"[""2002""]",2016,Folk,Calm,english,2.295257747617674
0AOeQkU3Dl6ayAeO0UpfGf,Away in a Manger,Christmas Classics,"[""Traditional"", ""Julie Andrews"", ""Ian Fraser""]",2016,Pop,Calm,english,2.81929394766948
1rN9sFfbRH6g1wp859a649,Away in a Manger,Christmas With Julie Andrews,"[""Julie Andrews""]",1982,Classical,Calm,english,2.8103698367640404
48bq2aSfjuBkWL8N7USXGh,Away in a Manger,Carols From Trinity,"[""William J. Kirkpatrick"", ""The Choir Of Trinity College, Cambridge"", ""Richard Marlow""]",1995,Classical,Calm,english,3.527188892546888
6uo0a4VQsSPUXsqcjAiSwb,Away in a Manger,Mannheim Steamroller Christmas Symphony II,"[""Mannheim Steamroller""]",2013,Pop,Calm,english,1.5059656251047542
3eKrularJqqwkzgxURzRP9,Awkward Silence,halovox,"[""halovox""]",2004,Electronic,Calm,english,2.250138040931144
5vmfcTP2PrxSqwWPa9hdU8,Axioma,Axioma Ethica Odini,"[""Enslaved""]",2010,Rock,Calm,english,4.771495996468718
4NT0jYcNiySj3GWCSArDeC,Azure,Bennett Sings Ellington / Hot And Cool,"[""Tony Bennett""]",1999,Jazz,Calm,english,1.7569456965641348
5iq0Tela3gm73ZW72XZ5dm,Baba O'Riley - ConfidentialMX Remix,"Stranger Things: Soundtrack from the Netflix Original Series, Season 3","[""The Who""]",2019,Rock,Calm,english,1.7767425298372423
19iH884IZnJmET2fsyD06T,Babe - Sweetheart 70's Album Version,Romancing The 70's: Instrumental Hits Of The 1970s,"[""Sam Levine"", ""Jack Jezzro""]",2012,Jazz,Calm,english,1.9289511052806043
4mtvkw5iPoMjvOW6Bif3wH,Babes in Toyland: March of the Toys,"Herbert, V.: Babes in Toyland / The Red Mill","[""Victor Herbert"", ""Razumovsky Symphony Orchestra"", ""Keith Brion""]",1999,Classical,Calm,english,1.497817761995808
4xWqovNRibwFsMl7Osyxhi,Babies On The Sun,It's A Wonderful Life,"[""Sparklehorse""]",2001,Rock,Calm,english,1.9252641582147336
1FZDEJ6flo3wRFwxiEhurL,Baby Plays Around,For The Stars,"[""Anne Sofie von Otter"", ""Elvis Costello"", ""Bengt Forsberg"", ""Paul Whitsun-Jones"", ""Mats Schubert"", ""Magnus Persson""]",2001,Classical,Calm,english,2.686407165440087
2F1VeSXA1EIRq0bx37OUTz,Baby Please Don't Go,Frett'n The Blues,"[""Lightnin' Hopkins""]",2000,Blues,Calm,english,4.911513914432223
3OAHl0CeaycHR2cE5gGylv,Baby Please Don't Go,"The Gold Star Sessions, Vol. 1","[""Lightnin' Hopkins""]",1990,Blues,Calm,english,3.1437859287556056
5l6fBI5XSDgaW5yynOb2yM,Baby Please Don't Go,Bad Mouthin',"[""Tony Joe White""]",2018,Blues,Calm,english,1.734050985080125
4ydU4l3AgBznkxXpM3nXNb,Baby's First Morning/What Is a Baby/La La Lu,Walt Disney Records The Legacy Collection: Lady and the Tramp,"[""Oliver Wallace"", ""Peggy Lee""]",2015,Jazz,Calm,english,2.2467179099822783
4gkyJAmyBDjC0DBBihvUEn,"Baby's First Morning/What Is a Baby/La La Lu - From ""Lady and the Tramp""/Soundtrack Version",Lady and the Tramp,"[""Oliver Wallace"", ""Peggy Lee""]",1997,Jazz,Calm,english,2.45149033860908
0GNOV2aEFqS3qOXfQEhEuq,Babylon,Love In The Time Of Lexapro,"[""Oneohtrix Point Never"", ""Alex G""]",2018,Electronic,Calm,english,1.4887044609077482
39gtHuJRIWxzgDjKIZt5FC,Babylon,Love In The Time Of Lexapro,"[""Oneohtrix Point Never"", ""Alex G""]",2018,Electronic,Calm,english,1.5050053473921172
5eVtAVl6aJjnUBATObOXBG,"Bach, JS: Herz und Mund und Tat und Leben, BWV 147: Chorale. ""Jesu, Joy of Man's Desiring"" (Arr. Balsom for Trumpet, Choir and Organ)","Jubilo - Fasch, Corelli, Torelli & Bach","[""Johann Sebastian Bach"", ""Alison Balsom"", ""Tom Etheridge"", ""Choir of King's College, Cambridge"", ""Stephen Cleobury""]",2016,Classical,Calm,english,2.434208385883295
7Eles2wtDyJX8TsykmQESG,Back Home Again,Take Me Home: A Tribute To John Denver,"[""Low""]",2004,Rock,Calm,english,0.8023477907820168
5c3LEQ9imCHLkqXnxY2Gpf,Back Porch,Bufo Alvarius,"[""Bardo Pond""]",2010,Rock,Calm,english,2.8585789736187683
7mJSUy5aoaNiFUbqjt3YMw,Back Shredder,AVVOLGERE,"[""True Widow""]",2016,Rock,Calm,english,3.4987515318539137
6E59ljVX0peiUOd3yvNAxC,Back To The Rivers Of Belief: Way To Eternity / Hallelujah / The Rivers Of Belief,MCMXC a.D.,"[""Enigma""]",1990,Classical,Calm,english,3.0465612570091176
00fBo2XrJAC0nTD0fOlxvT,Backdrops,Let Your Hands Be My Guide,"[""Chantal Acda"", ""Nils Frahm"", ""Peter Broderick"", ""Gyda Valtysdotti"", ""Shahzad Ismaily""]",2013,Classical,Calm,english,2.21667296495923
5tNDMkDb3F8lIznA2iIf1e,Background Of Malfunction,Not So Brave,"[""Flux of Pink Indians""]",1997,Rock,Calm,english,1.89123781095251
1p3S5vP4dX7q1ouxZoc9Fu,Bad Crumbs,Danse Manatee,"[""Animal Collective""]",2001,Rock,Calm,,3.048002658730084
4SnAxz59cBbI3GCTXYTGr4,Bad Nauheim Medley: I'll Take You Home Again Kathleen / I Will Be True / It's Been So Long Darling / Apron Strings / There's No Tomorrow,Platinum - A Life In Music,"[""Elvis Presley""]",1997,Rock,Calm,english,1.643874450905281
17k5FWUNMI1ux47GrME5hS,Bad Things,Pre Millennium Tension,"[""Tricky"", ""Martina Topley-Bird""]",1996,Electronic,Calm,english,3.0666725570255986
4qaxeVzW69AqS6HHeMZaYC,Bag End,The Lord of the Rings: The Fellowship of the Ring - the Complete Recordings,"[""Howard Shore""]",2001,Classical,Calm,english,1.7160197069328396
1Q4oN2cVrGX16AElGnUZHO,Bales (Of Flesh),Longing,"[""Bell Witch""]",2012,Rock,Calm,english,2.854863693133895
4AasmNFkl3KTCsOdV65Qti,Bake Sale,If You Can't Fly,"[""David Roth""]",1999,Folk,Calm,english,2.2581434470808155
5Ru6WUaV3Zn5fjfGO97U7P,Balance Her In Between Your Eyes,Space Is Only Noise,"[""Nicolas Jaar""]",2011,Electronic,Calm,english,1.8765759822535144
1V1yoMRbHySOWPFXUwwMie,"Bali Ha'I - From the Musical Production ""South Pacific""",Today & Yesterday,"[""Perry Como""]",1993,Pop,Calm,english,2.716885444197502
6C2NvedsvSz4lsOfTceJFb,Balm of Gilead,Balsams,"[""Chuck Johnson""]",2017,Electronic,Calm,english,2.9734289931412032
1djOLgkg5lUINwsfquQqqI,Balnaa-Kheil the Bleak,Rain Upon the Impure,"[""The Ruins Of Beverast""]",2009,Rock,Calm,english,3.031687570514466
113dw8kaFLjjIOSHz63Nib,Baltic Ice: Breaker,White-Out Conditions,"[""bel canto""]",1987,Pop,Calm,english,2.405836826604717
4eZXXMTEnDPldIBmEWQcGM,Balulalow,Boychoir (Music From The Motion Picture),"[""The American Boychoir""]",2015,Classical,Calm,english,1.1264692910574177
61jeN03zCngIarQr9KHugD,Banners,Suitcase 3: Up We Go Now,"[""Guided By Voices""]",2009,Pop,Calm,english,1.6000971887447857
3ysLhaaz1zXoGW2SuH3Mlf,Barbara Allen,"Joan Baez, Vol. 2","[""Joan Baez""]",2006,Folk,Calm,english,2.678182279004479
3cVTB0m0RSQkHJxiFqFkLk,Barcelona,Side by Side by Sondheim (Original London Cast Recording),"[""Julia McKenzie"", ""David Kernan""]",1976,Classical,Calm,english,2.393755594489297
5bl5CW0WwrrxkvYCxfG0Ve,"Barnaby, Hardly Working",Genius + Love = Yo La Tengo,"[""Yo La Tengo""]",1996,Pop,Calm,english,2.216601158315914
6QyQRQ39cdIvMMXa7bKo5X,Barreling Towards Nowhere Like There's No Tomorrow,Rivulets,"[""Rivulets""]",2002,Rock,Calm,english,1.948010223459696
50FngVxM0HyiD6XwYT0VCA,Barrytown,Sun Mountain,"[""Walter Becker"", ""Donald Fagen""]",2007,Pop,Calm,english,1.7867910677652434
6iwpuQW0yzcJ8WVIKm5Ybh,Bathroom Quickie,Quickies,"[""The Magnetic Fields""]",2020,Folk,Calm,english,1.95335947938708
00I94fqVKbf0DptCDh21E6,Bavarian Fruit Bread,Bavarian Fruit Bread,"[""Hope Sandoval & The Warm Inventions""]",2001,Pop,Calm,english,2.1804911540672625
5aSH85s8cpUSknGvHT6LFn,Bay of Skulls,Admiral Fell Promises,"[""Sun Kil Moon""]",2010,Rock,Calm,english,1.101768181890948
0IfV8vpJxjbh0pxDMDIMq9,Be,Masters of Chant: Chapter III,"[""Gregorian""]",2002,Classical,Calm,english,2.998770555150248
0p0ujpOMH6aHPKtY5jLs4l,Be My Light,Camelot (A Starz Original Series),"[""Mychael Danna"", ""Jeff Danna""]",2010,Classical,Calm,english,2.3635081437806726
3Vp076JUk22B8A6eHcZbwd,Be Quiet And Drive - Far Away,VSQ Performs Deftones,"[""Vitamin String Quartet""]",2006,Classical,Calm,english,2.2798121221636616
2QjTibXP8OUDGiuApKxwzz,"Be Still, My Tongue",Orbit,"[""Snorri Hallgr\u00edmsson""]",2018,Classical,Calm,english,1.1184169536184885
03zTah9AbbHjulAZiLPWAc,"Be Still, O My Soul",I Have A Dream (It Feels Like Home),"[""The City Harmonic""]",2011,Rock,Calm,english,2.6127808713068106
2FBd3ruW1khDYLs4oVFQ7g,Be Thou My Vision (Arr. Christopher Willcock),Abide with Me: A Treasury of Classic Hymns,"[""Traditional"", ""David Evans"", ""Christopher Willcock"", ""Mary E. Byrne"", ""Eleanor Henrietta Hull"", ""The Choir of Trinity College, Melbourne"", ""Jonathan Bradley"", ""Michael Leighton Jones""]",2006,Classical,Calm,english,2.2897879297540324
68SyHgUiQQ9U5HynjGdpvp,Be True - Burial Remix,Re:Call to Mind,"[""Commix""]",2010,Electronic,Calm,english,3.6404980498302297
01fc5SaKy5XLlvQrxiKpHE,"Be True, Be True Blues","Complete Recordings, CD C","[""Charley Patton""]",2002,Blues,Calm,english,1.2485260292794746
1hJvk7UCRKFO9MkdfeecJh,Be the Moon,Wenn Der Regen Fällt,"[""Aura Hiemis""]",2020,Rock,Calm,english,1.6667939976049264
1tNj8qlGzIGGCHH25wZxAe,Be Thou My Vision,Be Thou My Vision: Sacred Music by John Rutter,"[""John Rutter"", ""The Cambridge Singers"", ""City of London Sinfonia""]",2004,Classical,Calm,english,2.38611300342832
5NcAfS3vGniifg4MmNujyD,Be Thou My Vision (Arr. J. Rutter for Choir & Orchestra),Rutter: Te Deum & Other Church Music,"[""John Rutter"", ""The Cambridge Singers"", ""City of London Sinfonia""]",1990,Classical,Calm,english,2.38611300342832
5iCGG8C9JM2aDPEt7gOibx,Be thou my vision,Rutter: A Double Celebration,"[""John Rutter"", ""The Cambridge Singers"", ""City of London Sinfonia""]",2014,Classical,Calm,english,2.38611300342832
43cOiuGlEBCFGvfNFTNVWo,BeCarefulUpThere,BreathingExercise,"[""surrenderdorothy""]",2018,Hip-Hop,Calm,english,1.7590154005316607
0Om3Y8qtC563a9zQP9N5sh,Beach Party Tonight,Summer Sun,"[""Yo La Tengo""]",2003,Pop,Calm,english,1.3814578933833963
7L8lXMsUjO7WF1a0zSWwVe,Beach Towers,Suitcase 2,"[""Guided By Voices""]",2005,Pop,Calm,english,4.229452600944676
0pI94mNGqzsMgGdwPXXfT1,Beale Street Blues - Remastered 2002,Walk Right In (When the Sun Goes Down series),"[""Alberta Hunter""]",2002,Blues,Calm,english,2.028729404675559
26LhRX14NVlUUp2J3NuPYd,Beast For Thee,Superwolf,"[""Bonnie Prince Billy"", ""Matt Sweeney""]",2005,Country,Calm,english,2.503715634445669
2qetFd6w1tHmxY2Fffoi8E,Beast For Thee,When We Are Inhuman,"[""Bonnie Prince Billy"", ""Bryce Dessner"", ""eighth blackbird""]",2019,Classical,Calm,english,2.139455228809906
12iOM7n1XHIdxK1fRBJMs7,Beat,Beat,"[""Bowery Electric""]",1996,Rock,Calm,english,1.986210702781928
1YduyAYE0FECHZkg6WxUxe,Beautiful,Mandy Patinkin Sings Sondheim,"[""Mandy Patinkin""]",2002,Classical,Calm,english,2.6028936452768585
2Ike61tcQmICaagD7cpiVR,Beautiful,A Hero Will Rise,"[""Future World Music""]",2012,Classical,Calm,english,3.0256438548515154
47ZTqPgefAROYCjFxmVPJH,Beautiful,Bitter,"[""Meshell Ndegeocello""]",1999,R&B,Calm,english,1.83769402817382
4tV5WsYZdsZZfbhhMcOEzs,Beautiful,Sunday in the Park with George (Original Broadway Cast Recording),"[""Barbara Bryne"", ""Mandy Patinkin""]",1984,Classical,Calm,english,2.578886345978996
5a47arnQ93CC6YncgQASF2,Beautiful,Sunday in the Park with George (Original Broadway Cast Recording),"[""Barbara Bryne"", ""Mandy Patinkin""]",1984,Classical,Calm,english,2.6503540259956666
1G2WbBKs5lhr37biC3g00x,Beautiful Drug,Radio Retaliation,"[""Thievery Corporation""]",2008,Electronic,Calm,english,2.5359755060260847
7B43eogpwMNMPIfa5yNs9M,Beautiful Drug,Radio Retaliation,"[""Thievery Corporation""]",2008,Electronic,Calm,english,2.5359755060260847
1d42wCFvKPTZDCa82EYkoA,Beautiful Girl,Gold In The Shadow,"[""William Fitzsimmons""]",2011,Folk,Calm,english,1.783232418657228
20uM0XClhB6PYrlFrZSMsG,Beautiful Girl,Beautiful Girl,"[""William Fitzsimmons""]",2011,Folk,Calm,english,1.798937423762312
1oqVKCWU0nbBlRGQPThKSn,Beautiful Moons Ago,New Standards,"[""John Pizzarelli""]",1994,Jazz,Calm,english,2.870659839966165
6tqHKpZwkPxABHugucmbYo,Beautiful Times,Beautiful Times,"[""Two Ways"", ""Tiffany Wiemken""]",2016,Electronic,Calm,english,2.5972005150464272
048lsEvAt0yhLp6wmUvImI,Beauty,Silence Is Sexy,"[""Einst\u00fcrzende Neubauten""]",2000,Rock,Calm,english,6.773560079946199
2VRNkdYbYUAOAcw71IqPBx,Because,Love,"[""The Beatles""]",2006,Rock,Calm,english,2.9820181491357887
59kaqg4KYif7Yipofl5mfJ,Because She Was,Everything Is Good Here / Please Come Home,"[""Angels Of Light""]",2003,Rock,Calm,,3.7338653377905247
39eZUAZ5NqlXWqkPpCfOU9,Bed Is For Sleeping,Superwolf,"[""Bonnie Prince Billy"", ""Matt Sweeney""]",2005,Country,Calm,english,1.3723430411098556
7gzkIJoMbqQaEfkpMdJMfB,Bedouin's Vigil,Split,"[""OM""]",2006,Rock,Calm,english,2.620494870092197
3ojrraGKgqdEH6n106URxS,Bedside Of A Neighbor,In My Time...,"[""Charlie Musselwhite""]",1994,Blues,Calm,english,2.7924579941785934
1NQQweFBedruR20kXQQ55R,Bedtime Stories,Sleeping Patterns,"[""Anomie Belle""]",2008,Electronic,Calm,english,2.0183178238982693
0CCyA5Wuw8G9Mq6uTqbOyH,Been Smoking Too Long,Family Tree,"[""Nick Drake""]",2007,Folk,Calm,english,3.1019085493837464
4Ll6Y1ZCOriOR1Xj6slcZB,Been a While,Before You Go,"[""Jhove""]",2020,Electronic,Calm,english,1.397949523465103
2MN5Zc7CzP4m7wTboE7och,Beers Before the Barbican,Damaged,"[""Lambchop""]",2006,Country,Calm,english,1.6655384213111764
6dpOVafK1DeIjTIgpVpIgW,Bees,Birds In The Ground,"[""Eiafuawn""]",2006,Rock,Calm,english,2.244516723936887
56hKJuhkgcKnaiKEPxZqKH,Before I'm Done,Underneath The Pine,"[""Toro y Moi""]",2011,Electronic,Calm,english,2.0741940664078315
4AbFXpmDVAxYCyRbXgW4jT,Before You Go,Hearts of Palm,"[""Idaho""]",2000,Rock,Calm,english,2.045054830331672
4l0LmQMTjPa85tVFCZoAuB,Before the War,Neraida,"[""Dna""]",2015,Electronic,Calm,english,2.471227619096853
34tUYitjh9hKE8G8x9HtUJ,Begin the Beguine,Great American Songbook,"[""The King's Singers""]",2013,Classical,Calm,english,2.575508810590813
1eitn9IMUINu44UZfSrszH,Beheaded,Beheaded,"[""Bedhead""]",1996,Rock,Calm,english,1.2744289816935386
0TlciUGvrvxZwO7GSALNcB,Bein' Green,The Playground,"[""Tony Bennett"", ""Kermit the Frog""]",1998,Jazz,Calm,english,4.875396371294094
34xNUQwuKLFaJBasbuWsqK,Bel Air,Future Days (Remastered Version),"[""CAN""]",1973,Rock,Calm,english,2.4598894939635065
0NsZTLp6GW802lIVfLMbjt,Belgium,"A Nice Night for an Evening, Vol. 1","[""Bowling For Soup""]",2019,Pop,Calm,english,1.7161157831096912
4v6ezJbR1EbzlJPSul1rCD,Belief,Official Bootleg.02.Stockholm.Sweden.10.15.99,"[""Neurosis""]",2003,Rock,Calm,english,2.6941581489085342
4vVE8YDntxjT0gld4bdd4x,Belle,In Between Dreams,"[""Jack Johnson""]",2005,Rock,Calm,french,1.966808442102428
3gZLvp9VKl0S96S2Rv81xk,Belle De Jour,Grace for Drowning,"[""Steven Wilson""]",2011,Rock,Calm,english,2.6459192440415493
76PQHVUcZPv8OmUCRV0Wi7,Belonging,Gigi's Recovery,"[""The Murder Capital""]",2023,Rock,Calm,english,2.6839066500121307
3pcc5i4J7FCGiDzYeq8IHd,Below the House,Below the House,"[""Planning For Burial""]",2017,Rock,Calm,english,2.018153752230904
3IbEzXqoHgI7ytbx2OAA1e,Bending the Violet,A Great Divide,"[""Suspyre""]",2007,Rock,Calm,,2.625687033607244
3BDtp1a36UNXzMZH4LEf9a,Beneath The Mask,Longing,"[""Bell Witch""]",2012,Rock,Calm,english,2.177578218107528
0GmZelLBwEpnGnErBvSl9f,Benediction,313,"[""Phideaux""]",2006,Rock,Calm,english,2.850948426690539
4PESTvUqj4u5BLBRdznTTv,Benediction,I Have A Dream (It Feels Like Home),"[""The City Harmonic""]",2011,Rock,Calm,english,1.5669017589861105
7D1itOjQcugk7ya7C15AuX,"Benedictus - Live at Lincoln Center, New York City, NY - January 1967","Live From New York City, 1967","[""Simon & Garfunkel""]",2002,Folk,Calm,english,4.37662650683836
0UL980sIRsp2tF7EtcNCoR,Benfica,Tomboy,"[""Panda Bear""]",2011,Rock,Calm,english,3.3237243753522154
1m6FdJTIAV35ph0USHPod6,Benjamin,The Grime And The Glow,"[""Chelsea Wolfe""]",2010,Rock,Calm,english,1.7818936522079727
7BSMSvK0WxrDeI98bswYa8,Berlin,Dawn,"[""RY X""]",2016,Folk,Calm,english,2.221704799954937
1qw1vJVzCL9RwNg5xJCOZn,Berlin - Live at St. Ann's Warehouse,Berlin (Live at St. Ann's Warehouse),"[""Lou Reed""]",2008,Rock,Calm,english,2.5104106490694087
42em26T2Cw2cbEW17GKGpA,Berlin: White Christmas,Libera: The Christmas Album (Standard Edition),"[""Libera"", ""Robert Prizeman""]",2011,Classical,Calm,english,2.471924409378423
3xkc7v8K9Ctkhh2OjAX0mW,Berliner Messe: Kyrie,Part: Arvo Part - A Portrait (Kimberley),"[""Arvo P\u00e4rt"", ""Elora Festival Singers"", ""Elora Festival Orchestra"", ""Noel Edison""]",2005,Classical,Calm,english,3.428080267233252
4enprG5PBbjVRGqAf4wb73,Berliner Messe: Kyrie,Part: Berliner Messe / Magnificat / Summa,"[""Arvo P\u00e4rt"", ""Elora Festival Singers"", ""Elora Festival Orchestra"", ""Noel Edison""]",2004,Classical,Calm,english,4.29938016638418
77A5mKz70kQRtCS6e985RM,Berth,Evening Machines,"[""Gregory Alan Isakov""]",2018,Folk,Calm,english,2.643853677624441
4UfG6Jv9bXncw7oHwqyyA3,Best Thing That Ever Happened,Transformers: Age of Extinction (Music from the Motion Picture),"[""Steve Jablonsky""]",2014,Classical,Calm,english,2.085421330177657
01Y9mLUV83le1imZxSMGRu,Betrayal,Jesus Christ Superstar (20th Anniversary London Cast Recording (1992)),"[""Paul Nicholas"", ""Keith Burns"", ""Jesus Christ Superstar Ensemble (1992)""]",1992,Classical,Calm,english,2.893521472290413
7puCiBLOOXgMVPSCrtSQ6C,Better Way,Watchhouse,"[""Watchhouse""]",2021,Country,Calm,english,1.7065612183561352
3HLvdezCLWNBiMXBQaV2Zm,Betty And Dupree,Brownie and Sonny: The Giants of the Blues,"[""Brownie McGhee"", ""Sonny Terry""]",2006,Blues,Calm,english,1.4970816302233585
5PWWuVITa0SC49EFqyF8e8,Between Sleipnir's Breaths,Life Metal,"[""sunn O)))""]",2019,Rock,Calm,english,2.618677281798456
52Bg6oaos7twR7IUtEpqcE,Between The Bars,Either/Or,"[""Elliott Smith""]",1997,Folk,Calm,english,1.5636197218243688
1YyRRRrgFCCkVSBsQ3Pc0P,Between Two Mysteries,Wind's Poem,"[""Mount Eerie""]",2009,Folk,Calm,english,1.5207256894524492
3mtIUX9LrCpIUiAAv9SD4a,Between the Bars,Either/Or,"[""Elliott Smith""]",1997,Folk,Calm,english,1.568593913937549
4TFbScYxFMz52oVhlIPxxS,Between the Bars,Either/Or: Expanded Edition,"[""Elliott Smith""]",1997,Folk,Calm,english,1.4050196255252962
7BhZDvzJV21Dd5bY9xvtII,Between the Bars,Either/Or,"[""Elliott Smith""]",1997,Folk,Calm,english,1.568593913937549
6x3ZLMKZNK4F9HQmTLw1Pm,Between the Devil and the Deep Blue Sea,Lee Wiley Sings the Songs of Rodgers & Hart and Arlen,"[""Lee Wiley""]",1986,Jazz,Calm,english,1.9211128280575271
7a1BrZjQgDV9wlNuj3U1nM,Bewitched,Modern Art,"[""Art Pepper""]",1988,Jazz,Calm,english,2.767033776216881
3cKh09w6EAEaf2rPVu3EsI,Bewitched (with The Mellomen) - 78 rpm Version,Doris Day's Greatest Hits,"[""Doris Day"", ""The Mellomen""]",1987,Jazz,Calm,english,2.532187475623101
0jqNPlXLVAbk47FXPT7csZ,"Bewitched, Bothered and Bewildered",Great American Songbook,"[""The King's Singers""]",2013,Classical,Calm,english,2.533968272333879
1vWptKib55mzmWChD46Xzj,Beyond The Reef,The Very Best of Arthur Lyman - The Sensual Sounds of Exotica,"[""Arthur Lyman""]",2006,Pop,Calm,english,1.789785988931409
25XZq3fSycAvBrzGbClLnC,Beyond The Sea (La Mer) (feat. Stéphane Grappelli) - Remastered 2002,Djangology (feat. Stéphane Grappelli),"[""Django Reinhardt"", ""Quintette du Hot Club de France"", ""St\u00e9phane Grappelli""]",2002,Jazz,Calm,english,0.9199821408331564
6mU2NPcVM7QYorkCb19Uxo,Beyond the Sunrise,Fold Your Hands Child You Walk Like a Peasant,"[""Belle and Sebastian""]",2000,Classical,Calm,english,1.7843129525212904
3lOLxD88zIrsdGeffyh3uq,Beyond the Candles Burning,Moon in the Scorpio,"[""Limbonic Art""]",1996,Rock,Calm,english,3.109404739647967
5dtVIAeVJ9Xw5x3DdYzQVZ,Beyond the Scale of Comprehension,Pulse (Remastered),"[""Front 242""]",2003,Electronic,Calm,english,1.7878530739618663
5AUKPyWnV1zdDfmHk3ODYH,Beyond the Sunrise,"Fold Your Hands Child, You Walk Like a Peasant","[""Belle and Sebastian""]",2000,Classical,Calm,english,1.7843129525212904
3ElfRTsK4VaH13dt9mItSa,Bible Belt,Atavist (Deluxe Version),"[""Otep""]",2011,Rock,Calm,english,2.493734351916416
0TXlQ1aVuZlfyCUBQCuVGK,Big Chief,Fess Gumbo,"[""Professor Longhair""]",1996,Blues,Calm,english,2.8702002095801538
6bT3d7TTVO1UW56rvWleJP,Big Church [megszentségteleníthetetlenségeskedéseitekért],Monoliths And Dimensions,"[""sunn O)))""]",2009,Rock,Calm,english,3.2264312967889373
22Ff1mPDh7MP3BQsZQT1Vj,Big Country,Left Of Cool,"[""B\u00e9la Fleck and the Flecktones""]",1998,Country,Calm,english,1.7153002764779162
0azh8Cxn6sUDdyXDBE9qUk,Big Day Coming,Painful,"[""Yo La Tengo""]",1993,Pop,Calm,english,1.9577981100449269
3LslBdXSdbpjlQsXAG4Gbg,Big Day Coming,Painful,"[""Yo La Tengo""]",1993,Pop,Calm,english,1.9281403376673816
54E1yhVFrp12vLwrJTTHOn,Big Day Coming,Extra Painful,"[""Yo La Tengo""]",2014,Pop,Calm,english,1.9281403376673816
0wI5ALZggXrIg6v7hnHpOV,Big Let Down,Big Let Down b/w Make Up Your Mind,"[""Damien Jurado""]",2002,Folk,Calm,english,1.6707775188965013
6Brl1KblZxDsOSgEuSHBuO,Big Light,A Quiet Darkness,"[""Houses""]",2013,Electronic,Calm,english,0.9508803290774256
1GjnyYlCmnn0s3brq6WLtZ,Big Night Blues,The Complete Classic Sides Remastered: Chicago & Richmond 1929 Disc D,"[""Blind Lemon Jefferson""]",2002,Blues,Calm,english,5.954121595284233
6xJ6qQWOTD8RFa0UWywzxr,Big Rock Candy Mountain,"Woody Guthrie, Pete SeegerAnd Leadbelly - The Original Folkways Recordings","[""Pete Seeger""]",2006,Folk,Calm,english,2.8058971182951224
75WyzhWLm777NPaOpggVr1,Big Rock Candy Mountain,In Memoriam - Burl Ives,"[""Burl Ives""]",2006,Pop,Calm,english,1.944311428047217
5ZPxedxzsiuJY8AQvYpXSd,Big Science,Big Science,"[""Laurie Anderson""]",1982,Pop,Calm,english,1.6752420343224932
6UDyuAWmQzFqqVKkwGrycP,Bilbo's Last Song,Lullabyes and Goodbyes,"[""John Ronald Reuel Tolkien"", ""Donald Swann"", ""Cantabilie - The London Quartet"", ""Malcolm Martineau""]",2005,Pop,Calm,english,2.534613529066359
0sqTbKKlWnIzsS1PwAcK9k,Billy's Blues,The First Songs,"[""Laura Nyro""]",1973,Folk,Calm,english,2.6049692869998093
5cG5NElX0vn3PzBoktcdp4,Binnorie (the Twa Sisters),"Larue, Custer: Daemon Lover (The)","[""Traditional"", ""Custer LaRue"", ""Baltimore Consort""]",1993,Folk,Calm,english,2.8698861671216083
0YoFBbV5RvxjKwTscuYCgO,"Bird Song - Live at Springfield Civic Center Arena, Springfield, MA 10/21/1972",30 Days of Dead 2012,"[""Grateful Dead""]",2012,Rock,Calm,english,2.481693362611517
7mqD5PNGCskLhDWIurXmAT,Bird on the Wire,The Best Of Leonard Cohen,"[""Leonard Cohen""]",1987,Folk,Calm,english,2.343689341801958
76m9qTSWvcVVhyC3JW7tnY,Birthday Song,Grid of Points,"[""Grouper""]",2018,Rock,Calm,english,1.9035330044648464
2I9LhidNNRRLKFKzIU9pkg,Bittersweet Symphony,Dream On,"[""Scala & Kolacny Brothers""]",2004,Classical,Calm,english,2.064018788753063
22D2mi36jbPXlTxQR7qzPf,Black - William Orbit Mix,Remixed,"[""Sarah McLachlan"", ""William Orbit""]",2003,Electronic,Calm,english,1.4636568468408813
6l2iPJLC7jWhXy7eS8Zo70,Black Butterfly,The Water Is Wide,"[""Charles Lloyd""]",2000,Jazz,Calm,english,1.110459657042441
6UOaThrcCkUk5WF6OAJMBf,Black Dog on the Beach,Shepherd in a Sheepskin Vest,"[""Bill Callahan""]",2019,Country,Calm,english,1.104188216143416
0L8eoY0aowP2C2tZO6SRbm,Black Gal Blues - 1996 Remastered,The Bluebird Recordings 1937-1938,"[""Sonny Boy Williamson I""]",1997,Blues,Calm,english,2.347266764725649
5ubGCfW9FqlybyXA5AuNzf,Black Is The Color Of My True Love's Hair,In Concert,"[""Joan Baez""]",2006,Folk,Calm,english,4.811667600572955
1tTP97bEUWJbWno11LSdss,"Black Is the Colour of My True Love's Hair - Live at Philharmonic Hall, New York, NY - October 1969",Black Gold (Expanded Edition),"[""Nina Simone""]",1970,Jazz,Calm,english,4.697086526328294
4bWKH6GQsobf4dNhZcAtFo,Black Kite,Among The Leaves,"[""Sun Kil Moon""]",2012,Rock,Calm,english,1.8602540235862888
25Uu8F4HN4bX9PwAkmro9n,Black Night,The Best Of Charles Brown: Driftin' Blues,"[""Charles Brown""]",1992,Pop,Calm,english,2.149160949931871
1fi9Y0Mc7VM8zIj7xbQuxb,"Black Peter - Live at the Spectrum, Philadelphia, PA, September 21, 1972","Dick's Picks Vol. 36: The Spectrum, Philadelphia, PA 9/21/1972 (Live)","[""Grateful Dead""]",2005,Rock,Calm,english,1.4343857125618007
06gXUZPP9sROHigs40BHI8,Black Seed Sown,Black Seed,"[""Nazxul""]",2017,Rock,Calm,english,3.4768544611032786
1ReWNlicO7RM1uII4NNHLf,"Black Swans,",Memorandum,"[""Lacrimas Profundere""]",1999,Rock,Calm,english,2.203889191000441
0mSFo4nY5AO6JhSa7j5lU5,Black Void,From the Graveyard,"[""1782""]",2021,Rock,Calm,english,1.664995772704407
1DdozYtludypufyeWvmp6G,Black Waters,Kentucky,"[""Panopticon""]",2012,Rock,Calm,english,2.266727191897364
2t0A2I54rh4pHw64QyqCt5,Black Widow,The Brothel,"[""Susanne Sundf\u00f8r""]",2013,Pop,Calm,english,2.251715276678468
7mEtTwyAYAvvdAeEfeNkfU,Black is the Colour of My True Love’s Hair,Invisible Stars: Choral Works of Ireland & Scotland,"[""Desmond Earley"", ""Mark Waters"", ""The Choral Scholars of University College Dublin""]",2015,Classical,Calm,english,2.910354322977005
75t7p5EKLTg2YZd8QKonGF,Black to Comm,Black to Comm,"[""MC5""]",1994,Rock,Calm,english,2.3894687167586
1f2FG92ST7eDxIhLTI2sJN,Black widow,The Brothel,"[""Susanne Sundf\u00f8r""]",2010,Pop,Calm,english,2.558068429773044
17cM81hfII3mg92PagnOMm,Come Sunday,Dick Hyman Plays Duke Ellington,"[""Dick Hyman""]",2012,Jazz,Calm,english,2.3763870479796263
2ZyU8CQHDDiI8MPfJh9k6R,Blackbird,Blackbird - The Beatles Album,"[""Milo\u0161 Karadagli\u0107""]",2016,Classical,Calm,english,1.256511658762421
0DiwteTBKNrcWW0w6RcS9c,Blackbird - Live,10 Years Solo Live,"[""Brad Mehldau""]",2015,Jazz,Calm,english,4.294093603090284
2VZZf2ncLJqc1qalxWAYxr,Blackthorn,Celtic Twilight 4: Celtic Planet,"[""An\u00fana""]",1997,Folk,Calm,english,1.769463728718161
1ZNhB643M9YYHGTkDC4YMi,Blame It On My Youth,"R.S.V.P. (Rare Songs, Very Personal)","[""Nancy Wilson""]",2004,Jazz,Calm,english,2.538632825939144
1i6PhtGyfiWmnDg6BBaigZ,Blame It on My Youth,"The Art of the Trio, Vol. 1","[""Brad Mehldau""]",1997,Jazz,Calm,english,0.7516647797633855
4ufYrcVbD6Fhy3XzmJ2vCa,Blane: Have Yourself A Merry Little Christmas,Peace [Luxury Edition],"[""Libera"", ""Robert Prizeman""]",2010,Classical,Calm,english,2.742185670809016
2UZ5SN7Fxb6gNhBkuLILHz,Blank Air,Blank Air,"[""The Notwist""]",2012,Rock,Calm,english,2.113537105575336
6egHDEI4pmVcxSovddPTFG,Bleeder,Me and Armini,"[""Emil\u00edana Torrini""]",2008,Electronic,Calm,english,2.005026053582978
29HKs0JQzllJHnuSdvnGSz,Bless The Lord,Liederen Uit Taizé,"[""Taiz\u00e9""]",2008,Classical,Calm,english,2.776532813772775
3j1w09Hib5zX0Rdwh2Ykqu,Blessed Assurance,Come Sunday,"[""Charlie Haden"", ""Hank Jones""]",2012,Jazz,Calm,english,3.91210678289841
3IiqwtvVLMrbZ2FfFFgmYw,"Blessed Assurance, Jesus Is Mine (Arr.by SEJ)",Piano Solo Hymn 7,"[""JHCmusic"", ""EJ""]",2018,Hip-Hop,Calm,english,1.9288533930892608
3btwg9GXc9ChWXydsI68RF,Blessing And Descent Of Goddess Bridget,The Moors,"[""The Moors""]",1998,Classical,Calm,english,2.8709287141484814
2OV7DANwPJEjfj29KLybbI,Blindfolds,Eulogy,"[""Vaultry""]",2017,Rock,Calm,english,1.983337694773455
6c9KujgoNdYe7Sh7pXvitJ,Blood Bank,Aquarium Drunkard's Lagniappe Session,"[""The Mountain Goats""]",2018,Folk,Calm,english,1.4230081926310802
0EZGM7abckLbQOw9XkjGAj,Blood Embrace,Superwolf,"[""Bonnie Prince Billy"", ""Matt Sweeney""]",2005,Country,Calm,english,1.920088909267578
2d9qZjFUgqKgdmsPKLu8GX,Blood Promise,The Great Annihilator (Remastered),"[""Swans""]",2017,Rock,Calm,english,2.5323919783810043
3teZqfTEvc4ggsp30D1Lnt,Blood Promise,Great Annihilator,"[""Swans""]",1995,Rock,Calm,english,2.897080512317852
6kFMLRoYwTAnS9sY4dEaft,Blood Wedding (St. Bartholomew's Day 1572),"The Revenge of the Horned One, Pt. II","[""Countess""]",2002,Rock,Calm,english,2.9812492572665734
2wi3sZ0rTHJBdLVcniIDjR,Blood on the Bunny,The Bunny Boy,"[""The Residents""]",2008,Rock,Calm,english,2.656977504887295
0Ls7jF5BtBFLjz5cKxwvRp,Bloodcraving,Yonkers Death,"[""Mortician""]",2007,Rock,Calm,english,2.879063801739893
5nY10JCUJBQbVgPT29fNa1,Bloom,Leaving Time,"[""Leaving Time""]",2021,Rock,Calm,english,3.547970732750615
35gOBHiW25p82Lpwb2V1xH,Blossom - Demo,Blossom (Demo) / Be Seeing You,"[""Soccer Mommy""]",2019,Pop,Calm,english,1.6144893848908122
3V6RXfIWuTpAlBkx5uaPbQ,Blot (I'm Gonna Crawl) - Rough Mix,In Through the out Door (Deluxe Edition),"[""Led Zeppelin""]",1979,Rock,Calm,english,2.197550998163109
1k21aDaKLnaiEbf5qGwJx5,Blow the Wind Southerly,Kathleen Ferrier - A Tribute,"[""Traditional"", ""Kathleen Ferrier""]",2003,Classical,Calm,english,2.396950069254385
41maymqDXL28GnZamkJ0GS,Blowing In The Mind,Songs,"[""John Maus""]",2006,Electronic,Calm,english,2.3085826793306663
3HrXjGe8LIV4YnBQCfrEiA,Blown-out Joy From Heaven's Mercied Hole,He Has Left Us Alone But Shafts Of Light Sometimes Grace The Corner Of Our Rooms,"[""Silver Mt. Zion""]",2000,Rock,Calm,english,2.310800729289035
5KbSis1RvF2ZiOfxNWnd8d,Blown-out Joy From Heaven's Mercied Hole,He Has Left Us Alone But Shafts Of Light Sometimes Grace The Corner Of Our Rooms,"[""Silver Mt. Zion""]",2000,Rock,Calm,english,2.177968439491147
0nMLFFEWEaaWTezsXTERB5,Blue,Copacabana (The Original Motion Picture Soundtrack Album),"[""Barry Manilow""]",1985,Pop,Calm,english,3.7140682423215177
2wo4RLY71AqWYWPCgI1ow4,Blue Bird,Through The Devil Softly,"[""Hope Sandoval & The Warm Inventions""]",2009,Pop,Calm,english,2.09404667532563
34oRN9NqGLPCrnC7SGrLZa,Blue Bucket of Gold,Carrie & Lowell,"[""Sufjan Stevens""]",2015,Classical,Calm,english,2.5597206112265893
0LFdbAyFKOxGhnTmeYgBe1,Blue Butterfly,Serotonin II,"[""yeule""]",2019,Pop,Calm,english,3.040367672344204
4ayJJQMhFUhzr05eGLXSwU,Blue Chaise,From Our Living Room To Yours,"[""The American Analog Set""]",1997,Rock,Calm,english,1.1138686885372868
76gxh4jsfOa9ltEKs9QDDV,Blue Chalk,Heart Under,"[""Just Mustard""]",2022,Rock,Calm,english,2.976095512561825
4NaUF1PSPrp6vUQ2TewbND,Blue Eyed Drug,Drunk In the Daylight,"[""Koffin Kats""]",2008,Rock,Calm,english,1.844204384646732
6iD43G1wtScGQdPKi8wPBt,Blue Gil,Suitcase - Failed Experiments and Trashed Aircraft,"[""Guided By Voices""]",2000,Pop,Calm,english,1.7397640992769134
5YB64mima6l9dzrPNxoAaf,"Blue Hawaii - Live at The Honolulu International Center, Hawaii January 12, 1973 - Rehearsal",Aloha from Hawaii via Satellite (Legacy Edition),"[""Elvis Presley""]",1973,Rock,Calm,english,2.014885635524214
2b4Hp0F1gQDLSODUR85az3,Blue In Green,The Lost and Found,"[""Gretchen Parlato""]",2011,Jazz,Calm,english,1.3659230107238054
3BdHMOIA9B0bN53jbE5nWe,Blue Light,So Tonight That I Might See,"[""Mazzy Star""]",1993,Rock,Calm,english,1.5042479658120824
3J6J8LIASdTNJGcpfejDdS,Blue Lullaby,Blue Lullaby,"[""BE""]",2016,Jazz,Calm,english,3.915348447921767
3FzHthWlrio05Vu9vRNWLL,Blue Melody,Tales And Dreams,"[""Kwoon""]",2006,Rock,Calm,english,3.0783366120750784
47Yann2RUKWbjSIIjQadiC,Blue Moon,Sunrise,"[""Elvis Presley""]",1999,Rock,Calm,english,1.7530688814337618
5DIwnmaaxVvrAStUgvpt68,Blue Moon,The Very Best Of Julie London,"[""Julie London""]",2006,Jazz,Calm,english,2.5074939658764537
48OYeHjQk9VlosBxeDBxnN,Blue Moon (Take 5),A Boy From Tupelo: The Complete 1953-1955 Recordings,"[""Elvis Presley""]",2017,Rock,Calm,english,2.0375176398438533
0R5PmxE2luY6zIci9s3ZOv,Blue Moon (Takes 1-4),A Boy From Tupelo: The Complete 1953-1955 Recordings,"[""Elvis Presley""]",2017,Rock,Calm,english,1.5133149589691992
44O8zA7Ttsi0kh9WHxLtGJ,Blue Moon (Takes 6-8),A Boy From Tupelo: The Complete 1953-1955 Recordings,"[""Elvis Presley""]",2017,Rock,Calm,english,2.0088622179038493
70u0k0yAzw0D2OWYF73SN1,Blue Moon - Alternate Take,Platinum - A Life In Music,"[""Elvis Presley""]",1997,Rock,Calm,english,2.2739532877804707
2cJi3r94aJlPRtGjrzu4Sr,Blue Moon - Take 9/M,A Boy From Tupelo: The Complete 1953-1955 Recordings,"[""Elvis Presley""]",2017,Rock,Calm,english,1.660195473560229
3XAJ7tzBIJMU7UDx7TybAN,Blue Moon - Take 9/M,A Boy From Tupelo: The Complete 1953-1955 Recordings,"[""Elvis Presley""]",2017,Rock,Calm,english,2.681250344378358
48bioxqTp51LJJ9oXg4WHg,Blue Moon - Take 9/M,Suspicious Minds: 60 Greatest Hits of Elvis Presley,"[""Elvis Presley""]",2020,Rock,Calm,english,1.6574382518545363
4QvlTnOTLacKr4W2vXK1Oq,Blue Moon - Take 9/M,Burning Love: 40 Greatest Hits of Elvis Presley,"[""Elvis Presley""]",2020,Rock,Calm,english,1.6574382518545363
6GMloSgcyuuZRNoSovYywj,Blue Noses,Meeting Of The Waters,"[""Animal Collective""]",2017,Rock,Calm,english,2.158097938608265
5ekwtzxeMTBnzsVTsIeJYH,Blue Orchids,April,"[""Sun Kil Moon""]",2008,Rock,Calm,english,2.169954246974105
1QxqERY7i6HApGtZTyZGlp,Blue River,Blue River,"[""Eric Andersen""]",1972,Folk,Calm,english,1.455458911258926
43nWz8DXkhccTES6Z6j05f,"Blue Room - From the MGM Picture ""Words and Music""",Today & Yesterday,"[""Perry Como""]",1993,Pop,Calm,english,2.61965952215231
3oQEYEjWTV2SWHQeqtSd4C,Blue Skies,20,"[""Harry Connick, Jr.""]",1988,Jazz,Calm,english,1.870548662715373
3p25tuVDtTfchOmaYTryeZ,Blue Skies,Songs of Love,"[""Jim Reeves""]",1975,Country,Calm,english,1.679245756952622
6hwFYokKsYcft5VzwRcLP3,Blue Skies,Willie Nelson - 16 Biggest Hits,"[""Willie Nelson""]",1975,Country,Calm,english,1.4281242387296784
6ecG5Am0TRxn0uwZBQHA3L,Blue Tango,The Leroy Anderson Collection,"[""Leroy Anderson""]",1988,Pop,Calm,english,2.1502920044997507
61IyPXnWUB4BHzc6bpfUuF,Blue Velvet,Blue Velvet,"[""Houston Person""]",2001,Jazz,Calm,english,2.1896703610219723
4qSBtYTPlRqFeaBO1jL4EV,Blueberry Frost,Nothing for Juice,"[""The Mountain Goats""]",1996,Folk,Calm,english,1.9648837130163013
1FsfU72Q4tq1AfBpdZ43G4,Bluebird Of Happiness,Spoon And Rafter,"[""Mojave 3""]",2003,Rock,Calm,english,1.8956956423638824
1ka3vvE6F833KSyDGNL99m,Bluebird of Happiness,Spoon and Rafter,"[""Mojave 3""]",2003,Rock,Calm,english,1.9287326981572988
2tjlBFz6rEXDsAq3RqlCqo,Blues,Best Of Bert Jansch,"[""Bert Jansch""]",2005,Folk,Calm,english,2.2053185312857853
7Aa6V2GoHlz9FiDEQUdyGW,Blues Run The Game,Family Tree,"[""Nick Drake""]",2007,Folk,Calm,english,2.151671713469397
3bZ0HlMgIfveh0tyUtly7c,"Boat Trip - Live @ Biltmore Cabaret, Vancouver BC, 5/10/12",Spine Hits (Expanded Tour Edition),"[""Sleepy Sun""]",2012,Rock,Calm,english,3.092843198317262
60LQTQC8nkZZsOXROV6c3D,Boats Against The Current And Daisy's Theme,The Orchestral Score From Baz Luhrmann's Film The Great Gatsby,"[""Craig Armstrong"", ""The Bryan Ferry Orchestra""]",2013,Jazz,Calm,english,2.6158320534513395
0EDuw3Ts4viErjIjBmovf9,Body And Soul,"The Art Tatum Solo Masterpieces, Vol. 1 [Original Jazz Classics Remasters]","[""Art Tatum""]",2013,Jazz,Calm,english,1.368177725088821
2VHhcsJVeRkiP79tlz8uTn,Body And Soul,Getz For Lovers (Deluxe Edition),"[""Stan Getz""]",2022,Jazz,Calm,english,2.333393147935411
2eZmDZYJCvbiiUe9GZH34t,Body And Soul,Stomping At The Savoy,"[""Teddy Wilson""]",1987,Jazz,Calm,english,1.1966892556292985
50TyVgrfi3vEGj4s8qNC7S,Body And Soul,Ballad Essentials,"[""Kenny Burrell""]",2005,Jazz,Calm,english,0.8804563053186357
0uw6LcSNn3eylz4lgEBiTJ,Body and Soul,Body & Soul,"[""Erroll Garner""]",1991,Jazz,Calm,english,2.2202274681779333
17b17PUxRY0yaEhIRLcks6,Body and Soul,Jazz Sexy,"[""Christy Baron""]",2003,Jazz,Calm,english,2.2537064596362173
3mOly824dIUeLYS6OLreq8,Body and Soul,Retrospective,"[""Christy Baron""]",2001,Jazz,Calm,english,2.378398993917658
441pKOAIbnxQg8NtfMYEg1,Body and Soul,I Thought About You,"[""Christy Baron""]",1997,Jazz,Calm,english,2.4567066498389463
4xOddn8kZXMLlVEDpV9WwR,Body and Soul,Piano In the Foreground,"[""Duke Ellington""]",2004,Jazz,Calm,english,2.071921493605928
1HFH42zpP16v8uD7PPFDYG,Body and Soul - 1999 Remastered - Take 3,"Solos, Duets, & Trios","[""Edward Heyman"", ""Robert Sour"", ""Frank Eyton"", ""John Green"", ""Duke Ellington"", ""Jimmie Blanton""]",1990,Jazz,Calm,english,1.221845234962102
6QZW0N2jDQuX8ii5oIymPB,Body and Soul - 1999 Remastered - Take 3,Never No Lament: The Blanton-Webster Band,"[""Duke Ellington"", ""Jimmie Blanton""]",2003,Jazz,Calm,english,1.486115826109258
7yIAN1EK0wF3xL8cn3UwTE,Bohemian Rhapsody (feat. The Royal Choral Society),Classic Rock,"[""London Symphony Orchestra"", ""Royal Choral Society""]",1978,Classical,Calm,english,2.43981608083505
74eVrNljV65niNIJxX4wcZ,Boring Songs for Boring Days,Boring Songs for Boring Days,"[""earth moon transit""]",2020,Rock,Calm,english,2.521330491501052
1LQA219Pz7thyFVIsilpWR,Born Enchanter,Heroes Are Hard to Find,"[""Fleetwood Mac""]",1974,Rock,Calm,english,2.529178226281312
4edpprWh1OO21q2Hg3b6Sr,Both Sides Of The Story,Seriously Orchestral - Hits Of Phil Collins,"[""Royal Philharmonic Orchestra""]",1991,Classical,Calm,english,2.054462900813801
6BXEq8HekFcnL4GNMAdqZP,Boxes - .,Land Animal,"[""Bent Knee""]",2017,Rock,Calm,english,1.8135497233378
3iaU6EaOW9WMQ6vnHl7wPD,Boy for Sale / Where Is Love?,Oliver! (Original Broadway Cast Recording),"[""Willoughby Goddard"", ""Bruce Prochnik""]",1989,Classical,Calm,english,2.7472043294612445
4JSdBki0XkGoVm5LtRRZlj,Boy in the Moon,Ekstasis,"[""Julia Holter""]",2012,Pop,Calm,english,1.7420960179580285
0My5fn0xhOQ0dHovHyHX0t,Brand New Companion,Delta Momma Blues,"[""Townes Van Zandt""]",1971,Country,Calm,english,2.0142169252951776
7De6kHq6bCVZTILOwDwdZC,Brand New Sound,Shotgun Singer,"[""Kris Delmhorst""]",2008,Folk,Calm,english,2.555638855231297
4CTyoFasl1DhPOsgbEbePQ,Brassy Sun,Brassy Sun,"[""S. Carey""]",2017,Folk,Calm,english,1.4173388696548594
4p8xeejJP9NV3wEMCvuBUr,Brassy Sun,Brassy Sun,"[""S. Carey""]",2017,Folk,Calm,english,1.4222013503308826
61RqRUKrTkW20xlP5X5hjS,Brave,Cranberry,"[""Hovvdy""]",2018,Electronic,Calm,english,1.525460388258848
16SMHgpErvjCvfq7hEThed,Bravitzlana Rubakalva,A Bundled Bundle of Bundles,"[""Mariee Sioux""]",2006,Electronic,Calm,english,2.204705182965017
3lAmmJ6X3ggJ3GhldYm6eT,Brazil,"16 Most Requested Songs Of The 1940'S, Volume II","[""Ary Barroso"", ""Xavier Cugat & His Orchestra""]",1989,Jazz,Calm,english,1.978825323478098
6CpKMKqzBM61jEBAg9AmE8,Break Me Gently - Incidental,Lost Sides,"[""Doves""]",2000,Pop,Calm,english,2.031835003499861
6guh36pjsNbI1mbXICE0Cu,Break My Heart,Winterwell,"[""Mree""]",2017,Electronic,Calm,english,2.051769197797284
4qns0wpXCQzEXo3CJe5lKd,Break Of Day - Live,2/2/03 Live,"[""The Big Wu""]",2006,Rock,Calm,english,2.501469794899147
0GBAf93GXxFy2a7Ef3MiyO,Break on Through (to the Other Side) [pt. Two],[Untitled],"[""mewithoutYou""]",2018,Rock,Calm,english,1.632449263041143
7rcmkBLB4yhuHnuKit3XRw,Breakfast at Tiffany's / Moon River,Time to Say Goodbye: Music With Passion,"[""Jos\u00e9 Carreras"", ""Luciano Pavarotti"", ""Pl\u00e1cido Domingo""]",2019,Classical,Calm,english,2.3551048129836163
0Fd8yqdNUpq8lXmTHhNKZ4,Breaking the Girl,VSQ Performs Red Hot Chili Peppers,"[""Vitamin String Quartet""]",2004,Classical,Calm,english,1.4957334626786447
11UTA07QLknMfrg9y4E1rL,Breathe - Acoustic,Aleah,"[""Aleah""]",2020,Rock,Calm,english,0.9293046856834568
7o7CQsTMbURZUV61wh3kSP,Breathe/Rest (Spontaneous) - Live,Revival's In The Air (Live),"[""Bethel Music"", ""Cory Asbury""]",2020,Pop,Calm,english,2.385474849362353
4swkvu47VJuVrFdShw76jr,Breathing,Grid of Points,"[""Grouper""]",2018,Rock,Calm,english,3.020163720492285
0Z6V1fnIxdRs9Rx9GavAn8,Bridges,Debridement,"[""Rivulets""]",2003,Rock,Calm,english,1.6368080848843014
7nkxhyJrdwSQWflhcBmcIX,Bridges,Born into the Waves,"[""And Also The Trees""]",2016,Rock,Calm,english,2.9115109867402778
2GyzYrdK3BovCx7hvL4Rbi,Bridget O'Malley,So Many Partings,"[""Silly Wizard""]",2006,Folk,Calm,english,2.904993636878113
5ZrGUQvlPxFm6sOhx9Nngd,Brigg Fair,The Full English (Commentary Version),"[""The Full English""]",2013,Folk,Calm,english,2.985564922637182
0Kg1h0oN1vJkKVmr7dduYb,Bright Eyes,Levity,"[""Dax Johnson""]",2004,Classical,Calm,english,1.0566254669538624
7rnn6gGQA2DzW2cxcY7ih0,Bright Morning Stars,Bright Morning Stars,"[""The Wailin' Jennys""]",2011,Country,Calm,english,2.59896596095188
78ppTuDKwqzuTfaxfhp7o0,Brighter Days,Mother Lode,"[""Loggins & Messina""]",1974,Pop,Calm,english,1.833118613424463
4dmNU5m0Hpwpv03q5xHdqO,"Bring A Torch, Jeanette, Isabella",Songs For Christmas,"[""Sufjan Stevens""]",2006,Classical,Calm,english,1.9620556135908347
6O0KPqzr0icwxCIP8TY0MW,Bring Down the Stars,Human,"[""Falling You""]",2006,Classical,Calm,english,2.653274778714664
5JZNwoZsUfmxslDNt43DxK,Bring Him Home,Les Misérables (Original Broadway Cast Recording),"[""Colm Wilkinson""]",1987,Classical,Calm,english,2.532802793435376
5XcMJvbsl8OTya8LtFTqzv,Bring Him Home,Believe,"[""Jonathan Antoine""]",2016,Classical,Calm,english,2.735632806735661
6TNMgnCv7yWGS3sh8VudSo,Bring Him Home (From Les Miserables),Stage Heroes,"[""Colm Wilkinson""]",1989,Classical,Calm,english,2.0560020621774795
6oG5JcSusIxE0JNejLgjAL,Bring Him Home (From Les Miserables) - Remastered 1995,Great Musicals,"[""Colm Wilkinson""]",2001,Classical,Calm,english,2.2208363588730435
7DGrugc0JnBxj6ntO78YIB,Bring Him Home (From Les Miserables) - Remastered 1995,"Celebrate Broadway, Vol. 10: Best Musicals!","[""Colm Wilkinson""]",1995,Classical,Calm,english,2.5718884830143782
0MB7k1pQVYZToSGsKAFpsS,Bring Him Home (Les Misérables),Ultimate Broadway 2,"[""Claude-Michel Sch\u00f6nberg"", ""Alain Albert Boublil"", ""Herbert Kretzmer"", ""Colm Wilkinson"", ""Mike Batt""]",2003,Folk,Calm,english,2.2911622772476545
36h3fhl9bRwvcU0UbwS5i6,"Bring Him Home (from ""Les Misérables"")",The Essential Broadway,"[""Colm Wilkinson""]",2006,Classical,Calm,english,2.3584753055080934
05eBs5OiEJygAlyOpUp4MZ,Bring Him Home - Live,"Les Misérables: The Staged Concert (The Sensational 2020 Live Recording) [Live from the Gielgud Theatre, London]","[""Alfie Boe""]",2020,Classical,Calm,english,4.928411901444934
6YXh0kVn4ozdEpmASrYrq5,British Wintertime,Falling Satellites,"[""Frost*""]",2016,Rock,Calm,english,2.5637516129629487
7rjkRnvxoQ81iOIkjIsOOn,"Britten: Corpus Christi Carol (From A Boy Was Born, Op. 3)",Libera: The Christmas Album (Standard Edition),"[""Libera"", ""Robert Prizeman""]",2011,Classical,Calm,english,2.1957566836521294
19sKfF5bK9wX41nL1HWRlg,Broken Arrows,Veneer,"[""Jos\u00e9 Gonz\u00e1lez""]",2006,Folk,Calm,english,1.5893645590095786
5jxN9knH0vlfpN2Ft7a5xi,Broken Heart,Ladies and gentlemen we are floating in space,"[""Spiritualized""]",1997,Rock,Calm,english,2.6689333050099093
2U8Ldg6aOyMLdP8kWlatrE,Broom o' the Cowdenknowes,Caledonia's Hardy Sons,"[""Silly Wizard""]",2006,Folk,Calm,english,2.2460995354045923
1bPAFnEgUTiOtJKwZbshC4,Brother,Lookaftering,"[""Vashti Bunyan""]",2005,Folk,Calm,english,1.2354085951825295
2OaVRDfZ84Hbu9mrcpOy1t,Brother Mine,Sherlock Series 4: The Final Problem (Original Television Soundtrack),"[""David Arnold"", ""Michael Price""]",2017,Classical,Calm,english,3.010344634596971
2nHXompzVvPr1q93SpjxIX,Brother Mine,Sherlock Series 4 (Original Television Soundtrack),"[""David Arnold"", ""Michael Price""]",2017,Classical,Calm,english,3.010344634596971
7EmSPZ9f1AiLR9eVHNSI62,Brothers In Arms,Brothers In Arms (Remastered),"[""Dire Straits""]",1985,Rock,Calm,english,1.7979565282037808
26tWBbtjvgi0tipRL2VQ2X,Brothers in Arms,Brothers in Arms,"[""Dire Straits""]",1985,Rock,Calm,english,2.54185533603187
2FAurLtrfbqRRcYorT3UXL,Brothers in Arms,Sultans of Swing - the Very Best of Dire Straits,"[""Dire Straits""]",1998,Rock,Calm,english,2.175414866630294
0YcAWPUwih5MrIlD90oiNu,Bruised Orange (Chain of Sorrow),Broken Hearts & Dirty Windows: Songs of John Prine,"[""Justin Vernon""]",2016,Folk,Calm,english,3.2185960296640226
5jqwoLoB78kro93sKj77ch,Bubbles In My Beer,24 Greatest Hits,"[""Bob Wills""]",1977,Country,Calm,english,3.7087390963127
6F5gbWbr4X9vGM2Bv2po5e,Bug Bear - Original,I Dream In Autoplay,"[""Climber""]",2007,Electronic,Calm,english,3.0016068318329228
3RZGo0Ccqxrv27cMJuF0XI,Build a Castle (Reinterpretation),Far Cry 5 Presents: We Will Rise Again (Original Game Soundtrack),"[""Hammock""]",2018,Electronic,Calm,english,2.08876488241495
4OzU8wQC7j5gSNknJDpI30,Built Then Burnt [Hurrah! Hurrah!],Born Into Trouble As The Sparks Fly Upward,"[""Silver Mt. Zion""]",2001,Rock,Calm,english,3.237164502773028
5C2EX9mbnhsMadKRWqNIEc,Built Then Burnt [Hurrah! Hurrah!],Born Into Trouble As The Sparks Fly Upward,"[""Silver Mt. Zion""]",2001,Rock,Calm,english,2.833378424716272
5XuU9htN358NTMCcqRvfDV,Bullet Proof ... I Wish I Was,The Bends,"[""Radiohead""]",1995,Rock,Calm,english,1.72145795727345
7wB2VenWR6rchtLwawreIg,Bullet Proof ... I Wish I Was,The Bends,"[""Radiohead""]",1995,Rock,Calm,english,1.7224760998591633
1bV4e4r8bcKNP3KSLNEG1S,Bullet Proof.. I Wish I Was,Supermoon,"[""S. Carey""]",2015,Folk,Calm,english,2.270555548621059
7vMOUHxFN7YmaADCTJKvPk,Bulletproof Love - Van Rivers & The Subliminal Kid Remix,Splitting The Atom,"[""Massive Attack""]",2009,Electronic,Calm,english,4.1684851261289175
7cNWptOrSZ5G2XjFMmbXjx,Bundles,A Bundled Bundle of Bundles,"[""Mariee Sioux""]",2006,Electronic,Calm,english,2.0897241711509933
7lqVmd3J3niSSM4EuWXkwa,Burial Society,The Unnatural World,"[""Have A Nice Life""]",2014,Rock,Calm,english,2.7595159285417044
7nhzdzkOnlAwsZhA1ZqN80,Buried in Your Past,The Enigma VIII (What Once It Was),"[""Shinnobu""]",2019,Classical,Calm,english,1.5882536490854091
0OEZnaMY80TtbWp3OqjgH2,Burn (Garage Band Demo),Into The Darkness (EP & Demos),"[""Samantha Scarlette""]",2011,Rock,Calm,english,3.424517667333149
6DoDoVOTsUxbIdzTWq3B8s,Burna Boy Interlude,Featuring Ty Dolla $ign,"[""Ty Dolla $ign""]",2020,Hip-Hop,Calm,english,2.8655262845151923
2V8eWuTAztIVI5fqwv8OlZ,Burned Out,Beheaded,"[""Bedhead""]",1996,Rock,Calm,english,2.120201736139026
3ki40MVelts4nGXRMvhHyq,Burning,Red Yellow Sun,"[""Sarah Fimm""]",2009,Electronic,Calm,english,2.318545900593429
5EXk9CjT4wljOQils0L4ek,Burning Beauties,"Songs About Death and Dying, Vol. 3 / OCS 4: Get Stoved","[""OCS""]",2005,Rock,Calm,english,1.3848584739138825
0iZxj9QTUCbjialos8lDjc,Burning Bridges,Grave Blockers,"[""Thee Oh Sees""]",2006,Rock,Calm,english,1.869396328569608
1mSgL1nz3oT5ZL7Ez4Jl67,But Beautiful,Love's Holiday,"[""Dena DeRose"", ""Brian Lynch"", ""Joe Locke"", ""Bill Charlap""]",2002,Jazz,Calm,english,2.266495474143725
1wIpio4Lb8FHbn0BDVQFTZ,But Beautiful,"Nat ""King"" Cole & Me (Deluxe)","[""Gregory Porter""]",2017,Jazz,Calm,english,3.092691821843485
7p9OLeV07n0tIQJS649Nus,But Beautiful,"Nat ""King"" Cole & Me (Deluxe)","[""Gregory Porter""]",2017,Jazz,Calm,english,3.092691821843485
5RnUVnw7hL7GWlPjeO8XQy,But Beautiful - Live,Getting Sentimental,"[""Bill Evans""]",2003,Jazz,Calm,english,4.302669510976685
64nV4JZ5LAleONUC3yV7mj,But Beautiful - Remastered 2002/Rudy Van Gelder Edition,Open Sesame (The Rudy Van Gelder Edition),"[""Freddie Hubbard""]",2002,Jazz,Calm,english,1.3715637434463284
4gX8deZ0bjGhlKaDIMN4cg,But Not For Me,Gershwin For Lovers,"[""Marcus Roberts""]",1994,Jazz,Calm,english,2.0075205083460705
0Xz6yQfe42WfHrBIpCmT24,But Not For Me - Remastered 2000,Introducing Kenny Burrell: The First Blue Note Sessions,"[""Kenny Burrell""]",2000,Jazz,Calm,english,0.8477491021265833
2bjFudA507731jyhrsWHsX,But Not for Me,Trilogy,"[""Tal Farlow""]",2009,Jazz,Calm,english,1.0791138647648746
6nem7uYGz6srJVXRB0L93R,But Not for Me,When Harry Met Sally... Music From The Motion Picture,"[""Harry Connick, Jr.""]",1989,Jazz,Calm,english,4.304763499437266
2O8CJE7cKCVzPwwaA1u7Rt,But not for me,The Touch Of Your Lips,"[""Chet Baker""]",1986,Jazz,Calm,english,2.0665672630653984
22yxR09cYIuD8aeT3TfJlu,Butterfly Caught,100th Window,"[""Massive Attack""]",2003,Electronic,Calm,english,2.988226786144902
4oNOJ3UfDgkLeo8tQu9LSD,Butterfly Mornings,Bavarian Fruit Bread,"[""Hope Sandoval & The Warm Inventions""]",2001,Pop,Calm,english,1.947236767492429
5KUHsXqLBQJrpHfrh2PeYn,Buttons,Mr. M,"[""Lambchop""]",2012,Country,Calm,english,2.02190941350111
3pRqVfIM5i3P8poiZqqjaG,Buxom,Tangerine Reef,"[""Animal Collective""]",2018,Rock,Calm,english,2.760202772465844
4ALfdvTe21YnDuF5NhI5Pg,By Myself,It's A Wonderful World,"[""Stacey Kent""]",2012,Jazz,Calm,english,2.9440214009837016
5LegxMOMdh8bmdv8nM8p9y,By Myself,Let Yourself Go,"[""Stacey Kent""]",2000,Jazz,Calm,english,2.9440214009837016
13b87C9TNBFKJAi9YB4Rr8,By This River - 2004 Digital Remaster,Before And After Science,"[""Brian Eno""]",1977,Electronic,Calm,english,2.407307833521476
6b10lghd49MVwxGCmzReD4,By Two's,Popular Songs,"[""Yo La Tengo""]",2009,Pop,Calm,english,1.5143168722296476
231J1yvJV2cFXOvtmhXQ7f,By the River,Ocean Breeze,"[""Trushinitas""]",2020,Electronic,Calm,english,2.5380091021796107
1RpkMoOomu5989qM3Ir23A,Bye Bye Blackbird,ディア・マイルス,"[""Ron Carter""]",2006,Jazz,Calm,english,1.7956668885278069
7fHGCeqESmD29tImSdDuAp,Bye Bye Blackbird,The Ultimate Headphone & Hi-Fi Album,"[""Ron Carter""]",2019,Jazz,Calm,english,1.8818340423761952
4EKtn63FB9zJMKuqNUBgVM,Byzantine,Nautical Antiques,"[""Pinback""]",2006,Rock,Calm,english,2.522019213243707
4fwgGaGz7Vik63kAHF8CXa,Bánchnoic Éireann Ó,Celtic Fairy Lullaby,"[""2002""]",2016,Folk,Calm,english,2.380044115903597
0rwlKw495rl0Zj4Q6yhEc2,Børnehjem,Mareridt (Deluxe Version),"[""Myrkur""]",2017,Folk,Calm,english,3.8212241600378354
1ubm4UpzVfoHFUcwIfTlVI,C. F. Bundy.,Drinking Songs,"[""Matt Elliott""]",2005,Rock,Calm,english,1.1013035410832506
0ROPCHm1Ly0Ror2Um5wIWM,CARONTE - Radio Slave Ambient Reprise,CARONTE (Radio Slave Remixes),"[""Apparat"", ""Radio Slave""]",2019,Electronic,Calm,english,1.894900472038012
2yz6CYX1M1xx9GG84b6p0j,CM,Life On Earth,"[""Tiny Vipers""]",2009,Rock,Calm,english,2.490905146985677
3RW7DhwRi3fITULrCgnf7B,Cadence and Cascade,The Condensed 21st Century Guide To King Crimson (1969 - 2003),"[""King Crimson""]",2006,Rock,Calm,english,2.2716565291923314
5RF3XKTeCfwX8C0TeHuF5s,Cadence and Cascade,In The Wake Of Poseidon,"[""King Crimson""]",1970,Rock,Calm,english,2.2227795104466
5QvhVZrbbNMeDo6c3o04BF,Cafetin De Buenos Aires: In The Bleak Midwinter,Christmas Carols,"[""Worcester Cathedral Choir"", ""Raymond Johnston"", ""Robert Stringer"", ""Enrique Santos Disc\u00e9polo"", ""Mariano Mores""]",1993,Classical,Calm,english,4.097792097474246
7s5ETu0MtalieMhCtMG3zs,Cain and Abel,Wormwood,"[""The Residents""]",1998,Rock,Calm,english,1.414948047394912
1rddN3DZehbcQnFJt1OJgj,Caint Use My Phone (Suite),But You Caint Use My Phone (Mixtape),"[""Erykah Badu""]",2015,R&B,Calm,english,1.577965872741809
7ilSAUShpU2ySw5iGcnCKx,California Dreamin',Circle,"[""Scala & Kolacny Brothers""]",2010,Classical,Calm,english,2.517349680582542
4detZaj6qfObdW7h9cHnFz,Call Across Rooms,Ruins,"[""Grouper""]",2014,Rock,Calm,english,1.171321127321072
7e99iJ3iYaaBLudmlqjddV,Call It Dub,Have Fun With God,"[""Bill Callahan""]",2014,Country,Calm,english,1.5584417712755705
3Y4rUyw7XBCK6hGHCOt6rp,"Call It Fate, Call It Karma",Comedown Machine,"[""The Strokes""]",2013,Rock,Calm,english,1.547598103244271
7rLymRw2P0xvV4h8IStUPN,Call It a Night,Contra-intelligence,"[""KGB""]",1996,Pop,Calm,english,1.9584123745670303
23Y9bo04OfzO2sgWHusXdt,Call The Doctor,Forged Prescriptions (Original),"[""Spacemen 3""]",2003,Rock,Calm,english,2.976348430191496
7k1HoUdskuBhyWvm7hPctM,Call of Silence,"TV Anime ""Attack on Titan Season 2"" (Original Soundtrack)","[""Sawano Hiroyuki""]",2017,Pop,Calm,english,1.79647798858382
2uGWfZhULc094jY5kTxt0L,Calling Over Time,Calling Over Time,"[""Edith Frost""]",1997,Country,Calm,english,2.0265125352604088
0SBohN5M0676aJQ5gtRmBk,Callow,Callow,"[""Novo Amor""]",2014,Electronic,Calm,english,1.6515973845876792
73O3TkiI6ROySPZj8UnSpb,Came Blue,Accumulation: None,"[""Smog""]",2002,Rock,Calm,english,2.5960941773600075
41c0rM79Du35mFS4f60QML,Camelot: Before I Gaze at You Again,Camelot (Original Broadway Cast Recording),"[""Frederick Loewe"", ""Julie Andrews"", ""Original Broadway Cast of Camelot"", ""Franz Allers""]",1998,Classical,Calm,english,2.7213259022392733
15VJ80YDIZuOhmM6mNPxMz,Camelot: How to Handle a Woman,Camelot (Original Broadway Cast Recording),"[""Frederick Loewe"", ""Richard Burton"", ""Original Broadway Cast of Camelot"", ""Franz Allers""]",1998,Classical,Calm,english,2.6553894552495225
37MVvwUET0VkpwYFcccOIw,Camelot: I Loved You Once in Silence,Camelot (Original Broadway Cast Recording),"[""Frederick Loewe"", ""Julie Andrews"", ""Original Broadway Cast of Camelot"", ""Franz Allers""]",1998,Classical,Calm,english,2.580392414900897
5LWZdwfnYfTOUggGm9dUe9,Camels,Shepherd in a Sheepskin Vest,"[""Bill Callahan""]",2019,Country,Calm,english,1.4459306802498022
0VfMynpeGCYskONIsklUzS,Can I Go On?,The Wiz,"[""Diana Ross""]",1978,Pop,Calm,english,3.042747113992214
2MMFbghnnvVnIS6W7mchPd,Can We Kiss Forever?,In My Feelings,"[""Holem"", ""Shiloh Dynasty""]",2019,Electronic,Calm,english,3.377683159829617
1k3wzG31WXUZ3krwgtJPaL,Can You Feel The Love Tonight,Magical Movie Music,"[""London Pops Orchestra""]",2008,Classical,Calm,english,2.58839807357912
6NZoQLOTnXzNMjCP2kMBeG,Can't Find My Way Home,Gilberto Gil (1971),"[""Gilberto Gil""]",1971,Jazz,Calm,english,2.0803416195326982
5Dus8FVMSpI1N5mslo3pGW,Can't Help Lovin' That Man - Remastered,The Very Best Of Julie London,"[""Julie London""]",2005,Jazz,Calm,english,2.5158877338534937
1rSEuz9PtQSbQgjakmtLNV,Can't Leave Her,Freeheld (Original Motion Picture Soundtrack),"[""Hans Zimmer"", ""Johnny Marr""]",2015,Classical,Calm,english,1.445075795076164
73K7Re8onXOmfPf94y2cCo,Can't Stop Staring At The Sun,A Mermaid in Lisbon,"[""Patrick Watson"", ""Attacca Quartet""]",2021,Classical,Calm,english,1.5305623980937302
2D9auftJn0Q6PmKzZDOyjE,Can't You Be Real,Writer,"[""Carole King""]",1970,Folk,Calm,english,1.050205745136146
1ZExgnMUiUhTkSof2sBY3e,Canain Nan Gaidheal,The Collection,"[""Tannas""]",2009,Folk,Calm,english,3.5378010873547217
4lsMSKZzAo3Ubi2wgqutLm,Candide / Send in the Clowns,The Steinway Sessions: David Benoit,"[""David Benoit""]",2017,Jazz,Calm,english,2.5201076348815485
6ClfXSe97bRtviD0iicfAI,Candy Floss (Intro),summerteeth (Deluxe Edition),"[""Wilco""]",2020,Country,Calm,english,2.245585162175811
0QsaH2VKMEDSMDZoSlrkDx,Candy Girl,Trust,"[""Low""]",2002,Rock,Calm,english,0.951434574260434
5ZEXDmd7aUWOt31fvKsd69,Candyboy,The Outside Room,"[""Weyes Blood""]",2011,Pop,Calm,english,4.300289998289111
7oSbGZqlCLqDcYvOwWzF8s,Canis Lupus 2,Fantastic Mr. Fox - Additional Music From The Original Score By Alexandre Desplat - The Abbey Road Mixes,"[""Alexandre Desplat""]",2010,Classical,Calm,english,1.5662126039723354
292dKoH0xofu0WzHyyapI4,Canoe,MILE: A Hush Compilation,"[""Kind of Like Spitting""]",2010,Folk,Calm,english,1.5067199516674932
1QbxKoj3MfXZ8T98KmElLm,Cantador (Like A Lover),Love Warriors,"[""Tuck & Patti""]",1989,Jazz,Calm,english,2.3691682872175264
3CXpRdnKp94WkQxpRpfn6K,Canticle,The Hallowing,"[""Autumn Tears""]",2007,Electronic,Calm,english,2.509064099736364
2CLbSPkRnacjvUKqyt5xet,Canticle I Peter,Chant From The Hermitage,"[""John Michael Talbot"", ""The Monks of Little Portion Hermitage""]",1995,Folk,Calm,english,2.283691945956852
2Gwukj2vJRLmNN6tNOcpGX,Canticles of the Holy Wind: X. The Yellow Wind,John Luther Adams: Canticles of the Holy Wind,"[""John Luther Adams"", ""The Crossing"", ""Donald Nally""]",2017,Classical,Calm,english,1.8334687896030264
1rIHn6QuvRQj38VsFWQLfX,Cantique De Noel (O Holy Night),A Fresh Aire Christmas,"[""Mannheim Steamroller""]",1988,Pop,Calm,english,1.835447484195478
2znQSDCnkEr2ZTxfi2iquw,Cantique De Noel (O Holy Night),30/40 Ultimate Collection,"[""Mannheim Steamroller""]",2014,Pop,Calm,english,2.336000771327361
3mr1oh66qVkewxzgzv0qcm,Cantique De Noel (O Holy Night),Christmas 25Th Anniversary Collection,"[""Mannheim Steamroller""]",2009,Pop,Calm,english,1.7703279147487605
3jLITMJAI08k1wHZhXQurF,Cantique de Noel,Meditation,"[""Adolphe Adam"", ""Karel Mark Chichon"", ""Deutsche Radio Philharmonie Saarbr\u00fccken""]",2014,Classical,Calm,french,2.637084471455754
32AOghVRPaW40l01l9gDYP,Cantus,Somebody,"[""Connie Dover""]",1991,Folk,Calm,english,2.660457389728492
1BsHRVvMJyxryB6k3QLIFg,Capilary River,Bufo Alvarius,"[""Bardo Pond""]",2010,Rock,Calm,english,3.8918737583104592
4luVo7rY1JPMNnmVX8bfjQ,Capio,White-Out Conditions,"[""bel canto""]",1987,Pop,Calm,english,1.856884481862531
5yi0nxf47Ri8dHACBhINge,"Capped Teeth and Caesar Salad (Reprise) (From ""Song and Dance"")",Song & Dance - The Songs (Original Broadway Cast Recording),"[""Bernadette Peters""]",1985,Classical,Calm,english,3.700789257137779
6lKKcbDXvJL6wKKjzmb0yJ,Captain,Quebec,"[""Ween""]",2003,Rock,Calm,,1.810451604863097
5T0ZkK5LnAlYUOUOJ0Ei9c,"Captain I'm Fine, and Thank You for Everything",The Bitter End,"[""Right Away, Great Captain!""]",2007,Folk,Calm,english,3.286442221434195
1QYl7lV5v1XeTx0fbQuf4P,Caravan,The Essential Duke Ellington,"[""Duke Ellington""]",2007,Jazz,Calm,english,1.982170915850387
37fOUvm0sGEZ91FXyDyXav,Caravan,Jazz Descargas,"[""The Conga Kings""]",2001,Jazz,Calm,english,3.4666373190209367
6TXQ0Ld4TNUxbrsMInePl2,Caravan,Ken Burns Jazz-Duke Ellington,"[""Duke Ellington""]",2000,Jazz,Calm,english,1.8588521203228856
67VML3zpUXsgfHthpWkl3o,Carbon Ribs - Remastered 2018,The Medicine (10th Anniversary Deluxe Edition),"[""John Mark McMillan""]",2008,Folk,Calm,english,2.0878839065113066
4nuOpZccSy63SGAVYtKd28,"Careful with That Axe, Eugene",Relics,"[""Pink Floyd""]",1971,Rock,Calm,english,2.730049387202843
5if8qAHnKAwTiKtivjfCKO,Caregiver,Caregiver b/w Heirloom,"[""Memoryhouse""]",2010,Pop,Calm,english,1.4069805496833414
08Kfbg9WvuDUZtiOyHNBh4,Careless Love,Ease Down The Road,"[""Bonnie Prince Billy""]",2001,Country,Calm,english,2.4634184023522407
6t4yEy7ObXdsBBJ0EffsS8,Cariad,Celtic Fairy Lullaby,"[""2002""]",2016,Folk,Calm,english,1.4562201424412828
31TAub5WKWEsVTJcdksxq7,Caribbean Blue,Shepherd Moons,"[""Enya""]",1991,Folk,Calm,english,2.771848812794739
6CSX9EOaiA1dSHtQO03GbE,Carmina Burana: IV. Primo vere: Omnia sol temperat (All Things are Warmed by the Sun),Carmina Burana - The Greatest Classical Choir Pieces,"[""Carl Orff"", ""John Shirley-Quirk"", ""Antal Dor\u00e1ti"", ""Royal Philharmonic Orchestra""]",2014,Classical,Calm,spanish,4.683982962762423
48ZYzKF75sXuhYUQGNSP7g,Carol of the Bells,Christmas with Cantus,"[""Cantus""]",2011,Classical,Calm,english,3.1870754472146574
4Fqcx7n59iZ5CsyszdH9Dm,Carol of the Bells,"""Make the Yuletide Gay"" Original Motion Picture Soundtrack","[""Austin Wintory""]",2009,Classical,Calm,english,2.39038423689432
5ooTyvFBd7M8YSHKdzZT1w,Carol of the Russian Children,Christmas,"[""The Singers Unlimited""]",2014,Jazz,Calm,english,2.359140515909402
0zlDWay5ZuteO4HFRT7TrX,Carolan's Cup,Carolan's Harp,"[""Turlough O'Carolan"", ""Andrew Lawrence-King""]",1997,Folk,Calm,english,5.476991956042552
4ZqAgKj1e4D3gNzlj51nuU,Carousel: You'll Never Walk Alone,GOAL - World Soccer Anthems,"[""Kiri Te Kanawa"", ""The Tabernacle Choir at Temple Square"", ""Utah Symphony Orchestra"", ""Julius Rudel""]",2006,Classical,Calm,english,2.5880190366063465
0aDFiWpl4Vn2Cc3WipYPVK,Carrickfergus (Arr. Pacey),Enchanted Isle,"[""Traditional"", ""VOCES8"", ""Sib\u00e9al""]",2019,Classical,Calm,english,2.9360904548348032
0sDO6COAONgJOuZncWeTQI,Carrickfergus (Arr. Pacey),Traditional: Carrickfergus (Arr. Pacey),"[""Traditional"", ""VOCES8"", ""Sib\u00e9al""]",2019,Classical,Calm,english,2.9360904548348032
3XpHfOh1HYUm7JYKgJw4RZ,Carrickfergus - Live,Live!,"[""The Chieftains""]",1989,Folk,Calm,english,6.044198019754296
5puPIY11QYhuuQJ9T7vND0,Carrie & Lowell,Carrie & Lowell,"[""Sufjan Stevens""]",2015,Classical,Calm,english,1.397490294517398
7E9T9Essmxgu98kaOjTVNM,Carrie & Lowell,Carrie & Lowell,"[""Sufjan Stevens""]",2015,Classical,Calm,english,3.227097497950722
4XN6wycpkOvXegCqzwRmSz,Carrion,A Quiet Darkness,"[""Houses""]",2013,Electronic,Calm,english,1.8061958254749488
0IyqQBWtiZi6UlG48CRScz,Carry Me Ohio,7 Songs Belfast,"[""Mark Kozelek""]",2012,Rock,Calm,english,3.0333352471135666
0HAKEmNT5C8Uw6kYKPj9yW,Castaway,Empath (Deluxe Edition),"[""Devin Townsend""]",2019,Rock,Calm,english,2.920222848601644
0uNEN3dCMLI6tqXKNp3mjc,Castaway,Empath,"[""Devin Townsend""]",2019,Rock,Calm,english,2.920222848601644
6Emg88gR3KBl21UAcCF5OU,Castle On A Cloud,Les Misérables (Original Broadway Cast Recording),"[""Donna Vivino""]",1987,Classical,Calm,english,2.978372096803036
2Ui1PpvWxqUQyX554j6IFW,Castle of Dromore,Celtic Fairy Dream,"[""2002""]",2020,Folk,Calm,english,3.018508676010521
2XhedQvYbGZYYvpaRKIuC4,Castle on a Cloud (Arr. Craig Allister Young),Whispers,"[""Carisma""]",2006,Folk,Calm,english,1.1302489712156922
0NYC4xpM5fpp5EKcfPIC8w,Castles Made Of Sand/Little Wing,Love Warriors,"[""Tuck & Patti""]",1989,Jazz,Calm,english,2.6801876335527828
6mnykk6ZN9sonAe0DqUnO5,Cavalcade,The Heart of High Places,"[""Goldmund""]",2006,Classical,Calm,english,1.723878306099203
4F75qsfgXlCuC4q4uq2eCR,Caving In,Worried About You,"[""Post Animal""]",2020,Rock,Calm,english,2.373167719353317
1JbBcmtKtNU0qsmGil3hX3,Cease To Know,Similes,"[""Eluvium""]",2010,Rock,Calm,english,2.4551029416728487
6ZAiAVCTxig7gJHIe38yru,Cease To Know,Similes,"[""Eluvium""]",2010,Rock,Calm,english,1.6477636929870063
021Uxj35X52xeXHjCZEFNx,Ceiling Gazing,Perils from the Sea,"[""Mark Kozelek & Jimmy LaValle""]",2013,Rock,Calm,english,1.5866297727253451
6h8MePoHxfki38vNs5oHtB,Ceiling Gazing (Live),Live at Biko,"[""Mark Kozelek""]",2014,Rock,Calm,english,2.90247586611447
2WLGJVuuwNtHUADpZMDz6g,Cello & Keys - Live,idina:live,"[""Idina Menzel""]",2018,Classical,Calm,english,5.020915985036814
51RwOAAnZ6GN2Xy0txke90,"Cello Sonata No. 4 in C Major, Op. 102 No. 1: I. Andante","Beethoven, L. Van: Cello Sonatas Nos. 1-5 / Horn Sonata, Op. 17 (Arr. for Cello and Piano)","[""Ludwig van Beethoven"", ""Guido Schiefen"", ""Alfredo Perl""]",2009,Classical,Calm,english,2.3345320166100683
4YkGZf2zMi8gt6iZ8oDzCp,Cells Planets (Arr. V. Peterson),Chanticleer Takes You Out of This World!,"[""Erika Lloyd"", ""Chanticleer"", ""Joseph H. Jennings""]",2011,Pop,Calm,english,3.050392463452178
0rWx03aeDFUmhl29kmwznY,Certainty,Writers Without Homes,"[""Piano Magic""]",2002,Rock,Calm,english,3.19376348896923
3uX8bu7liSIeLEjMJglRKq,Cervix Couch,Death Club 1981-1993,"[""Christian Death""]",2005,Rock,Calm,english,2.7895472438490043
6cXnKv3tptzB1fuGkY1HMe,Chainsaw Gutsfuck (Live in Zeitz),Live in Leipzig (Deluxe),"[""Mayhem""]",1993,Rock,Calm,english,3.4724223006276933
402AC8ujDRzIsJWWdfGKhR,Champagne Year,Strange Mercy,"[""St. Vincent""]",2011,Pop,Calm,english,3.189930605236688
3miNJ9XeCjAFZ87x69CO7d,Chan's Song (Never Said),Round Midnight,"[""Herbie Hancock""]",1986,Jazz,Calm,english,2.5101623966697986
7w7X5rwDFXwHSqlxtsljP7,Chandelier,Chandelier,"[""Damien Rice""]",2020,Folk,Calm,english,2.382838605097785
26qDGWUO7XAuW7bNmC4kSm,Change,Complication (Bronze Edition),"[""Groundfold"", ""Michael FK""]",2016,Electronic,Calm,english,2.0237032817645897
7yiFztAUzvrE0jDwcL9Zbi,Change Partners,Steppin'Out: Astaire Sings,"[""Fred Astaire""]",1994,Jazz,Calm,english,2.653153856911333
3nYBhdmq5MEWj41aT1z4Fi,Changelings,The Entire City,"[""Gazelle Twin""]",2011,Electronic,Calm,english,1.8576798108231405
1gZgvCvAGkM5dHwDZq39Dn,Changeophelia,Changeophelia,"[""Dustin Tebbutt""]",2022,Folk,Calm,english,1.8115511245651
6wC2Ip0kZdWGYzD8v6NoaE,Changing Partners (feat. Helen Forrest),The Master: Original Motion Picture Soundtrack,"[""Jonny Greenwood"", ""Helen Forrest""]",2012,Jazz,Calm,english,2.972319380379274
2bSz3ngkRqEvhQp4G2aQbg,Charade,Pastorale,"[""Steve Kuhn""]",2007,Jazz,Calm,english,2.03153198582262
2PPYvWQkWTGeu4fuSNrdKQ,Charlotte,Bavarian Fruit Bread,"[""Hope Sandoval & The Warm Inventions""]",2001,Pop,Calm,english,1.8415547131358376
1KnV9Tssde1M0JCTslnIO1,Chase The Blues Away - Remastered,Venice Mating Call (Remastered),"[""Tim Buckley""]",2017,Folk,Calm,english,3.787829990741657
0Oe53q2vxc9xqUE86dJ2hG,Chattanooga Choo Choo,30,"[""Harry Connick, Jr.""]",2001,Jazz,Calm,english,1.6297702138729868
5aigHrfThtXdjyfqvsT62z,Che - 2019 - Remaster,Suicide (2019 - Remaster),"[""Suicide""]",1977,Rock,Calm,english,3.847288481617216
4NhwX7IhTfQ1gA4CjkRIDp,Cheek to Cheek,Irving Berlin: A Hundred Years,"[""Fred Astaire""]",1988,Jazz,Calm,english,2.884932563177365
7mwcYgK0A0M6Wk03ROXYXJ,"Chelsea Hotel #2 - Live in Dublin, 2013",Live In Dublin,"[""Leonard Cohen""]",2014,Folk,Calm,english,4.932390267418433
23cPHbITil8XubwJRE5i1D,Cherish,Cherish,"[""Slipfunc""]",2019,Electronic,Calm,english,2.6049001795256825
75dcul2mWnLYhDpyCTqeGH,Cherries,The Dusty Mirror,"[""Mark Sheeky""]",2020,Electronic,Calm,english,1.6783092817929788
5cENc0N9NpJJB7FggcMjyS,Cherry,Troubadour,"[""J.J. Cale""]",1976,Blues,Calm,english,3.1787622335628503
1Nw6GCDQ7UdXmQF1aJUMPv,Cherry Chapstick - Acoustic Version,Today Is The Day,"[""Yo La Tengo""]",2003,Pop,Calm,english,1.8685174256035304
2ni8vDUvrHKkaxCdNcUn7t,Chest Of Drawers,Consider the Birds,"[""Wovenhand""]",2004,Country,Calm,english,1.323243261515275
5SmuvDHBTCTX6e3PH5nvuL,Chewing On Shadows,Soft Black Stars,"[""Current 93""]",2005,Rock,Calm,english,2.3849210628592634
7rm7iYEjcrqi0TSHS9YY86,Chewing On Shadows (Vinyl Version),Soft Black Stars,"[""Current 93""]",2005,Rock,Calm,english,2.4521422537300177
6r0KFtNLOCBtrpYGVDPCr1,Chiaroscuro,Songs for the Living,"[""Tom Day"", ""Monsoonsiren""]",2018,Electronic,Calm,english,2.033065230229903
2rG0suHy1HWApXi9NZhw5o,Child I Will Hurt You,(III),"[""Crystal Castles""]",2012,Electronic,Calm,english,3.0105804868003605
5rX4GPjez0lU5jAnqvdDjM,Child in a Manger,Christmas Chants,"[""Gregorian""]",2006,Classical,Calm,english,2.201433900399491
1l2v2daXptdCyJajW0qD30,Child of the Millennia,"The Revenge of the Horned One, Pt. II","[""Countess""]",2002,Rock,Calm,english,2.106793564307659
29DNXjXcpOvahfKPMiop8n,Child's Song,The Very Best of Tom Rush: No Regrets 1962-1999,"[""Tom Rush""]",1999,Folk,Calm,english,1.9328076932138127
2cmIYFTXoJnBdFVCx2L5lR,Child's Song,Tom Rush,"[""Tom Rush""]",1970,Folk,Calm,english,1.9891409461464864
321fqYwPjDPpfRkWfoyUfc,Children and Art,Broadway Divas,"[""Bernadette Peters"", ""Mandy Patinkin""]",2001,Classical,Calm,english,2.35922740361616
4SNOzNzedZFXFQqi5EZAEe,Children and Art,Sunday in the Park with George (Original Broadway Cast Recording),"[""Bernadette Peters"", ""Mandy Patinkin""]",1984,Classical,Calm,english,2.6000266716719658
5SCvzwT3amUMTrgSoBRXre,"China Cat Sunflower - Live at Charlotte Coliseum, Charlotte, VA, December 10, 1973","Download Series Vol. 8: Charlotte Coliseum, Charlotte, NC 12/10/73 (Live)","[""Grateful Dead""]",2005,Rock,Calm,english,2.7462153790453394
59FzvTbXeHaF2POKmoMr3k,China Roses,The Memory of Trees,"[""Enya""]",1995,Folk,Calm,english,0.659848040094035
0Bhy8jdEWfxetmhu2wTSLr,China Roses - 2009 Remaster,The Memory of Trees,"[""Enya""]",1995,Folk,Calm,english,1.58867086292956
0KisC636mzjXthrEjmebyZ,Chinatown Style,Psychic 9-5 Club,"[""HTRK""]",2014,Electronic,Calm,english,1.0239308656069892
0FUr8cUseaIqXJh1psKadE,Chiot,Maybe Later,"[""Whatever, Dad""]",2013,Electronic,Calm,english,2.058531595520368
5Qoq03EGgo7u1Pbgs3TrBC,Chitty Chitty Bang Bang: Come to the Funfair,Chitty Chitty Bang Bang (Original London Cast Recording),"[""Richard M. Sherman"", ""Robert B. Sherman"", ""Chitty Chitty Bang Bang Ensemble"", ""Original Broadway Cast of Chitty Chitty Bang Bang"", ""Robert Scott""]",2002,Classical,Calm,english,2.065613828622162
2t4AMeoFw9eJi8pww6w8l3,Chitty Chitty Bang Bang: Hushabye Mountain,Chitty Chitty Bang Bang (Original London Cast Recording),"[""Richard M. Sherman"", ""Robert B. Sherman"", ""Michael Ball"", ""Original Broadway Cast of Chitty Chitty Bang Bang"", ""Robert Scott""]",2002,Classical,Calm,english,2.2497228749608573
65PNag5RgXpyFdJoWk8uXt,Chocolate Milk (Like from Spiderman),Silver Cactus 2.0,"[""Hospital Bracelet""]",2019,Rock,Calm,english,2.9730626663951703
2N7jeqGCdaPeXHuudTBO73,Choice Kingdom,This Is All Yours,"[""alt-J""]",2014,Pop,Calm,english,1.7493564921197868
6hzEumHWNUVB0VWobDBT6x,Choking on Flowers,Elsie,"[""Fox Academy""]",2015,Electronic,Calm,english,2.5716801786200576
3rhvYOR62KLY9cOqkV96fV,Choose Something Like a Star - Randall Thompson,Frostiana,"[""Randall Thompson"", ""Exultate""]",2004,Classical,Calm,english,2.7172538870067906
4WlRB9siWvJJuOme10GaHW,Choose the Right (Arr. R. Hall for Men's Choir & Organ),Set Apart: Beloved Missionary Hymns,"[""Henry A. Tuckett"", ""BYU Men's Chorus"", ""Clay Christiansen"", ""Rosalind Hall""]",2018,Classical,Calm,english,2.432891181160563
18AiYJSsTXrdxx2CPAGyus,Christ Among the Broken Glass,Frozen Niagara Falls,"[""Prurient""]",2015,Rock,Calm,english,2.1526578447090188
4kM1D43NFIOoYCn4wRiCXM,Christ Is Born,Greatest Christmas Songs,"[""Perry Como""]",1999,Pop,Calm,english,2.9281780039363903
3x1KI8N9LSdTEgmHKthfij,Christ is made the sure foundation - (Westminster Abbey),Hymns From Trinity,"[""Henry Purcell"", ""The Choir Of Trinity College, Cambridge""]",1996,Classical,Calm,english,2.3566217162251486
2Pk0InSHs21iHHLQ1JiHEo,Christmas Canon,Merry Xmas,"[""Trans-Siberian Orchestra""]",2016,Pop,Calm,english,1.4022668021946068
3do6DLls9OhAFZIoeVDpaH,Christmas Canon - 2003 Remaster,The Christmas Trilogy,"[""Trans-Siberian Orchestra""]",2004,Pop,Calm,english,1.412242477344739
672skVAtIj0qeGbC7iT99y,Christmas Canon - 2003 Remaster,The Christmas Attic (20th Anniversary Edition),"[""Trans-Siberian Orchestra""]",1998,Pop,Calm,english,1.4022668021946068
7DyPMyxs8svRiL3odpktWP,Christmas Canon - 2003 Remaster,The Christmas Attic,"[""Trans-Siberian Orchestra""]",1998,Pop,Calm,english,1.4022668021946068
4vyMkz2BVZiQAkAIE4wasR,Christmas Canon - 2016 Remaster,The Ghosts of Christmas Eve,"[""Trans-Siberian Orchestra""]",2016,Pop,Calm,english,1.5729222772026008
3nzqvoFGl09HVmZSwzOKO5,Christmas Day,Music From The Happy Elf,"[""Harry Connick, Jr.""]",2011,Jazz,Calm,english,2.7930245673426137
19BwRkFDNzLeheRNcDRDXq,Christmas Is Here,A Christmas Memory,"[""Vince Guaraldi"", ""Meral Guneyman""]",2004,Pop,Calm,english,1.5824351528283362
3r9h3NP6aSwI3oPSpKYa5f,Christmas Lullaby,The John Rutter Christmas Album,"[""John Rutter"", ""The Cambridge Singers"", ""City of London Sinfonia""]",2002,Classical,Calm,english,2.869754971898129
429ueHQlME08V8nQg5JTn7,Christmas Present,Personal Christmas Collection,"[""Andy Williams""]",1994,Pop,Calm,english,1.955601055396692
7uHNmFnjAmMUTVzkiIY5Cw,Christmas Star,Home Alone 2: Lost In New York (Original Score),"[""John Williams""]",1992,Classical,Calm,english,2.77049267513709
1f9WJ3jehvcxTK5OTTYiOO,Christmas Time Is Here,Christmas Songs,"[""Diana Krall""]",2005,Jazz,Calm,english,2.6138824695816765
2GWrJcQoR7OkiHXrawY5un,Christmas Time Is Here,Jerry Christmas,"[""Jerry Douglas""]",2009,Country,Calm,english,1.9908559080072976
3bMfUUpzUzqWp9II00yRhE,Christmas Time Is Here,Charlie Brown Holiday Hits,"[""Vince Guaraldi Trio""]",1998,Pop,Calm,english,2.537021388769639
5OGh55D2BCGYzwn3wEeJAN,Christmas Time Is Here,All I want For Christmas Is Music,"[""Vince Guaraldi Trio""]",2022,Pop,Calm,english,2.536926650355089
4PC7eF0AUPcol7wzdE8lit,Christmas Time Is Here - Vocal,Christmas Songs 2022,"[""Vince Guaraldi Trio""]",2022,Pop,Calm,english,2.49820952895129
4n93v928IWO70XJjh7adCQ,Christmas Time Is Here - Vocal,Rockin' Around The Christmas Tree 2022,"[""Vince Guaraldi Trio""]",2022,Pop,Calm,english,2.49820952895129
4rCgpfFO0P5ReUwGUnzqlP,Christmas Time Is Here - Vocal,Lonely Christmas 2022,"[""Vince Guaraldi Trio""]",2022,Pop,Calm,english,2.49820952895129
6EzC80O5pl3vPkh4bST7V5,Christmas Time Is Here - Vocal,Best Christmas Playlist Ever 2022,"[""Vince Guaraldi Trio""]",2022,Pop,Calm,english,2.49820952895129
6P94tFXxkdwPevLUI64aIM,Christmas Time Is Here - Vocal,Xmas Classics 2022,"[""Vince Guaraldi Trio""]",2022,Pop,Calm,english,2.49820952895129
7HIwCTqtsOFRUGyNuXKpg3,Christmas Time Is Here - Vocal,Slow Christmas Songs 2022,"[""Vince Guaraldi Trio""]",2022,Pop,Calm,english,2.49820952895129
7avk3PV0HoD3UQ6NXkauJ7,Christmas Time Is Here - Vocal,Christmas Classics,"[""Vince Guaraldi Trio""]",2022,Pop,Calm,english,2.49820952895129
4WPw9shOzxaA4cWws44Xjd,Christmas at Hogwarts,Harry Potter and The Sorcerer's Stone Original Motion Picture Soundtrack,"[""John Williams""]",2001,Classical,Calm,english,2.979858154611251
01YSMsHRtbrQ1emsM203Ao,"Christmas, Why Can't I Find You? - From ""Dr. Seuss' How The Grinch Stole Christmas"" Soundtrack",Dr. Seuss' How The Grinch Stole Christmas,"[""James Horner"", ""Taylor Momsen""]",2000,Classical,Calm,english,2.3871776204025306
2HsvlvybQp5I2mrqvW0pPw,Chromatic Chimera,"WE, Invaders","[""Unexpect""]",2003,Classical,Calm,english,1.1956264018150389
1Zrk3A3vq5T8SSkYU0Tzic,Chrysalis,Fire-scene b/w Chrysalis,"[""S. Carey""]",2014,Folk,Calm,english,2.6584375822373687
1gp42C1ZeQyijMAYanBZYD,Chumming the Ocean,All the Nations Airports (Deluxe Remaster),"[""Archers Of Loaf""]",1996,Rock,Calm,english,1.2177947184292672
0QtgEaGzAEQmOHCdem9OXk,Church of the Pines,Live at Phoenix Public House Melbourne,"[""Mark Kozelek""]",2013,Rock,Calm,english,1.9979836414796224
15Prc5SXgLs4cuaxO9ADas,Church of the Pines,Admiral Fell Promises,"[""Sun Kil Moon""]",2010,Rock,Calm,english,2.10128147892495
1U5OinSR8eUAbbZwCwBrTT,Cindy Tastes of Barbecue,Rendezvous,"[""Luna""]",2004,Pop,Calm,english,1.0699189122703472
0DEM8m8wZJFtKElpqYO94w,Circe,The Lotus Eaters,"[""Wendy Rule""]",2003,Folk,Calm,english,1.997928388528157
1c5kGC2UfLBe5IHds7xVzC,Circle Eight,The Fall Of A Rebel Angel,"[""Enigma"", ""Nanuk""]",2016,Classical,Calm,english,2.575177193605252
1zgmOTTQmmM5jBLJE4GSlS,Circles,Circles,"[""Lofi Fruits Music"", ""Chill Fruits Music""]",2020,Electronic,Calm,english,1.9356172529315605
4M3FewXKGlS8yAtv4D2mbA,Circumspection,Raspail,"[""Arcana""]",2008,Electronic,Calm,english,2.92838099228854
50yTNsvZfxouRpla1ipM1n,Circus,Do You Like My Tight Sweater?,"[""Moloko""]",1995,Electronic,Calm,,1.5581720971451
3m8nbf9WQMWSsOOoyokgdo,Citios,Created in the Image of Suffering,"[""King Woman""]",2017,Rock,Calm,english,5.746686828447603
22SBo6qLv4E3L6YS1sWZh5,City of Hope,Brave New World,"[""Amanda Cook""]",2015,Pop,Calm,english,3.1923787087084308
5DlPtFLi89Dcpsl0EJfvWD,City of Hope,Brave New World,"[""Amanda Cook""]",2015,Pop,Calm,english,3.012477042592012
0FAnTSDD883znz55RBQfuD,City of Stars,City of Stars,"[""Scott Bradlee""]",2017,Jazz,Calm,english,1.680047091666465
19G6bVCbVJAeThGNfk4JsO,City on the Hill,Spotlight (Original Motion Picture Soundtrack),"[""Howard Shore""]",2015,Classical,Calm,english,2.3903348021383515
6tUaMXnI5ad1Ki4dK3ZnTq,Claire's Horrors - O2 Mix,Oddities Too,"[""London After Midnight"", ""Sean Brennan""]",2022,Rock,Calm,english,3.3161182770207245
0kSFJsYOxPVIudCYEkPYS6,Class Clown Spots a UFO,Suitcase 3: Up We Go Now,"[""Guided By Voices""]",2009,Pop,Calm,english,2.990353299560671
6v9WJIB7Cc1KBDNPHj5F0j,Clearhead,Big Laughing Jym,"[""Bardo Pond""]",1995,Rock,Calm,english,4.352028364117754
3IL43TRkEnh4buGOZ1Brb5,Clearing,Ruins,"[""Grouper""]",2014,Rock,Calm,english,1.4041152684380234
36eterwS1MVejC26DcX0ij,Clementine,Castaways and Cutouts,"[""The Decemberists""]",2002,Classical,Calm,english,1.4908408708388752
1bbwDEGlWSssT45CxEYpaF,Cleo's Apartment,Trouble Man,"[""Marvin Gaye""]",1972,R&B,Calm,english,2.750752969817848
6dxr1LQLcU5ZZKJtBImtqh,Climbing Up the Walls,Strung Out On OK Computer: VSQ Performs Radiohead,"[""Vitamin String Quartet""]",2001,Classical,Calm,english,3.047549839177253
34cJE7clNsIKFmfQJ17coZ,Close Every Door,Joseph And The Amazing Technicolor Dreamcoat (Canadian Cast Recording),"[""Andrew Lloyd Webber"", ""Donny Osmond"", ""\""Joseph And The Amazing Technicolor Dreamcoat\"" 1992 Canadian Cast""]",1992,Classical,Calm,english,2.8304775869992715
0X5AtAPdzw1tG5tKgzSn5e,"Close Every Door - Canadian Cast Recording Of ""Joseph And The Amazing Technicolor Dreamcoat""",Musikalfavoriter,"[""Andrew Lloyd Webber"", ""Donny Osmond"", ""\""Joseph And The Amazing Technicolor Dreamcoat\"" 1992 Canadian Cast""]",2021,Classical,Calm,english,2.8238668734798247
3WFWDVk1eIPnAZtYeRqk5i,Close To You,Momento,"[""Bebel Gilberto""]",2007,Jazz,Calm,english,3.061987951324079
6MsqsNDfmGuzADjitqFKsU,Close Your Eyes,Big Bands of the 30's,"[""Al Bowlly"", ""Ray Noble & His Orchestra""]",1984,Jazz,Calm,english,2.2530713851202586
74TDaNtYMrkfYnB3Ur5nsh,Closeness,Mydata,"[""Katie Dey""]",2020,Pop,Calm,english,4.062310657053689
2IuXCvN8FrdCnM4ptAsye9,Closer,Things We Lost in the Fire,"[""Low""]",2001,Rock,Calm,english,2.763963199970747
2P08fkzEkoHBslFsfsWVrH,Closer,The Hell You Say,"[""Cory Branan""]",2002,Country,Calm,english,2.8586429016000707
3yCyh1UMf4eos4vqoi6eGa,Closer,Without Words: Synesthesia,"[""Bethel Music""]",2015,Pop,Calm,english,2.335068927746063
0qs2lEMAMQ47jijRZEKvye,Closer to the Speed of Sound,"Transmission, Flux","[""Duster""]",1997,Rock,Calm,english,1.846081378385312
4Ca2QcR3M1Wa6DHFdIjVPc,Closer to the Speed of Sound,Capsule Losing Contact,"[""Duster""]",2019,Rock,Calm,english,1.846081378385312
4WFiY5WmeldfDjV8IS9mhF,Closing,The Nightmare Before Christmas,"[""Danny Elfman""]",1993,Classical,Calm,english,1.414670882225001
3a2ipsDjpcKoGd50ogvU9S,Cloudless,Forever,"[""Cranes""]",1993,Rock,Calm,english,1.824928390662296
4O7tTBpjlyTIvQL7v8rQ5E,Cloudless,Live in Italy,"[""Cranes""]",2003,Rock,Calm,english,4.36825861870462
1UgsKMMyIDNs5TZPOWC9pj,Clover,Le Foret,"[""Xiu Xiu""]",2005,Pop,Calm,english,2.09872668550698
58RmIebaLIgMO7aE31ZuEk,Coatlicue S.,No era sólida,"[""Lucrecia Dalt""]",2020,Electronic,Calm,,3.287167006554441
4wVSeaXaZJ3IEAdpo4N0ps,Cobra,Chocolate and Ice EP,"[""My Morning Jacket""]",2002,Rock,Calm,english,1.4955617917488255
4dhox7dGyHnNfnqpk9oIKK,Cocaine Blues,Pure Religion and Bad Company,"[""Rev. Gary Davis""]",1991,Blues,Calm,english,3.232388847156081
3bsk2vfwMOERUd8wwKMcWn,Cocaine Daughter,Frozen Niagara Falls,"[""Prurient""]",2015,Rock,Calm,english,2.174713157019547
52hgUDQGClEApO63D6wRrL,Cocaine Death,Cocaine Death,"[""Prurient""]",2009,Rock,Calm,english,3.079797645560308
3Y101Jupidy23Xx7tFJcG9,Coco-Yam Song,Protein Source Of The Future... Now!,"[""The Mountain Goats""]",2002,Folk,Calm,english,3.111475365912367
5QTQBCkUV3osJPNS2XVgEX,Coconut Grove,Crazy from the Heat,"[""David Lee Roth""]",1985,Rock,Calm,english,2.354378405287332
5Ti10Bs7lnXlWftxeBUpeb,Cocoon,Magic neighbor,"[""Lisa Germano""]",2009,Rock,Calm,english,2.2190110291530325
4sLGaMl33I6mcsk7u4xHAU,Codex,The King Of Limbs,"[""Radiohead""]",2011,Rock,Calm,english,1.9345014652991663
6ttYF5VadzTssGV2i1Q08T,Codex,The King Of Limbs,"[""Radiohead""]",2011,Rock,Calm,english,1.905758196368266
429NtPmr12aypzFH3FkN9l,Coffee,Coffee,"[""beabadoobee""]",2017,Pop,Calm,english,1.37017126511432
02qyINAapIsRrlCE4mWgsr,Coke Babies,Anyone Can Play Guitar,"[""Radiohead""]",1993,Rock,Calm,english,2.3939924296438435
70LuK5pY00bWwKgId4Ko5a,Cold Irons Bound,I'm Not There (Music From The Motion Picture - Original Soundtrack),"[""Tom Verlaine"", ""The Million Dollar Bashers""]",2007,Rock,Calm,english,1.5370609073324677
7cVRza8t4QagrBqfvBo1mI,Cold Irons Bound,I'm Not There (Music From The Motion Picture),"[""Tom Verlaine"", ""The Million Dollar Bashers""]",2007,Rock,Calm,english,1.5163899180014206
2TxokB2McWjHWgDFVRPV8p,Cold Mountain,Dawn,"[""Mount Eerie""]",2008,Folk,Calm,english,2.146213877653925
2O5nT5bi41cqq7ErT4KM3g,Cold Mountain Song #286,Seven New Songs,"[""Mount Eerie""]",2004,Folk,Calm,english,1.2489154556412738
0c0ZVPQPNOfoW16dSa891N,Cold Out There,Opalescent,"[""Jon Hopkins""]",2001,Electronic,Calm,english,1.8833964304355464
4z8MKWVvELtOmGNQuaTGQM,Cold Out There,Opalescent,"[""Jon Hopkins""]",2001,Electronic,Calm,english,1.8698862112345709
6SvmZn0i3anxzQ5a0X1CJ2,Cold Rain,CSN,"[""Crosby, Stills & Nash""]",1977,Folk,Calm,english,2.348487237510545
2wxdHDDkB6f0MtlKQnAmiF,Cold Water,OIL OF EVERY PEARL'S UN-INSIDES NON-STOP REMIX ALBUM,"[""SOPHIE""]",2019,Electronic,Calm,english,2.020907605051679
4LzNnHtJG9JxhfH3LJbugV,Cold Wind Blowin',The Big Dream,"[""David Lynch""]",2013,Electronic,Calm,english,3.53072263165286
79pxPEtAqnwmG4M2QBROse,Cold World,OIL OF EVERY PEARL'S UN-INSIDES NON-STOP REMIX ALBUM,"[""SOPHIE""]",2019,Electronic,Calm,english,4.557955766997752
0AKBrJEgqajnjQ07NcBj0Q,Collecting Stones,Cranes,"[""Cranes""]",2008,Rock,Calm,english,2.187149429472389
4boKsQBVV81CSbRI8vn77p,Collide,Caveat Emptor,"[""Red Flag""]",1998,Pop,Calm,english,1.710997600184336
1WNM7dOZMZXNAuUvRfT4Gh,Color of Water,End of Amnesia,"[""M. Ward""]",2001,Folk,Calm,english,2.3708789348276644
2IPvbLdXCDsOLpgmwlfk6x,"Coloratura Soprano Concerto, Op. 82: I. Andante",Gliere: Coloratura Soprano Concerto / Harp Concerto / Ginastera: Harp Concerto,"[""Reinhold Gli\u00e8re"", ""Eileen Hulse"", ""City of London Sinfonia"", ""Richard Hickox""]",1992,Classical,Calm,english,2.133047092811926
2ZO1ZGpzkXltaCF3MTrzW3,Colorful,Cranberry,"[""Hovvdy""]",2018,Electronic,Calm,english,2.1355091011821408
6xIzQj6zQ4jG9nLMCPvKxR,Colour My World,US Hot 100 Hits of 1971,"[""Chicago""]",2019,Pop,Calm,english,1.322703020121177
2oa53bhiNPCz2CGh26AYxi,Colourway,Bathing Beach,"[""Novo Amor""]",2017,Electronic,Calm,english,2.5445811346282348
1ql7B8knGgf009uJYWeKZo,Come And Play In The Milky Night (Demo),Cobra And Phases Group Play Voltage In The Milky Night (Expanded Edition),"[""Stereolab""]",1999,Rock,Calm,english,1.447391801067181
3vyFEiNkP9aTlskwm7RlDk,Come As You Are,Bing! Bing! Bing!,"[""Charlie Hunter Trio""]",1995,Jazz,Calm,english,2.10060156006959
1hrNlWZRStu59009HLwSui,Come Back,Legacy Of Brutality,"[""Misfits"", ""Glenn Danzig""]",1985,Rock,Calm,english,2.031188868263472
3m0o7TsBfYe6ENOPQcX6tb,Come By Storm,Beasts Of Seasons,"[""Laura Gibson""]",2008,Electronic,Calm,english,1.4674641566364257
2mHNdr7PZQOg9u4IXfl7x1,Come Here,Moonlight,"[""Kath Bloom"", ""Loren Connors""]",1984,Classical,Calm,english,1.2055089115866595
2OpsNKWKp9Y9MDkY1fMlTq,Come Here Beautiful,Standard Gargoyle Decisions,"[""Robert Pollard""]",2007,Pop,Calm,english,1.8223557683928764
6BoWlKRPSDMjab0k42FfyJ,Come Holy Ghost,Jonathan Harvey: Deo,"[""Jonathan Harvey"", ""Choir of St. John's College, Cambridge"", ""Andrew Nethsingha""]",2016,Classical,Calm,english,2.650904913853474
2oidVf7PrrQp7fJ6E2GKO3,Come Into The Garden,Family Tree,"[""Nick Drake""]",2007,Folk,Calm,english,2.508648559317601
1bSFWyVcamk2V5cSIzPvFj,Come Into The Garden (Introduction),Family Tree,"[""Nick Drake""]",2007,Folk,Calm,english,2.352675708218896
1sVzCHBkUaDWdXzhBV7URj,"Come Josephine, In My Flying Machine (From ""Titanic"" Soundtrack)",Back to Titanic - More Music from the Motion Picture,"[""Fred Fisher"", ""James Horner""]",1998,R&B,Calm,english,3.6464001239771697
3e8g0HAHYzxigyeFzDQfKk,"Come Josephine, In My Flying Machine (From ""Titanic"" Soundtrack)",Titanic: Original Motion Picture Soundtrack - Collector's Anniversary Edition,"[""James Horner"", ""Fred Fisher""]",1997,Classical,Calm,english,3.247974530646305
79UtusDBBW4aTlZyq3qbzf,"Come Josephine, In My Flying Machine (From ""Titanic"" Soundtrack)",Titanic: Original Motion Picture Soundtrack - Collector's Anniversary Edition,"[""James Horner"", ""Fred Fisher""]",1997,Classical,Calm,english,3.2487510301884286
674SPPIyGnOcr2CpdIRJDb,Come Rain or Come Shine,Dr. John Plays Mac Rebennack The Legendary Sessions Vol. 2,"[""Dr. John""]",2006,Blues,Calm,english,0.5144178496100327
3JyPrk7TuXyBY5eTmwZsSk,Come Softly - For Daniel D.,A I A: Alien Observer,"[""Grouper""]",2011,Rock,Calm,english,2.7013209683158204
3cZy3xposke6YmfeVTenZw,Come Sunday,"Take The ""A"" Train","[""Duke Ellington"", ""Canadian Brass""]",1999,Jazz,Calm,english,2.0723437807176928
55RKvZXdAC9reDXXka4f8h,"Come Sunday (from Black, Brown And Beige)",Ken Burns Jazz-Duke Ellington,"[""Duke Ellington""]",2000,Jazz,Calm,english,3.1249149876420854
1YQ0vVVE0Fd8IwxT19NrVF,Come To Me (Fantine's Death),Les Misérables (Original Broadway Cast Recording),"[""Colm Wilkinson"", ""Randy Graff""]",1987,Classical,Calm,english,2.530413885074424
53eZidUkmcllxnvu7aTgNL,Come Together,Blackbird - The Beatles Album,"[""Milo\u0161 Karadagli\u0107""]",2016,Classical,Calm,english,1.5653309087592735
75JkjrI5b3qAufON4SWrBm,Come What May,Come What May / Thought I Could Manage,"[""Taylor Armstrong"", ""Sarah Juers""]",2019,Folk,Calm,english,2.7680728569801665
4mWbskHFIv134A0udHZvHH,"Come Down, O Love Divine",Rutter: Mass of the Children & Other Works,"[""John Rutter"", ""Elin Manahan Thomas"", ""The Cambridge Singers""]",2003,Classical,Calm,english,2.8545047633972365
0I0i0baAjsJMlTq4rw8w5Q,Come to Me,Voices,"[""Vangelis"", ""Caroline Lavelle""]",1996,Folk,Calm,english,1.9357074659678
1DIRborPzCmfYhDQW5DRw8,Come unto Him,I Stand All Amazed: Peaceful Hymns of Devotion,"[""Daniel Carter"", ""BYU Singers"", ""Ronald Staheli""]",2012,Classical,Calm,english,1.9482105018896403
3E37l7v9YBJr7qwnG2FAUv,"Come, Come Ye Saints",The Mormon Tabernacle Choir Super Hits -- The Lord's Prayer,"[""Traditional"", ""Eugene Ormandy"", ""Alexander Schreiner"", ""Frank W. Asper"", ""The Tabernacle Choir at Temple Square"", ""Philadelphia Orchestra""]",2000,Classical,Calm,english,2.714827824734321
18LOrLJXKpW5DUeJqMHiba,"Come, Come Ye Saints (Arr. L.J. Robertson for Choir & Orchestra)",The Pilgrim's Journey Home,"[""Traditional"", ""BYU Combined Choirs and Orchestra"", ""Kory Katseanes""]",2015,Pop,Calm,english,2.766900109684441
1OwrupsLNMPnIBgIcK9DtD,"Come, Come, Ye Saints (Arr. R. Staheli)",We Sing of Christ: The Songs of Zion,"[""Traditional"", ""BYU Singers"", ""Ronald Staheli""]",2015,Classical,Calm,english,3.1472945181493097
1On1nFGXtHQ3VHOR8F2uEi,Comedy - Tragedy,Comedy (Tragedy),"[""Jeff Satur""]",2020,Pop,Calm,english,2.486062877063832
1SWmRHLbOYM8i2efzC789Q,Comfort,Matawan - Collected Works 2010-2014 (2017 Version),"[""Planning For Burial""]",2017,Rock,Calm,english,3.697740609050924
02QGW1hPDxBizOPRrczqkw,Comfortably Numb 2022,Comfortably Numb 2022,"[""Roger Waters""]",2022,Rock,Calm,english,1.502931758315294
7wvv3OLPrX0pENjcDDLLbS,Coming Down Again - Remastered,Goats Head Soup (Remastered 2009),"[""The Rolling Stones""]",1973,Rock,Calm,english,2.5129328207041075
1F1PxPbAW0wr9EVD9o11lh,Coming Home,Heroes Are Hard to Find,"[""Fleetwood Mac""]",1974,Rock,Calm,english,2.174377437786706
6DuhDVruwz2bG6vE54PnP1,Coming Home,The Assassination of Julius Caesar (Five-Year Anniversary Edition),"[""Ulver""]",2017,Rock,Calm,english,2.9852400691329506
11OMcTikgMcspOnagkBwmW,Coming of a God,Jodorowsky's Dune (Original Soundtrack),"[""Kurt Stenzel""]",2015,Electronic,Calm,english,2.9151312867348227
1YwglvmMof9HZLt9JZRfaZ,Common Burn,Seasons of Your Day,"[""Mazzy Star""]",2013,Rock,Calm,english,1.607581327411519
72iYfBDEF6dNVeekA8ppyB,Communist Daughter,In the Aeroplane Over the Sea,"[""Neutral Milk Hotel""]",1998,Folk,Calm,english,2.804981323766168
3VHBKAA2SDBtiLYIGnWlVi,Concept Unification,Relapse Sampler 2019,"[""Pinkish Black""]",2019,Rock,Calm,english,3.3467302345745416
7xPgNknl5QOQ4EFyRIF5GV,Concept Unification,Concept Unification,"[""Pinkish Black""]",2019,Rock,Calm,english,3.434546341232989
16ifz9vVtc2ZTPOdcioyGS,"Piano Concerto No. 9 in E Flat Major 'Jeunehomme', K272: II. Andantino",Mozart: Piano Concertos Nos. 23 & 9 'Jeunehomme',"[""Wolfgang Amadeus Mozart"", ""Imogen Cooper"", ""Royal Northern Sinfonia""]",2006,Classical,Calm,english,1.804377420274005
5Y1A4C3ojxHCadg0wMFlJ0,Concrete and Gold,Concrete and Gold,"[""Foo Fighters""]",2017,Rock,Calm,english,4.286113636087497
6FmA0C7U8o7U4LvvyuV5wP,Condition,Continua,"[""Nosaj Thing"", ""Toro y Moi""]",2022,Electronic,Calm,english,2.200283610370148
6EHErFDYpkNUL8hOD044MG,Conesuala #1 - Live in London 1969,A Whole Zinc of Finches,"[""T. Rex""]",2010,Rock,Calm,english,5.084089733756651
7DNgSvSgPjYClF6qYoxAt7,Conesuala #2 - Live in London 1969,A Whole Zinc of Finches,"[""T. Rex""]",2010,Rock,Calm,english,4.969804571266288
6ncw0RQa5p0KFeD3okhb6R,Confederate Jasmine,Shepherd in a Sheepskin Vest,"[""Bill Callahan""]",2019,Country,Calm,english,1.6774567924352972
5sdbloLEbwXXpxqeEGs37f,Confession,Shai Maestro Trio,"[""Shai Maestro""]",2012,Jazz,Calm,,2.344929739189128
2m7R6reSLWxnz2YIlVG1Q9,Confession Of The Mind,The Fall Of A Rebel Angel,"[""Enigma""]",2016,Classical,Calm,english,1.7548024827877016
6Nz5qo3RfjBRoDzNAfLGcI,Conflict,What Makes Us Human Is Obsolete,"[""Zygnema""]",2015,Pop,Calm,english,1.8347903276391533
1culjWWkhv047LVOOAwgwh,Conjuration,Live - Demons of the Night Gather to See,"[""Black Widow""]",2008,Rock,Calm,english,1.889725642342441
1JbbIS4T97ANH30px8nFXg,Convict,Low Level Owl: Volume 1,"[""The Appleseed Cast""]",2001,Rock,Calm,english,3.05265391326995
1exTqUQX49StcQuDzAjAIH,Convict,"Low Level Owl, Vol. 1 + 2","[""The Appleseed Cast""]",2011,Rock,Calm,english,3.05265391326995
39ofL3lwQrIYib9K2FLv1y,Cool,Starry Cat,"[""Starry Cat""]",2015,Electronic,Calm,english,1.898956404818165
0i83WNaGoCtxO1iRUQIDCV,Cool Town Woman,Cool Town Woman,"[""Tony Joe White""]",2018,Blues,Calm,english,2.330720524055827
6uM8Ss8qDaZC9y0PWYE23a,Cool Town Woman,Bad Mouthin',"[""Tony Joe White""]",2018,Blues,Calm,english,2.330720524055827
2NPali76XnL758oCDch0em,Cool Waters of Life,Cool Waters of Life,"[""Diane Arkenstone""]",2022,Folk,Calm,english,2.392083541423679
5YfOtpJYK5ecw3mfwMagq4,Corky Gets It,Bad Channels,"[""Blue \u00d6yster Cult""]",1992,Rock,Calm,english,2.156370301322739
3yzyx0fHUywFSV3VO7u6ba,Cormacus Scripsit,St. Patrick: The Irish Legend Soundtrack,"[""An\u00fana""]",2013,Folk,Calm,english,2.324980605104254
44H6JrQ2tSI9nvQG7f8tcn,Cormacus Scripsit,ANÚNA,"[""Michael McGlynn"", ""An\u00fana""]",2005,Folk,Calm,english,1.833465174614164
4wfZC4MKMg9ussdtpJARW8,Cornelia and Jane,Fade (Deluxe Edition),"[""Yo La Tengo""]",2013,Pop,Calm,english,1.0644195066245925
744I1jVGAQYfC3VujOtARn,Cornwall Stone,The Waking Hour,"[""Dalis Car""]",1984,Rock,Calm,english,1.6852711738998516
1HzRvUWpiFlvNzH7gr4Nqp,Corpus Christi Carol,Emotion & Commotion,"[""Jeff Beck""]",2010,Blues,Calm,english,1.4351235880248814
2clHscNCIHYYwFVy7Nu8zu,Cosmic Sailor,Ominous,"[""Lake Of Tears""]",2021,Rock,Calm,english,2.100504397304104
2ACMGP6fkvNQcPAa2Xenn7,"Cosmic Sequence / Tumak Meets Luana / In The Domain Of The Shell People / Eruption Of The Volcano (From ""One Million Years BC"")",Epics - The History Of The World According To Hollywood,"[""The City of Prague Philharmonic Orchestra""]",2005,Classical,Calm,english,2.3320189178581554
5mamqXT3JspUGIfcHS0DHO,Could I Stay The Honest One,A Chaos Of Desire,"[""Black Tape For A Blue Girl""]",1991,Electronic,Calm,english,2.26586368819388
4VPdZAJvUnxEzisdT1kMtT,Could You Be Messiah?,Beyond Words,"[""Raul Sunico""]",2002,Folk,Calm,english,0.9027393156600656
4qDe4b7jUDIq4WvKiUdLam,Count Your Blessings Instead of Sheep,Somethin' like Love,"[""Steven Pasquale""]",2009,Classical,Calm,english,1.853178877153902
0UunQrhCRajMi4kwYtfNeT,County Farm Blues,Depot Blues,"[""Son House""]",2000,Blues,Calm,english,4.088278371359351
1rYq11AeKgHrsctrXzfAC8,Coventry Carol,Carols From Cambridge: The Very Best Sacred Christmas Carols,"[""Choir of King's College, Cambridge"", ""Sir David Willcocks""]",2013,Classical,Calm,english,2.233157528987809
2gTWKVlbAkqpjb6M0BySLB,Coventry Carol,Libera: The Christmas Album (Standard Edition),"[""Libera"", ""Robert Prizeman""]",2011,Classical,Calm,english,2.9849761899165665
6gISpK0oO8OjUHgzgqoa8f,Coventry Carol,Christmas Celebration,"[""Anon"", ""Winchester Cathedral Choir"", ""David Hill""]",1990,Classical,Calm,english,2.997129327099469
7dN3rRa5bUEKQUBLxC21ge,Covers You,Awakened to the Sound,"[""Future Of Forestry""]",2016,Folk,Calm,english,1.879071425610308
1Pxk92XAQEuTGWvu9w4OGN,Cowboy,Gold Record,"[""Bill Callahan""]",2020,Country,Calm,english,1.7516052445391104
0jWfCeKEbH7AVLQZtAxG2T,Cows,Wolfroy Goes To Town,"[""Bonnie Prince Billy""]",2011,Country,Calm,english,2.4001723612586243
29EZUt263tje1IfZBTFyjT,Cracking The Russian Codes - A Beautiful Mind/Soundtrack Version,A Beautiful Mind (Soundtrack),"[""James Horner""]",2001,Classical,Calm,english,3.3525539559351114
1qVdec48EB6wEMVX55zh1p,"Cracking The Russian Codes - From ""A Beautiful Mind"" Soundtrack",A Beautiful Mind (Original Motion Picture Soundtrack),"[""James Horner""]",2001,Classical,Calm,english,2.553712758595951
4c6jnZwimbB8mZXMNM6VLN,Cracks In The Canvas,A Woman A Man Walked By,"[""PJ Harvey"", ""John Parish""]",2009,Pop,Calm,english,1.6697922446423403
1rXFxQmwNY8eZPqPiYbrlN,Cranberry,Cranberry,"[""Hovvdy""]",2018,Electronic,Calm,english,2.0823146603685165
2GhmkBgS0nyanrEcIM6540,Crappie Tactics,Upgrade & Afterlife,"[""Gastr Del Sol""]",1996,Rock,Calm,english,2.708336011650604
4cizvJybbZ1JQ4s7rdzvct,Crawl,Kammerspiel,"[""Conquering Animal Sound""]",2011,Electronic,Calm,english,2.350062828257326
0lofpAnHybtsKOTUQSoA62,Crawl Away,Thriller,"[""Lambchop""]",1997,Country,Calm,english,1.622322054271968
6ERLryBaQNIdIc8zUc88Nj,Crawl Through Kansas,Kelley Hunt,"[""Kelley Hunt""]",2009,Blues,Calm,english,2.4784639474133203
2I6viSpAhtXEBn5tQVuFZw,Crazy (with Willie Nelson),Duets,"[""Paul Anka"", ""Willie Nelson""]",2013,Country,Calm,english,3.01914866392005
5j6tQBJnNG4wLLdVISJ5g2,Crazy Blues,Mamie Smith Vol. 1 (1920-1921),"[""Mamie Smith""]",1995,Blues,Calm,english,1.931687497613981
1nRNHsiwyDAR5a7KkLr1R2,Crazy Moon,Future,"[""Soma Sonic""]",1999,Electronic,Calm,english,2.5880128205697805
7MHjQUf8zz7QDp5bOFVbaE,Creaking,Range of Light,"[""S. Carey""]",2014,Folk,Calm,english,2.7530627295817145
5WW5Edp1cnQasx2KKSyB0A,Creased,Rivulets,"[""Rivulets""]",2002,Rock,Calm,english,1.9600084799470288
3Mz4SvGYz0006jcJzXZN6Q,Creep - Single; Parental Advisory Version,Creep,"[""Scala & Kolacny Brothers""]",2010,Classical,Calm,english,4.528651762675371
0fGyPcHr49xYbdxvjcEvVT,Creepyaskudzu,The Mezzanine,"[""Liz Durrett""]",2006,Folk,Calm,english,2.8184993483067275
3ItOHtEt2ePMGvZYfzdUYj,Crippled Bird,Something Special,"[""Dolly Parton""]",1995,Country,Calm,english,3.1681621557821096
4tNOfhGP8AlsAPrMiQqUfd,Crist and St. Marie,ANÚNA,"[""Michael McGlynn"", ""An\u00fana""]",2005,Folk,Calm,english,1.773659382223227
0MZYLqdU5TvwuOAtLgggxd,Crossing,Quiet Signs,"[""Jessica Pratt""]",2019,Electronic,Calm,english,2.177152745278024
1r5p45NA5v0Sr8kFIsQ0rl,Crossing,Quiet Signs,"[""Jessica Pratt""]",2019,Electronic,Calm,english,2.182694843830712
3m3f5ZxTqIbVhGTWmUzHeO,Crossing,Quiet Signs,"[""Jessica Pratt""]",2019,Electronic,Calm,english,2.177152745278024
384R02UyN6Iscm4efQiSJ9,"Crow, Pt. 2",Now Only,"[""Mount Eerie""]",2018,Folk,Calm,english,2.277336699427469
6lyDbzWGbIYDwdgrtXd18K,Crowd of Drifters,The Charm of the Highway Strip,"[""The Magnetic Fields""]",1994,Folk,Calm,english,2.330401507582083
0PJLld7mZM0LJrO0ITnUF3,Cruelty Brought Thee Orchids (Orchestral),Midnight in the Labyrinth,"[""Cradle Of Filth""]",2012,Rock,Calm,english,2.684844119449638
2noEC16d6vz8sRsHRhZBMI,Crumble,Doomsday Afternoon,"[""Phideaux""]",2007,Rock,Calm,english,1.498985842339332
3ILMHTF0uUwTtUOBcaOEx1,Cry Me A River,V For Vendetta (Music From The Motion Picture),"[""Julie London""]",2006,Jazz,Calm,english,3.188329063262387
57bIqEtD8sO3NsagJSaZsb,Cry Me A River,HMV Easy: The Julie London Collection,"[""Julie London""]",1999,Jazz,Calm,english,2.6091193366888823
4VgIufTrPMHDrUOinDAmXF,Cry On - Live,"The Commissioned Reunion - ""Live""","[""Commissioned""]",2002,R&B,Calm,english,2.9833396265242924
5ta3t5QdhLZXPxvxYUqZLA,Cry for the Weeper,Black One,"[""sunn O)))""]",2005,Rock,Calm,english,2.761610265897529
5eo2n56QLKdhr8aZK18djo,Crying From Outside,"To Be An Angel Blind, The Crippled Soul Divide","[""The Tear Garden""]",1996,Rock,Calm,english,1.9079660426438936
6wukZVwAYi5WFtqL3iXwb8,Cryndod Yn Dy Lais,Mwng (Deluxe Edition),"[""Super Furry Animals""]",2000,Pop,Calm,english,2.224119192326446
2BmknHe6I123zfJvrcZ248,Cubic Caesar,Plutonium Blonde,"[""The Legendary Pink Dots""]",2008,Rock,Calm,english,2.3962614493213708
0RVERV5I1jNVQa0w3KgAtH,"Cummings & Mendelssohn: Hark! the Herald Angels Sing (After Mendelssohn's Gutenberg Cantata, WoO 9, MWV D4)",Classic Christmas Carols,"[""Felix Mendelssohn"", ""William Hayman Cummings"", ""Choir of King's College, Cambridge"", ""Ian Hare"", ""The Philip Jones Brass Ensemble"", ""Sir David Willcocks""]",2007,Classical,Calm,english,2.7494476420040628
5VZ0iTxcnqHM6Kx7fn0Rpi,Cursed Realms (Of the Winterdemons),Black One,"[""sunn O)))""]",2005,Rock,Calm,english,3.129400835823028
0LX1HubFa97L5sJnNVSe1u,Cursed Revelations,Telepathic with the Deceased,"[""Xasthur""]",2004,Rock,Calm,english,4.065722111840796
3BcfJqfXwfzvgE7Vz00jco,Cut The Cards,Reiter In,"[""Chris Whitley & The Bastard Club""]",2006,Rock,Calm,english,1.465235384584752
5gGpm0uZjPVdbKlfCqkXrj,Cutter,Debridement,"[""Rivulets""]",2003,Rock,Calm,english,0.6781752828674806
0Lm3loChnSsNS37nxvLYcN,Cutting Branches For A Temporary Shelter - Remastered 2008,Penguin Café Orchestra,"[""Penguin Cafe Orchestra""]",1981,Classical,Calm,english,2.510530025711168
4IECI8UbgXYqLQuVpgxN0u,Cyanotype of Blue,Zlaty Sauce Nephew,"[""Salami Rose Joe Louis""]",2017,Pop,Calm,english,2.2152152163031933
6hHDO5Pk0Dh8k3U0F7bdXG,Cybertronic Purgatory,Metropolis: The Chase Suite (Special Edition),"[""Janelle Mon\u00e1e""]",2008,Pop,Calm,english,1.2780129470501995
5j6mqjWsIwDYM8ppa2mmeM,Cylinders,Transparent Things,"[""Fujiya & Miyagi""]",2006,Electronic,Calm,english,1.5814407260416925
58MB60rzfDkXJtalRUaLys,D.A.R.L.I.N.G.,Devotion,"[""Beach House""]",2008,Pop,Calm,english,1.412574394496526
3MWDHcZknKnDYJabFPkAkS,DO You Know What It Means To Miss New Orleans,Heart Of Gold,"[""Ellis Marsalis""]",1992,Jazz,Calm,english,1.9354482426772224
70mnwC3G7Dy2JU9RLPRUdy,Da Da Da Da,Bee Hives,"[""Broken Social Scene""]",2004,Classical,Calm,,3.242660292165755
56DGIdLDR4Pzc8j179vvxv,Daffy Duck,Feels,"[""Animal Collective""]",2005,Rock,Calm,english,2.5504010436428075
3MmRfG64qt04Efx9gK9Ec8,Dagger,Souvlaki,"[""Slowdive""]",1993,Rock,Calm,english,1.6554336439131314
7F9kMWgWaXnMI1BDbnjMNw,Dagger,Souvlaki,"[""Slowdive""]",1993,Rock,Calm,english,1.677749336209194
1AsNMnhcRhLNkn8rTTXjcv,Damage,Damage,"[""David Sylvian"", ""Robert Fripp""]",2002,Rock,Calm,english,2.73924571960658
1VqZIPXYUxeW92lsWuJWB1,Damage,I Can Hear The Heart Beating As One,"[""Yo La Tengo""]",1997,Pop,Calm,english,2.8459214972751767
5KxU3upuFQW3MVPhs6pE2F,Damage,I Can Hear The Heart Beating As One,"[""Yo La Tengo""]",1997,Pop,Calm,english,2.988896667244439
5isZ6aoql0jYp6HyjpQJ3z,Damage Done,II,"[""Moderat""]",2013,Electronic,Calm,english,1.1442233869517966
7p8cfeA9cUPKegzZniqCtf,Damaged Sunset,Ghost Forests,"[""Meg Baird"", ""Mary Lattimore""]",2018,Electronic,Calm,english,1.6291330735911618
5s7PBYvyL2yQvVKSVHQlSs,Dan Marino,Boat Songs,"[""MJ Lenderman""]",2022,Country,Calm,english,2.677076391247052
6KZIyGGzM2gfGNKWmjy8rD,Dance Only With Me,Diva,"[""Blossom Dearie""]",2003,Jazz,Calm,english,2.2804985358313488
7tguA5RyxpijKTUVBvJajG,Dance With My Father,"Forever, For Always, For Luther","[""Rick Braun""]",2004,Jazz,Calm,english,2.13505406375885
2xpXFL4dWrWTwp6Rr1PjAe,Dance Around,Nursery Days,"[""Woody Guthrie""]",1992,Folk,Calm,english,3.296640313925266
4Agj0oG1yoKIGVdfI8j5T2,Dances With Fire,Everything Will Be Alright,"[""Alfred Nomad""]",2020,Electronic,Calm,english,1.541398737661756
2Zm6KDgIYpaKPOG267OBFv,Dancing and Blood,Double Negative,"[""Low""]",2018,Rock,Calm,english,2.547997504840275
3Qb06Q7qaypiBPFgpff9DK,Dandelion Wine,Gregory Alan Isakov with the Colorado Symphony,"[""Gregory Alan Isakov""]",2016,Folk,Calm,english,2.1880353780210897
5AeoHJUx0PJXAzN425xryh,Dandelion Wine,This Empty Northern Hemisphere,"[""Gregory Alan Isakov""]",2009,Folk,Calm,english,1.458432596923666
5gQcV8cHir576zLjHU72eM,Dangerous You Shouldn't Be Here,Le Foret,"[""Xiu Xiu""]",2005,Pop,Calm,english,2.061135506760163
3Sff65jjsMVIc2yo4GzNQu,Danny Boy,Let Your Voice Be Heard,"[""Cantus""]",2001,Classical,Calm,english,2.793832863795612
3q7S29Eu7AnJF9B1K8PhjP,Danny Boy,"Decade. The Songs, The Show, The Traditions, The Classics.","[""Celtic Woman""]",2016,Folk,Calm,english,2.708633212552966
41sLWORLTz7vK4JEANTfmM,Danny Boy,The Essential James Galway,"[""Traditional"", ""James Galway"", ""The Chieftains"", ""National Philharmonic Orchestra""]",2006,Folk,Calm,english,1.2755772106594885
5WOXt6lX8eHJftfvH2m3Nm,Danny Boy,Ireland's Greatest Hits,"[""John Gary""]",1996,Pop,Calm,english,2.921656340280761
6alDuIs1A4ntxDK04b3mBX,Danny Boy,Come By Me,"[""Harry Connick, Jr.""]",1999,Jazz,Calm,english,3.0666547495507843
775KJV4tJMyH7ajp6iInFz,Danny Boy - Remastered 2011,Super Best (Remastered 2011),"[""Nana Mouskouri""]",2011,Pop,Calm,english,2.84392626368488
5WHR8Q6iwyeE9SdKEYPKKR,Danny Boy - Live,Voices In Harmony,"[""Traditional"", ""Frederic Edward Weatherly"", ""Vocal Majority"", ""John Longhurst"", ""The Tabernacle Choir at Temple Square"", ""Jim Clancy""]",1987,Pop,Calm,english,3.877748220625894
3cykKQLj8ueX0t6slXzFRX,Danny Boy - Single Version,16 Most Requested Songs,"[""Andy Williams""]",1986,Pop,Calm,english,2.8154162144770547
02kYCQFBEHKpArFdOyJVxt,Dante's Prayer,The Book Of Secrets,"[""Loreena McKennitt""]",1997,Folk,Calm,english,2.265712551758157
0OnLEiVE6lC66uVvhCkzhw,Dante's Prayer,The Journey So Far - The Best Of Loreena McKennitt,"[""Loreena McKennitt""]",2013,Folk,Calm,english,2.238675799106772
3dltOJ3W1yR9AiVja3ff5V,Dark Delight,Es reiten die Toten so schnell,"[""Sopor Aeternus & The Ensemble Of Shadows""]",2003,Rock,Calm,english,2.9108917399110257
0lasWh1QQYtRCYSphmvvm9,Dark Matter,Stars Die (Remaster),"[""Porcupine Tree""]",1992,Rock,Calm,english,2.328675578573779
1hHMxrJOsHdFgm9iglbLB6,Dark Moon,The Home Recordings,"[""Elvis Presley""]",1999,Rock,Calm,english,1.203252413732462
5VnvipbKg0KXmHdAbquiPH,Dark Moon,Nashville '78,"[""Jim Reeves""]",1978,Country,Calm,english,1.6612412101041332
6c0GpUABPzBq2HUo9mdQSe,Dark Shadow,Persephone,"[""Wendy Rule""]",2019,Folk,Calm,english,2.272508297307991
5vU7lm9m3RmVOSzBbqXyIN,Dark Sky Island,Dark Sky Island,"[""Enya""]",2015,Folk,Calm,english,1.43445886279736
3rMYJMt4b8j642WirgOQDY,"Dark Star (II) - Live at Rheinhalle, Dusseldorf 4/24/72","Rockin' the Rhein with the Grateful Dead: Rheinhalle, Dusseldorf, West Germany, 4/24/72 (Live)","[""Grateful Dead"", ""Merle Saunders""]",2004,Rock,Calm,english,1.8483146501457448
4R6N565tMQg7yIhDBlSn9J,"Dark Star - Live at Fairgrounds Arena, Oklahoma City, OK, October 19, 1973","Dick's Picks Vol. 19: Fairgrounds Arena, Oklahoma City, OK 10/19/73 (Live)","[""Grateful Dead""]",2000,Rock,Calm,english,0.9506096215695212
0QnSnW4hHNtaerPYgcrMWD,"Dark Star - Live at Greek Theater, Berkeley, CA 10/20/68",30 Trips Around the Sun: The Definitive Live Story (1965-1995),"[""Grateful Dead""]",2015,Rock,Calm,english,1.4375699594552824
3jPS0reYBEkisMsmXysy7T,"Dark Star - Live at Kongressaal, Munich, West Germany 5/18/1972","Europe '72 Vol. 18: Kongressaal, Munich, West Germany 5/18/72 (Live)","[""Grateful Dead"", ""Merle Saunders""]",2011,Rock,Calm,english,2.4182339046270886
1ErNNITf3K58tQIoSIrEO4,"Dark Star - Live at Oakland Coliseum Arena, Oakland, CA, December 16, 1992","Dick's Picks Vol. 27: Oakland Coliseum Arena, Oakland, CA 12/16/92 (Live)","[""Grateful Dead""]",2003,Rock,Calm,english,1.6253475950432787
3J0DCdsdrhTwYD98LC9dQ4,"Dark Star - Live at Washington U., St. Louis, MO, April 17, 1969","Download Series Vol. 12: Washington U., St. Louis, MO 4/17/69 (Live)","[""Grateful Dead""]",2006,Rock,Calm,english,1.7023536678916211
0ln0LU06lj1Ey3nEczHmo3,"Dark Star - Live at Winterland, November 11, 1973","Grateful Dead, Celebrating Jerry Garcia & the Days Between (Live)","[""Grateful Dead""]",2017,Rock,Calm,english,1.7140133767054646
3kdNvocZxivdZmeNwp62rE,"Dark Star - Live at the Spectrum, Philadelphia, PA, September 21, 1972","Dick's Picks Vol. 36: The Spectrum, Philadelphia, PA 9/21/1972 (Live)","[""Grateful Dead""]",2005,Rock,Calm,english,3.10383796144246
2UXrKqZLXQ07fFqYIYM6wO,Darkness Remains,Darkness Remains (Deluxe Edition),"[""Night Demon""]",2017,Rock,Calm,english,3.2805199625568235
6VQDwRTDemiSXkRiNawCYL,"Darn That Dream - Live At The Tiffany Club, Los Angeles, CA., 1954",West Coast Live,"[""Chet Baker"", ""Stan Getz""]",1997,Jazz,Calm,english,1.4993054923991882
0Hk0luxX87uK2PSvGaBPK5,Dawn,Eclipse,"[""Autumn Tears""]",2004,Electronic,Calm,english,2.934093040794009
1dpwqVLbp4wP2dDEX3C6xt,Dawn,Asphodel,"[""The Machine In The Garden""]",2002,Rock,Calm,english,2.4404553912692784
3LkQPsgVswW2sWm7pP1rCl,Dawn Of A New Century,Dawn Of A New Century,"[""Rolf L\u00f8vland"", ""Secret Garden"", ""Petter Skavlan""]",1999,Folk,Calm,english,2.5137221171461563
1dMEIE43hTvp8bnewqovBT,Day After Day (The Show Must Go On) - Early Stage Rough Mix,I Robot (Expanded Edition),"[""The Alan Parsons Project""]",1977,Rock,Calm,english,1.7642332611895983
3E9PsMebz5qKo9EAGXu1Pu,Day Is Done - Family Tree,Family Tree,"[""Nick Drake"", ""Molly Drake""]",2007,Folk,Calm,english,2.2690606906527417
7zkXBmkaHsRzzSAc60bKNH,Day by Day - Acoustic,Day by Day (Acoustic),"[""Old Sea Brigade""]",2021,Folk,Calm,english,2.079389753180489
1Rd5OVjqDAr5xC96MHt448,Daydreaming,A Moon Shaped Pool,"[""Radiohead""]",2016,Rock,Calm,english,1.9370070888529485
1roDUhDOM7O1tWy9C6u3pP,Daydreaming,Daydreaming,"[""Radiohead""]",2016,Rock,Calm,english,1.9370070888529485
1uRxyAup7OYrlh2SHJb80N,Daydreaming,A Moon Shaped Pool,"[""Radiohead""]",2016,Rock,Calm,english,1.6639707492547884
2QCdoCAzuV0zcjOQysOfcv,Daydreaming,Daydreaming,"[""Radiohead""]",2016,Rock,Calm,english,1.9370070888529485
4wzidqkKngcrMqXzk6x7Qu,Daydreaming,Daydreaming,"[""Radiohead""]",2016,Rock,Calm,english,1.6639707492547884
3zkJhAhQqO8Ru67q9LcpNs,Daylight Fades,Slough of Despond,"[""Talsur""]",2017,Rock,Calm,english,1.999264602682295
0Ow8ivKMKuG1pCLXbg3V7n,Days Of Beauty,Winter Songs,"[""Ola Gjeilo"", ""The Choir of Royal Holloway"", ""12 Ensemble""]",2017,Classical,Calm,english,1.521224096025647
78LWZ7WT4s7QDa9zzTLH5Y,"Days of the Ring (feat. Annie Lennox Performing ""Into the West"")",The Lord of the Rings - The Return of the King - The Complete Recordings (Limited Edition),"[""Howard Shore""]",2003,Classical,Calm,english,2.8424439666867083
5dAo1U9eOP886S5EZxydyu,Days Of Wine And Roses,The Complete Fantasy Recordings,"[""Bill Evans"", ""Tony Bennett""]",2015,Jazz,Calm,english,2.4307147568311502
0Qw5Bv1MSGeYA23mbLw2D1,Days of Candy,Depression Cherry,"[""Beach House""]",2015,Pop,Calm,english,2.3764326636661783
5vJ1IU38SflUr0d9BV1gW1,Days of Candy,Depression Cherry,"[""Beach House""]",2015,Pop,Calm,english,2.673330474122104
6Jzr32geft80FJxOPGr4uw,Days of Candy,Depression Cherry,"[""Beach House""]",2015,Pop,Calm,english,2.38979941780896
1CWYcxXKcwC9cVZChzMsoE,Days of Wine and Roses,Andy Williams' Greatest Hits,"[""Andy Williams""]",1988,Pop,Calm,english,2.6850446614567804
6IDb7wP07HJC6gTKHPvuI1,Days of Youth,Young Love / No One Will Dance / Neon Gold,"[""Current Joys""]",2013,Electronic,Calm,english,2.0152398788500423
1F4frhWGboJ5B8lTBZFuON,De Profundis,Tranquillity - Voices Of Deep Calm,"[""Paul Mealor"", ""St.Petersburg Chamber Choir"", ""Nikolai Korniev"", ""Tim Storms""]",2012,Classical,Calm,english,3.0777674418831387
3cikLf61F0KX7XTsMks5SP,Dead Letter and the Infinite Yes,Dead Letter and the Infinite Yes,"[""Mappe Of""]",2017,Folk,Calm,english,2.4445371295945644
2fsHOzgo14Rm0sXKirNgw4,Dead Man,Lost Dogs,"[""Pearl Jam""]",2003,Rock,Calm,english,0.8474278053934801
1TVLstyvUAGZfJYN4dnfOd,Dead Red Eyes (WTH 4-Track Demo),White Trash Heroes (Deluxe Remaster),"[""Archers Of Loaf""]",1998,Rock,Calm,english,1.932305493878485
3pZCU2b5AQUXMrnxxM1tf1,Dead Souls Dreaming,One of 18 Angels,"[""Diary Of Dreams""]",2000,Electronic,Calm,english,1.8377668098274984
2O2OWqET6S7dzrlRRfUegW,Dead to the World,The Understanding,"[""R\u00f6yksopp""]",2005,Electronic,Calm,english,2.704778208525839
20Gdemg2JDYoSKzIwt5O1e,Dead by Dawn,Doomsday L.A.,"[""Deicide""]",2019,Rock,Calm,english,3.476967580976267
2tKqeEcvIQADKmJ2E49Crn,Deadwood,Midnight Moon,"[""Steve Roach""]",2000,Electronic,Calm,english,3.0320380169280274
3khsLfdlKOy9uZ754psc9G,Dear Darkness,White Chalk,"[""PJ Harvey""]",2007,Pop,Calm,english,2.6993614845994345
5Yy4eRBWGVJHaMFfPIZcBV,Dear Heart - Single Version,Andy Williams' Greatest Hits,"[""Andy Williams""]",1988,Pop,Calm,english,3.1060653414966444
7GplAQEZAZeBd13B59hvBx,Dear Rose,Dogs,"[""Nina Nastasia""]",2000,Rock,Calm,english,2.3258778646006424
5ieNv90mVuKsYEry0Tkkl5,Dearest Distance,Quietly,"[""Planning For Burial""]",2016,Rock,Calm,english,1.7222558386308373
3ZAItga5UrWmJkuvRx3uYt,Death And Taxes,Meet Joe Black,"[""Thomas Newman""]",1998,Classical,Calm,english,2.424324299747971
0lpodOMramXwgUcBqRMVA1,Death Walks Behind You,Rock,"[""Atomic Rooster""]",2013,Rock,Calm,english,2.1860452554776995
2O3wQXgWc797hb5JUq2OUr,Death of an A.I.,Coma,"[""yeule""]",2017,Pop,Calm,english,1.550100120222916
2VTo8WQ7HcltLrysTe1nYy,Debora - Live in London 1969,A Whole Zinc of Finches,"[""T. Rex""]",2010,Rock,Calm,english,4.397197928430476
7tevI7DHVjEx1GfeVJ392S,Decades,Decades,"[""The Receiver""]",2006,Pop,Calm,english,2.349989672367958
6gj4rrhclYETkqez4bOsSx,December,Ghost Of David,"[""Damien Jurado""]",2000,Folk,Calm,english,1.8070803445863164
0jmYbZVJI8lhtsOMrBgc96,"December 27, 1990",The End Of The Ring Wars,"[""The Appleseed Cast""]",1998,Rock,Calm,english,2.37464772169052
0jH3c7ZJJgeg2A0sPbBkUF,Declaration (Reprise),Divine Design,"[""Declaration""]",2003,Electronic,Calm,english,2.391911604969509
0QvBzrHEF7VjOyQ0yU3m7E,"Dee, It May All End Tomorrow",在動物園散步才是正經事,"[""my little airport""]",2004,Rock,Calm,english,2.3718345789087576
6m6sUlCAGGuewKwhqe5J2y,Deep Focus,The Spirit Of The Beehive,"[""SPIRIT OF THE BEEHIVE""]",2014,Rock,Calm,english,2.515509965446366
0CJTPmtWVbCZOsJfYNICX9,Deep Peace,Jewel Lake,"[""Bill Douglas""]",1988,Folk,Calm,english,1.826633543194054
6ECZAFlzWiVAT4lnHAslRO,Deep Peace,Celtic Twilight,"[""Bill Douglas""]",1994,Folk,Calm,english,1.49363528521573
0NCVY41aRu952C5DFG0LwY,Deep Peace (Choral Version),Eternity's Sunrise,"[""Bill Douglas""]",2000,Folk,Calm,english,2.057718890540063
0RqAIMpjP9mXd4kKpGxWAv,Deep Purple,Art Tatum: Finest Hour,"[""Art Tatum""]",2000,Jazz,Calm,english,0.8195580983992969
18VzwcDXBoaQXQysSnkDGg,Deep Purple,1946 Broadcasts,"[""Frankie Carle""]",2006,Jazz,Calm,english,4.409746025782709
1QpICv99eNYV8Q4bqw95zt,Deep Purple,Duke Ellington Presents… (Remastered 2014),"[""Duke Ellington""]",2014,Jazz,Calm,english,1.731815919526319
2i8pa8BMDZENpsoPFYja93,Deep Purple,A New Sound - A New Star,"[""Jimmy Smith""]",2003,Jazz,Calm,english,1.5818002083097336
54nKeEbIGFioWTMa4p71Vl,Deep Purple,I Never Went Away,"[""Carol Sloane""]",2001,Jazz,Calm,english,2.384703723739515
5y0xDojl1tBqtgGYcRUd9X,Deep Purple,The Divine Sarah Vaughan: The Columbia Years 1949-1953,"[""Sarah Vaughan""]",1988,Jazz,Calm,english,3.75322398988366
2fsGolrHb1DCLAOnJJ2aHQ,Deep River,The Green Album,"[""Traditional"", ""John Williams"", ""Tanglewood Festival Chorus"", ""Boston Pops Orchestra""]",1992,Classical,Calm,english,2.9404544742870806
34WzIkINc8RJOSTaKMQBzV,Deep River,Come Sunday,"[""Charlie Haden"", ""Hank Jones""]",2012,Jazz,Calm,english,1.891427230232981
4GjGERtbwIar3ys4KqeA6g,Deep River,Spirituals,"[""Traditional"", ""Marian Anderson""]",1999,Pop,Calm,english,3.3276734629822013
74Xtf9IoDTKvdX8URQ2l8G,Deep Within The Corners Of My Mind,My One And Only Thrill,"[""Melody Gardot""]",2009,Jazz,Calm,english,2.81713218687431
7HVFM88GBrMvurwnlM8cwv,Deep Within the Forest,Deep Within A Faerie Forest,"[""Gary Stadler"", ""Wendy Rule""]",2004,Folk,Calm,english,1.9744223831593664
7I12kTakGpklObSO0pAmLS,Deeper Than Shallow,Little Giant,"[""Roo Panes""]",2014,Folk,Calm,english,2.3258125273431483
2OBazlp7LyxeaDzDj1CPfE,Deepest Shade,Imitations,"[""Mark Lanegan""]",2013,Rock,Calm,english,1.5362491448727336
52FfiOBxgTi24OobZlrSbF,Deeply Buried,Song Islands,"[""The Microphones""]",2002,Folk,Calm,english,1.780487306158077
1mAfaiS8yke7hG73sp3keZ,Deform to Form a Star,Grace for Drowning,"[""Steven Wilson""]",2011,Rock,Calm,english,2.075871251511225
0eezH7L9QFhHeea7lY3l9S,Degenerate Uprising,Nightmares At Dawn,"[""Xasthur""]",2012,Rock,Calm,english,2.3132378020604576
75JN7OSwU55CMNFSTo7dUl,Deine Distanz - Original,Rebellion Der Träumer,"[""Kollektiv Turmstrasse""]",2010,Electronic,Calm,english,2.550208700577284
2n7XFI9ZcQOrYxYYHBoDde,Deireadh an Tuath,The Celts,"[""Enya""]",1987,Folk,Calm,english,3.198347693926641
1ogZvFtq99K2ijiaTCO3rI,Del Fuego,Based on a True Story,"[""Fat Freddy's Drop""]",2005,Folk,Calm,english,1.495943148426977
1HM0dHlS8XaDh1pvbyXJbY,"Deliverance - From ""Thor: The Dark World""/Score",Thor: The Dark World (Original Motion Picture Soundtrack),"[""Brian Tyler""]",2013,Classical,Calm,english,2.0402279414294493
0Qz3LnAAFibFd9XTscuI3w,Delusions,Wistful,"[""Sylvaine""]",2016,Rock,Calm,english,3.2101308895401046
0jVDUBHY2SziMS3MwhKBpJ,Deora Ar Mo Chroí,A Day Without Rain,"[""Enya""]",2000,Folk,Calm,english,2.388671378360953
2thlvCJTfffHRty8mrP7C1,Departure,Cerulean,"[""Baths""]",2010,Electronic,Calm,english,2.534967115223167
7tsoazHA9xwZ2j6dO6kPel,Departure,Cerulean,"[""Baths""]",2010,Electronic,Calm,english,1.8047437989293944
7JL56SI86hQ5C1QI3fQxPN,Depression,Depression,"[""Beow\u00fclf""]",2018,Electronic,Calm,english,2.578353530980915
7KcawTxc7mb2ss0FZxxqHb,Depression,Depression,"[""Beow\u00fclf""]",2018,Electronic,Calm,english,2.487041138344623
66xMknDgIvPisLEAR9X58C,Deranged Insanity,Yonkers Death,"[""Mortician""]",2007,Rock,Calm,english,5.1687319758405765
1eLHcZ3VGpmgthnZ5yTiuB,Descent,Fever Dreams,"[""Flower Face""]",2017,Electronic,Calm,english,2.8791720681283293
2CD67UQ13JwAl0oOC4DUhy,Describe,Describe,"[""Perfume Genius""]",2020,Pop,Calm,english,2.4523073662581
4FIVPeiqyIKo28gGWfivod,Describe,On the Floor,"[""Perfume Genius""]",2020,Pop,Calm,english,2.4523073662581
7zZpX1EByY0CLdDFqjSEZs,Describe,Set My Heart On Fire Immediately,"[""Perfume Genius""]",2020,Pop,Calm,english,2.4523073662581
1brPzPASAqd0CevR0yvMqw,Desire,Pathos,"[""yeule""]",2016,Pop,Calm,english,1.415251461013225
2LyBW8K68UrY8rk6ivjewS,Desire,Pathos,"[""yeule""]",2016,Pop,Calm,english,1.434768620281063
5PqMaJmYbUyUBDRvwsnTCp,Desiree,Gonna Take A Miracle,"[""Laura Nyro"", ""LaBelle""]",1988,R&B,Calm,english,2.60294862363612
07Q2ieAOOp74miUcJtIHAd,Desolation Valley / Waves (Live in the Studio 1973),A Tab in the Ocean - Deluxe Edition,"[""Nektar""]",2013,Rock,Calm,english,1.5875284028089192
1tC8OTolcII36JfAV25N8S,Despair Came Knocking,Hi How Are You,"[""Daniel Johnston""]",1983,Folk,Calm,english,3.009935332887085
14BI4Rwe46raNn8W2Jleo3,Desperado,Serene Classics,"[""Phil Coulter"", ""Glen Frey / Donald Henley""]",2014,Folk,Calm,english,1.5543678810869594
5sUIXFw4JlwYWTQ0HTITYn,Desperate Man Blues,Hi How Are You,"[""Daniel Johnston""]",1983,Folk,Calm,english,1.9847514519817824
1jqIeuEFNQwku1o3oH7WQG,Despite the Roar,Dilate,"[""Bardo Pond""]",2001,Rock,Calm,english,1.453039528595544
1kbqEte5RfzokDDAu264D2,Destron,Roomic Cube,"[""Takako Minekawa""]",1997,Electronic,Calm,english,2.0336677299175943
34mCDSiN9WE5au4QIZISjY,Destroyed By One,Parallel Corners,"[""Penance""]",1994,Rock,Calm,english,2.5021176626414907
6z7GYFQcNUkqjEOBWktpb5,Devil Sent The Rain Blues,"Complete Recordings, CD B","[""Charley Patton""]",2002,Blues,Calm,english,2.997378744967885
5b1qSkOH0HJvgpIfSV03C6,Devil Sent the Rain Blues,Electrically Recorded: High Water Everywhere,"[""Charley Patton""]",2009,Blues,Calm,english,1.8382557935627888
6SgyIv8TM1FMLWcGkWopVM,Devotion,Dongs Of Sevotion,"[""Smog""]",2000,Rock,Calm,english,1.109144191771775
4yNBv92BksCZ0kxqRtxxMz,Devour the Sun,Devour the Sun,"[""Vvilderness""]",2017,Rock,Calm,english,3.165980497704409
6Vkce80rk4FFyw2m4Im5Ia,Dewsbury Road/That Time of Night,Time Past & Time Passing,"[""Michael Chapman""]",2008,Folk,Calm,english,1.7768880936661466
1nrpRIqXb9WFxstyXnOO21,Diamond in My Crown,The Ballad of Sally Rose,"[""Emmylou Harris""]",1985,Country,Calm,english,2.329067021382894
6y6A9nLovJWbuZVoLn2AB3,Diamond in My Crown,The 80's Studio Album Collection,"[""Emmylou Harris""]",2014,Country,Calm,english,2.329067021382894
0q7fIjznHIg8sHIdfaGMzk,Diamonds,In Another Land,"[""Larry Norman""]",1976,Rock,Calm,english,3.5250360581181366
392W0Y5kEcEMb0GmC1tqd1,"Diamonds Are Forever (From ""Diamonds Are Forever"")",The Ultimate James Bond Film Music Collection,"[""The City of Prague Philharmonic Orchestra""]",2006,Classical,Calm,english,3.227397250490211
4xiXXumq1Hn3fHuYqTT6jl,Diana,Bobby Rydell: The Complete Capitol Recordings,"[""Bobby Rydell""]",2014,Pop,Calm,english,1.7627695167037414
7eIRScHDGkR9Eo8oqYaBgU,Diana Slowburner II,The Fun of Watching Fireworks,"[""The American Analog Set""]",1996,Rock,Calm,english,2.5385006569600885
30hAhrwWii6isSkF8tafJh,"Diary Of An Unknown Soldier - Live in Prague, 2020","The Great Show (The Great Tour Live In Prague, 2020)","[""Sabaton""]",2021,Rock,Calm,english,4.252793289356085
1zZFvM2E4Gg0RibXKwjsrO,Diary of Love,The Piano Sings,"[""Michael Nyman""]",2007,Classical,Calm,english,2.499634631059574
6BohshBOIjQpbwEyuBBYQA,Didn't Matter Anyway,The Rotters Club,"[""Hatfield & The North""]",1975,Rock,Calm,english,1.62302479493447
10MQprFUiVeZ1MJKaZ5yXt,Didn't We,20th Century Masters: The Millennium Collection: The Best Of Stan Getz,"[""Stan Getz""]",2007,Jazz,Calm,english,1.4052513735056356
5IAA4qLbYkFWjOxOHwIdvq,Didn't We,The Boss Is Back!,"[""Gene Ammons""]",1994,Jazz,Calm,english,1.7793414219018129
5N66DdC8iiowzoR6CDrAii,"Dido and Aeneas, Z.626 / Act 3: ""Thy hand, Belinda...When I am laid in earth""",Purcell: Dido and Aeneas,"[""Henry Purcell"", ""Jessye Norman"", ""English Chamber Orchestra"", ""Raymond Leppard""]",1986,Classical,Calm,english,2.58853311145522
4UzMM9rsJ9BINtA1sLZw3I,DieselBreeze,NakedSelf,"[""The The""]",2000,Pop,Calm,english,2.5129866226931616
2V3CwPjeoXUjrKwqH4Nfzf,"Dim The Lights, Chill The Ham Reprise","Dim the Lights, Chill The Ham","[""Shadowy Men On A Shadowy Planet""]",2016,Rock,Calm,english,2.8661497346338454
3Ok5hsOsTcKOczcvnWLZJA,Dimming Of The Day,Divine Secrets Of The Ya-Ya Sisterhood - Music From The Motion Picture,"[""Richard & Linda Thompson"", ""Linda Thompson""]",2002,Folk,Calm,english,2.7291647937881063
5VXs1rK5SNodOV6TY21XVv,Dimming Of The Day / Dargai - Edit,The Best Of Richard And Linda Thompson: The Island Record Years,"[""Richard & Linda Thompson""]",2000,Folk,Calm,english,2.3802626915481624
4c0T77DBbH9vWrPaQFY4OP,Dinah,Breezin' Along,"[""Jos\u00e9phine Baker""]",1990,Jazz,Calm,english,2.7923154900778413
0Y3jucE0GX5wi1gtdtFuCZ,Dindi,Softly,"[""Shirley Horn""]",1998,Jazz,Calm,english,1.9582359403314007
3fAk0tHWre4GyobIiQ0Buh,Dindi,Terra Brasilis,"[""Ant\u00f4nio Carlos Jobim""]",1980,Jazz,Calm,english,1.269990413941754
3yTZ7lBgC2Um1jUpzrO82m,Dinosaur,Ocean Pines,"[""Mr. Husband""]",2018,Pop,Calm,english,1.7979770886463011
3fqz4dlR6hdqbRheLQj8x5,Dinu Lipatti's Bones,The Sunset Tree,"[""The Mountain Goats""]",2005,Folk,Calm,english,1.8553621280583328
2Czld6piCIdvKm92tXkETv,Directions to the Can,FLOTUS,"[""Lambchop""]",2016,Country,Calm,english,2.1222505228296367
2AqyijFrqiMBs5P7fe5A9w,Disconnect,Closer,"[""Plastikman"", ""Richie Hawtin""]",2003,Electronic,Calm,english,2.1883837919294216
3uoBhxyPNP5tCxMojnNQNO,Disconnect,Balance Presents Patrice Bäumel,"[""Plastikman""]",2016,Electronic,Calm,english,2.1558052426091674
4ipag1MjznjpQnKqL0i5ie,Discovery,Magica,"[""Dio""]",2000,Rock,Calm,english,3.014985139719492
3qsch3boWbn1So7Cs98jp3,Distance,Dongs Of Sevotion,"[""Smog""]",2000,Rock,Calm,english,1.5201758310313551
5U24nULq7oTthzEH3exbNj,Distant Melody,Peter Pan (Original Broadway Cast Recording),"[""Mary Martin"", ""Kathy Nolan""]",1989,Classical,Calm,english,2.731754363197671
5x1bdvvNZLSOcPR2uCld2L,Distill (Watching the Swarm),Given to the Rising,"[""Neurosis""]",2007,Rock,Calm,english,3.6313812791566566
5ocLwkXve9hLYfkrohGSpW,Dividing Day,The Light in the Piazza,"[""Victoria Clark"", ""Adam Guettel""]",2005,Classical,Calm,english,2.259767772018704
2aocUK7ngjgLM6XFpPquTv,Do I Love You?,Moments Like This,"[""Peggy Lee""]",1993,Jazz,Calm,english,2.8671011139244675
4Ps9mRUgUndddyclg9uz2U,Do Not Go Gentle Into That Good Night,...against the dying of the light,"[""Kenneth Jennings"", ""Cantus""]",2002,Classical,Calm,english,2.681043455561188
0hUhBAoEeqsrICvoAPSd43,Do Nothin' Till You Hear From Me,Jazz Dream House,"[""Duke Ellington"", ""Ray Brown""]",2023,Jazz,Calm,english,1.294858158036172
1m8TiT8BdYNAvVEp3uDQ8F,Do You Ever Get Sad?,Wonderful Little Seed of Joy and Chaos,"[""Autumn Orange""]",2019,Electronic,Calm,english,2.438373849963841
7tM2w6df6mmoavXXmwpuaP,Do You Hear What I Hear,Do You Hear What I Hear,"[""Foreign Fields""]",2016,Electronic,Calm,english,2.599097442375598
1EmTZ2c4sqV4TpXj5OoO8z,Do You Remember Me,Perry Como Today,"[""Perry Como""]",1987,Pop,Calm,english,2.4905839037957715
0KalsY81HsAAVUxZy9qUFz,Do You Rise,Lineage,"[""Ian Randall Thornton""]",2017,Folk,Calm,english,0.8010497978466892
5anmC2NmiEOlfp5ahKxKia,Do You Want New Wave or Do You Want the Truth,Double Nickels on the Dime,"[""Minutemen""]",1984,Rock,Calm,english,2.450619731907385
44PPrGkMPde5qSvXOJDI4h,Do not stand at my grave and weep,Beyond,"[""Libera""]",2018,Classical,Calm,english,2.602656532406344
2w2VZPefJ0rET6ROXudi9z,Do you know what it means to miss New Orleans,DUO,"[""Kenny Drew"", ""Niels-Henning \u00d8rsted Pedersen""]",1988,Jazz,Calm,english,2.1548575247579214
36zcayTUVe2PXDSJUmElGr,"Doe, Jane",Shakey Graves And The Horse He Rode In On (Nobody's Fool and The Donor Blues EP),"[""Shakey Graves""]",2017,Folk,Calm,english,2.755899553333182
1DQIodrEwNWx2VMXgHPg77,Dominique,This Is Normal,"[""GusGus""]",1999,Electronic,Calm,english,2.316358449826914
4bAT8hF8AZKYenmOpiVB4Z,Don't,Pieces Of You,"[""Jewel""]",1995,Folk,Calm,english,2.727874050910432
5gU8VKVIe8rC5wKmBq48UY,Don't Be Afraid,Now And Forever,"[""Air Supply""]",1982,Rock,Calm,english,2.8451214394947817
0GbkqL8k2XbI5GsnWHw9kL,Don't Blame Me,The Very Best Of John Gary,"[""John Gary""]",1997,Pop,Calm,english,2.7262882170057336
0o0vwJh4Car8UFnjkDfhfr,Don't Blame Me,Live At the New School,"[""Ruby Braff""]",1974,Jazz,Calm,english,6.27176635032897
4HDTdNwvftlnfOc3foWImW,Don't Blame Me,Bird After Dark,"[""Charlie Parker""]",2002,Jazz,Calm,english,2.6819862583998555
4YtmLSo481wdJAmj9e7Ep7,Don't Blame Me,Midnight Creeper,"[""Teddy Edwards""]",1997,Jazz,Calm,english,1.409725416507312
5TzMqnui5D1Tu9N30eBxSa,Don't Blame Me,Jazz Masters,"[""Charlie Parker""]",1999,Jazz,Calm,english,2.342314788306222
7M2KDdtTikpQ6zqYYpGllt,Don't Blame Me - Rudy Van Gelder/24Bit Mastering/1999 Digital Remaster,"The Amazing Bud Powell, Vol. 3: Bud!","[""Bud Powell""]",2002,Jazz,Calm,english,1.2649920878955094
72kdyOU7Q4BzRYjwrdxmGc,Don't Cry,Howlin' At The Moon,"[""Buddaheads""]",2004,Blues,Calm,english,1.878938277137552
4XwezUVqrPQtND9mdkG6pz,Don't Cry for Me Argentina,Classic Rock - The Second Movement,"[""London Symphony Orchestra""]",1978,Classical,Calm,english,1.9241608101408243
3JFZlaA4cFWy67yy57EfCo,Don't Ever Leave Me,Moments Like This,"[""Peggy Lee""]",1993,Jazz,Calm,english,3.171976533212612
4h50m6oTRbbNMcNyUYLXo4,Don't Explain,Abbey Sings Billie,"[""Abbey Lincoln""]",2001,Jazz,Calm,english,4.838730457039816
0jBLc7G0wBOQC9eh1SSiNg,Don't Follow Me,"New Battles, without honor and humanity","[""2L8""]",2011,Rock,Calm,english,1.9040259379777689
7n3OcN1L5EHWWEEpGg0wVo,Don't Forget to Say I Love You,Youth Is Wasted,"[""Reeve Carney""]",2017,Classical,Calm,english,1.9769620287234453
7uaz8CSXCku2Pj5DBnYWur,Don't Get Around Much Anymore,My Blue Heaven,"[""John Pizzarelli""]",2001,Jazz,Calm,english,2.761769796550457
3QEWEv1tvHmVgsT5THpGDn,Don't Leave Me Now,The Wall,"[""Pink Floyd""]",1979,Rock,Calm,english,4.160278224601752
4wNfRxMqXxTc3BBhYPwXia,Don't Look Back,Ghost Alive,"[""The Boxer Rebellion""]",2018,Rock,Calm,english,1.9538222020693925
7vCbCLYcXfbtd7zJPwjDPf,Don't Misunderstand,Currency Of Man (The Artist's Cut),"[""Melody Gardot""]",2015,Jazz,Calm,english,1.437496229633981
5gcjknB5HeC1ZB2CdQ195a,"Don't Say You Love Me - BBC ""John Peel Sunday Concert"" 2/7/1970",Fire And Water (Deluxe Edition),"[""Free""]",2008,Rock,Calm,english,1.177988333978669
1iM5kXwHdV6HBwb3TdbjQ7,Don't Say a Word (Hot Chicken #2),Electr-o-pura,"[""Yo La Tengo""]",1995,Pop,Calm,english,1.0648001379749708
3FC0c4aKctMATCf0APUZde,Don't Wake Me,From Our Living Room To Yours,"[""The American Analog Set""]",1997,Rock,Calm,english,2.9463865202300026
2KpUmr4hqJGkfugV8sYqp9,Don't Wake Me Up,Future Songs,"[""Cranes""]",2002,Rock,Calm,english,2.1486985646541683
1stxXQb78VLxuSYG0RJuF5,Don't Worry 'bout Me,Skylark,"[""Annie Ross""]",1996,Jazz,Calm,english,2.5548620592949773
6sCeYCuNjm4DeGrgwbIXJr,Don't You Cry,Truelove's Gutter,"[""Richard Hawley""]",2009,Folk,Calm,english,2.390687271380218
1W57Il5jG9CkPMMYiVrrYN,"Don, Aman",Spiderland,"[""Slint""]",1991,Rock,Calm,english,2.152248847608366
06VIjXj4CWLJyBCM9SVlJS,"Don, Aman - Remastered",Spiderland (remastered),"[""Slint""]",2014,Rock,Calm,english,1.778745937453862
1dWnSRT6R7r4NPFiXhQ9iD,"Don, Aman - Remastered",Spiderland (remastered),"[""Slint""]",2014,Rock,Calm,english,1.769307386389098
35UMS81CUOuElhIkcOCSsg,Don’t Wake Me Up (Remix),Future Songs,"[""Cranes""]",2002,Rock,Calm,english,2.212910996791821
0m3NuZiabJ4wl4HmXONyIP,Dopesmoker - 2022 Remastered Version,Dopesmoker,"[""Sleep""]",2022,Rock,Calm,english,3.003640446068216
50Qh4Ef1Wyi3qZghIibXmR,Dorian,Oncle Jazz,"[""Men I Trust""]",2019,Pop,Calm,english,2.3339751748861124
2U2cXfcwC9sp8flHrtVvAc,Down By The Riverside,Come Sunday,"[""Charlie Haden"", ""Hank Jones""]",2012,Jazz,Calm,english,1.8487180507151568
1jsYkkJWJWW0VsDFoqnbOZ,Down In The Willow,Appalachian Picking Society,"[""Dan Tyminski""]",2004,Country,Calm,english,1.0651556795669164
2GHzzFgeMrCoXy9TiuCQNj,Down in the Valley,The Smithsonian Folkways Collection,"[""Pete Seeger""]",2019,Folk,Calm,english,1.5230377734246434
7pPGby8zfJgq50OMiPda1U,Down in the Willow Garden (Version 2),Down in the Willow Garden,"[""Mark Kozelek""]",2017,Rock,Calm,english,2.35933756695748
7Bin1ZPljd1bILoyK9Z0qJ,Down2ridE,Blood,"[""Kelsey Lu""]",2019,Pop,Calm,english,2.6567515373032093
1fpicHjAUkfvl79xL2qrUM,Download (Expand Beyond),Information Age Deluxe Edition,"[""Dead Prez""]",2012,Hip-Hop,Calm,english,2.757627305937689
2VrPhKmSyReeOpO2h85Ye5,Downtown,"Chapter 1: The Sandworm Cometh - Early Recordings, B-Sides, Covers, y Mas","[""My Morning Jacket""]",2004,Rock,Calm,english,1.373760937713196
53MwuohIVk0uHFje0zcUu3,Dr. Troll,Fag Patrol,"[""Xiu Xiu""]",2006,Pop,Calm,english,1.7960317057722577
2t7QlT8xnAhoR25hOtbo8K,Dragon,Sauna,"[""Mount Eerie""]",2015,Folk,Calm,english,3.3587860513247847
0QIwu6ETxMYEtyQgFfRwF5,Dragonfly,Refulgo,"[""Bardo Pond""]",2014,Rock,Calm,english,2.673335086845672
1a3ywipDEGiaKuL0a1FsdR,Drainface,YTI⅃AƎЯ,"[""Bill Callahan""]",2022,Country,Calm,english,1.8628779037712544
4D0R0cPruef7gbtp91aFVT,Drawn to the Blood,Carrie & Lowell,"[""Sufjan Stevens""]",2015,Classical,Calm,english,1.6298812410438115
7giZV2M1cyuL4ZOm5fO8pL,Drawn to the Blood - Sufjan Stevens Remix,The Greatest Gift,"[""Sufjan Stevens""]",2017,Classical,Calm,english,1.9585496311801127
5AuchpKT9ARQfqKLtWb5rm,Dream,The Rosemary Clooney Show: Songs From The Classic Television Series,"[""Rosemary Clooney""]",2004,Jazz,Calm,english,2.541018172794176
6Px92SOotPZgcW7wz3V0Lm,Dream,Call Me Irresponsible,"[""Michael Bubl\u00e9""]",2007,Pop,Calm,english,3.086348041087997
7pLkSlITxW4ZppIe0mcMX5,Dream,"Listen, Dream","[""Alan Watts"", ""Superposition""]",2019,Electronic,Calm,english,5.933805623714687
3b4vB2sTcJbDxJ0rKZG6Dm,Dream (Arr. for Accordion),Cage: Cheap Imitation - Souvenir - Dream,"[""John Cage"", ""Teodoro Anzellotti""]",2014,Classical,Calm,english,1.9171872850508809
1mM1piMRF5wPx4nLMBvWpt,Dream A Little Dream Of Me,Christmas time but not Christmas songs 2022,"[""Ella Fitzgerald"", ""Count Basie""]",2022,Jazz,Calm,english,2.7775954881060065
50zTR9gR9NGol94nv0rZXf,Dream A Little Dream Of Me - 1998 Remaster,Amore,"[""Dean Martin""]",2009,Jazz,Calm,english,3.262395795116135
1sn2WHHml6OevDbzPdxg1u,Dream Of A Dead Sun,Melancholie²,"[""ColdWorld""]",2008,Rock,Calm,english,2.597421028627863
50pYUeQlyjs8MWSjiux0V5,Dreamcatcher,Greatest Hits,"[""Paul Winter""]",1998,Jazz,Calm,english,3.0429938809067663
0RG8j42HXgn6fGTOIhEhzZ,Dreamin' Slow,2 Demos,"[""Mac DeMarco""]",2013,Pop,Calm,english,2.4315584123039145
23uSvnQOZYPfwOfwQrLj0r,Dreaming My Dreams With You,The Trinity Session,"[""Cowboy Junkies""]",1988,Country,Calm,english,1.802714165183859
25e7NYqFYEJFnbrRvzlrbM,Dreaming My Dreams With You,Platinum & Gold Collection,"[""Cowboy Junkies""]",2003,Country,Calm,english,1.4572509221362189
28F9CRXrRYkm9APIIV9fvc,Dreaming My Dreams With You,Nashville Rebel,"[""Waylon Jennings""]",2006,Country,Calm,english,0.936344722287556
70rIF6hsPQZuCqIx5O4FK8,Dreaming My Dreams with You,Dreaming My Dreams,"[""Waylon Jennings""]",1975,Country,Calm,english,1.1743028038916703
1YcQTz7WKHCJT9r6uHW94E,Dreaming Wide Awake,Dreaming Wide Awake,"[""Lizz Wright""]",2005,Jazz,Calm,english,2.6154998629387345
1D4pep9dnhrP6863SPE4TG,Dreaming of Home,Hope,"[""Libera""]",2017,Classical,Calm,english,2.302617006003607
04uN4iOaEXAZMBXOFBlvdW,Dreams,Jimmy P.,"[""Howard Shore""]",2013,Classical,Calm,english,2.2448108306653083
1FAn0UIi9YWPJkwm8wpL1l,Dreams,"The Smoker You Drink, The Player You Get","[""Joe Walsh""]",1973,Rock,Calm,english,1.869061414302304
1wthcg7edKgrnji0ZBwBvU,Dreams of Peace,Believe,"[""2002""]",2012,Folk,Calm,english,2.0494379973313017
7jLa9H64njp6Jsj1IomxFu,Dreamscape,Try Anything Once,"[""Alan Parsons""]",1993,Rock,Calm,,1.949223979466408
0NZbpmJyCsyQYqsnky0xFO,Dreamseeker (Intro),Dreamseeker,"[""Goapele""]",2017,R&B,Calm,english,1.7368992146057791
7ggIxQP8K0bnD4rYBTBrn3,Dreamsville - Remastered,The Days Of Wine And Roses,"[""Henry Mancini""]",1995,Pop,Calm,english,1.0105353610263166
54Rhy5xYk3OpmBmhOyieeM,Drift,Colors Hidden Within the Gray,"[""Theodore B Tringo"", ""Autumn Tears""]",2019,Electronic,Calm,english,1.202489413374185
3zGyRRuX5IC45xGXLqFBK2,Drifting Down Streams,Howls From the Hills,"[""Dead Meadow""]",2001,Rock,Calm,english,2.9642167959572743
0XcaHYCofJbDXiHCwSXJAN,Driftwood (Reprise),Gypsy Summer,"[""Cam Penner""]",2011,Country,Calm,english,1.93114562249943
4SPj8MWvHMhUbhq5y55Qaj,Drink With Me,Les Misérables (Original Broadway Cast Recording),"[""Anthony Crivello""]",1987,Classical,Calm,english,3.32000473494142
4A8PMeSvvrgguUXOXAbBUz,Drive,Warpaint,"[""Warpaint""]",2014,Pop,Calm,english,1.9550562711739607
3Wgm9FhrruO71VDFA6kxgj,Driving,Grid of Points,"[""Grouper""]",2018,Rock,Calm,english,2.9055456517065448
3uZnwhC4hpCaDar9RXNLzk,Drone Carrying Dread,Krüller,"[""Author & Punisher""]",2022,Rock,Calm,english,3.879934919448672
1OkCqIuPJeaLksbOcZXVaz,Drown,Drown,"[""Marika Hackman""]",2014,Electronic,Calm,english,1.942393388821149
4xq3UOgaWBW2v3OklhZ8l6,Drowning,Darkest Days,"[""Stabbing Westward""]",1998,Rock,Calm,english,1.7336333418808658
2RSwKzP2dKnLlR4N8qmKvN,Drowning Out,You’ll Never Get to Heaven,"[""You'll Never Get to Heaven""]",2012,Pop,Calm,english,1.931127056075127
5fD5c6CKWZQjV7uPjeQiwO,Drowning in the Memory of a Cold Embrace,The Seven States of Mourning,"[""Photophobia""]",2012,Rock,Calm,english,3.363204453554352
1U7PvVmir8PAf2uwcEwGBH,Drumming: Pt. III,Drumming,"[""Steve Reich""]",2005,Classical,Calm,english,3.411729912319669
57ysXVLi5wjH3icM7uC2F4,"Drums - Live at Boston Garden, September 25, 1991","Dick's Picks Vol. 17: Boston Garden, Boston, MA 9/25/91","[""Grateful Dead""]",2000,Rock,Calm,english,2.25220876387176
2SfGDjyqGBO2q4wGZtn0e8,"Drums - Live at Capital Centre, September 25, 1976","Dick's Picks Vol. 20: Capital Centre, Landover, MD 9/25/76 / Onondaga County War Memorial, Syrcause, NY 9/28/76","[""Grateful Dead""]",2001,Rock,Calm,english,3.0371728823599766
61P1JeDDkRjGUVcCNe93Fo,"Drums - Live at Fox Theatre, Atlanta, GA, May 19, 1977","Dick's Picks Vol. 29: Fox Theater, Atlanta, GA 5/19/77 / Lakeland Civic Center Arena, Lakeland, FL 5/21/77 (Live)","[""Grateful Dead""]",2003,Rock,Calm,english,3.01340446228439
1LQjbaIKR8mR8CZvX0HDF4,"Drums - Live at Nassau Coliseum, Uniondale, New York 3/29/90",Wake up to Find Out: Nassau Coliseum: Uniondale; NY 3/29/1990 (Live),"[""Grateful Dead""]",2014,Rock,Calm,english,1.954580916231001
69iWscbuZhZTQMz6nN7uXj,"Drums - Live at Oakland Coliseum Arena, Oakland, CA, December 16, 1992","Dick's Picks Vol. 27: Oakland Coliseum Arena, Oakland, CA 12/16/92 (Live)","[""Grateful Dead""]",2003,Rock,Calm,english,1.7490970280293328
76Tj8rg1V20Dl3g2jMUg4w,"Drums - Live at Oakland Coliseum Stadium, Oakland, CA, October 10, 1976","Dick's Picks Vol. 33: Oakland Coliseum Stadium, Oakland, CA 10/9/76 & 10/10/76 (Live)","[""Grateful Dead""]",2004,Rock,Calm,english,1.835294952580538
33W5GIGBwUVSPcp6FKkSPD,"Drums - Live at Oakland Coliseum Stadium, Oakland, CA, October 9, 1976","Dick's Picks Vol. 33: Oakland Coliseum Stadium, Oakland, CA 10/9/76 & 10/10/76 (Live)","[""Grateful Dead""]",2004,Rock,Calm,english,2.4883369951698784
1m6h9nTKKw6hoLYCCJCAMb,"Drums - Live at Onondaga County War Memorial, September 28, 1976","Dick's Picks Vol. 20: Capital Centre, Landover, MD 9/25/76 / Onondaga County War Memorial, Syrcause, NY 9/28/76","[""Grateful Dead""]",2001,Rock,Calm,english,2.812130991414823
6j177gSytbMRowNbpnRk5F,"Drums - Live at Richmond Coliseum, Richmond, VA, November 1, 1985","Dick's Picks Vol. 21: Richmond Coliseum, Richmond, VA 11/1/1985 (Live)","[""Grateful Dead""]",2001,Rock,Calm,english,2.2260746031961776
6IDOSZEgSvgnICopML9wfK,"Drums - Live at Tower Theatre, Philadelphia, PA, June 21, 1976","Download Series Vol. 4: Capitol Theatre, Passaic, NJ 6/18/76 / Tower Theatre, Philadelphia, PA 6/21/76 (Live)","[""Grateful Dead""]",2005,Rock,Calm,english,2.7549104312944768
48dVULoTGpsgb7pNpsoaAj,Drunkard,The Family That Plays Together,"[""Spirit""]",1996,Rock,Calm,english,2.517725544243665
09taKrNGG3G460kG6AREsP,Dry Hump,Vampires with Dreaming Kids,"[""Mr Twin Sister""]",2009,Electronic,Calm,english,1.5290771906660996
6LWbDpNCzAanj1xWR7SziX,Duende,Gipsy Kings,"[""Gipsy Kings""]",1988,Folk,Calm,spanish,1.481414458252019
3abDk2S6SuERaPd8jguZTg,Dum Dum,Hearts of Palm,"[""Idaho""]",2000,Rock,Calm,english,1.4051759694079016
5Pkw0W8pxYi52uSRk3QlYI,Dusk,Trespass,"[""Genesis""]",1970,Rock,Calm,english,2.415794326704452
3LjNhqsx1W63Lu7nOu4xUF,Dusk Baby,Life Forum,"[""Gerald Clayton""]",2013,Jazz,Calm,english,1.6489002494569955
61aetRitUNw4ZO2ZwbwPtl,Dusk Falls Upon the Temple of the Serpent on the Mount of Sunrise,Annihilation of the Wicked,"[""Nile""]",2005,Rock,Calm,english,2.6461691741578712
0aFLSnOWEIIM4BLOVbHkh7,Dusk and Her Embrace (Orchestral),Midnight in the Labyrinth,"[""Cradle Of Filth""]",2012,Rock,Calm,english,2.888235676628105
5EUSa7c1rK2u4QXcarHO6Z,Dust Flesh and Bones,The Broken Man,"[""Matt Elliott""]",2012,Rock,Calm,english,1.5534764697129697
3vRoC9bJsnrJvw6yk84UQU,Dust My Broom,Canned Heat,"[""Canned Heat""]",2009,Blues,Calm,english,2.325234856664628
1HiupH4TZjyKRfBw3o68oV,Dvořák: Going Home (based on Largo from 9th Symphony 'From the New World'),Peace [Luxury Edition],"[""Libera"", ""Robert Prizeman"", ""Benedict Philipp"", ""Ian Tilley"", ""Joshua Madine""]",2010,Classical,Calm,english,2.618187218830966
2tnbqOpE6FXPRCE51YlO3v,Dye the Water Green,Silver Wilkinson,"[""Bibio""]",2013,Electronic,Calm,english,2.11118765827227
3mcKztAGGW5QgBXfmqp73i,Dye the Water Green,Silver Wilkinson,"[""Bibio""]",2013,Electronic,Calm,english,2.106079338436545
6y22quyJJrz25ZJnLTdHax,Dying Crow,Forgotten Voices,"[""Invernium""]",2010,Rock,Calm,english,2.6637410629861167
0OVhIsAtNzF7mxMtRD1ZiG,"E'en So, Lord Jesus, Quickly Come",That Eternal Day,"[""Cantus""]",2010,Classical,Calm,english,2.575997716499285
1fTl4pJYuv4f182GJOOQsf,E.S.R.T. (2001),Grade Pending,"[""Whatever, Dad""]",2015,Electronic,Calm,english,2.156121205295749
4W8echlPZ7yBGhKRcPY5xR,EOS,Shadows Of The Sun,"[""Ulver""]",2007,Rock,Calm,english,2.738604658902563
3WvZwBuqxIEO3u05bINhtt,Each Other,Kem Album II,"[""Kem""]",2004,R&B,Calm,english,2.24417572835976
0LDfxiyDOAXwv0pBkn0K6F,Eagle Eyed Mama,The Complete Classic Sides Remastered: Chicago & Richmond 1929 Disc D,"[""Blind Lemon Jefferson""]",2002,Blues,Calm,english,2.718179278467286
1B9rA7ZENIkMkU2I32nndr,Earth,Now Only,"[""Mount Eerie""]",2018,Folk,Calm,english,1.6157775391861458
4UjME5EqKljCWE7rTNj6gG,Earth,Planetarium,"[""Bryce Dessner"", ""James McAlister"", ""Nico Muhly"", ""Sufjan Stevens""]",2017,Classical,Calm,english,1.962797993725404
1P27pRMAqPkVeyfATSdG6D,Earth Angel,Internal Wrangler,"[""Clinic""]",2000,Rock,Calm,english,4.235627494905931
4RT712yYA7WIZfSqqWi1j1,Earth Reality Victim,Retrospective 1988-1991,"[""Prophecy of Doom""]",2019,Rock,Calm,english,3.025888155774473
4sDJdC9h87kM37NULbrOyO,Earth Song,Reincarnations: A Century of American Choral Music,"[""Frank Ticheli"", ""Seraphic Fire"", ""Patrick Dupre Quigley""]",2014,Classical,Calm,english,3.074735380729213
1dJGVrvSMumYN1ADhdcTzy,East Reed,Capsule Losing Contact,"[""Duster""]",2019,Rock,Calm,,2.028926897386154
1juMBzEQqiC2k6KOy44ZID,Easy Living,Plays For Lovers,"[""Stan Getz""]",2006,Jazz,Calm,english,2.0026757419925825
23QgV9Tz2jiQtVyNLbOqy1,Easy Living,The Songs of Wasteland: Music as heard in Fallout 3 - EP,"[""Billie Holiday""]",2009,Jazz,Calm,english,2.3494058353042155
4gNqY2NIlKl4B0nEcNAUpm,Easy Living,The Noble Art Of Teddy Wilson,"[""Teddy Wilson""]",2000,Jazz,Calm,english,1.283966890380696
5jlt8m6Zh5lQCCPjJBFusy,Easy Living,Dream Lover,"[""Bobby Darin""]",2018,Jazz,Calm,english,2.7623878699518416
7zuUpOlJ2eADrz6CfMGHeg,Easy Living,Stomping At The Savoy,"[""Teddy Wilson""]",1987,Jazz,Calm,english,1.0244420666958007
3pCXhdWZV188MTsMciANCZ,Easy To Love,Plays For Lovers,"[""Bill Evans""]",2006,Jazz,Calm,english,1.0328370851046014
3IDpao9UHE5zfMnxir7JOI,Easy Wind,Day of the Dead,"[""Bill Callahan""]",2016,Country,Calm,english,1.0459069167865405
47qB1KzchafelE6DfIE5rg,Ebb Tide,The Harp in Hi-Fi,"[""Robert Maxwell""]",2015,Hip-Hop,Calm,english,1.731867149726836
47tovZpd0MOU7cdo1tgfML,Ebb Tide,The Very Best Of John Gary,"[""John Gary""]",1997,Pop,Calm,english,2.966360409089185
3jURWq48Wl1KVFMSZUeDxe,Ecdysisyphus,RIP Chrysalis,"[""Eartheater""]",2015,Pop,Calm,english,2.3976938637092005
32tbWUok8Roagka6oduxFq,Echo Song,The Long Way Home,"[""Linda Allen""]",1999,Country,Calm,english,2.572487290448248
0Os4x2GJFyyYBsxdWtyTaU,Echo of the East,Deuter: Sands of Time - Selected Studio and Concert Recordings (1974-1990),"[""Chaitanya Hari Deuter"", ""Sebastiano""]",1976,Electronic,Calm,english,1.3315595845151154
3Zgd9dBz2vxNqnv4iiBkn4,Echo of the East,Nirvana Road,"[""Deuter""]",1984,Electronic,Calm,english,1.556301204741882
0mpKGswMW2MypC6kryHQmL,Echo's Answer,The Noise Made By People,"[""Broadcast""]",2000,Rock,Calm,english,1.0153932575215407
3ZB8WOTt7p9cSia9iG0TMz,Echo's Answer,The Noise Made By People,"[""Broadcast""]",2000,Rock,Calm,english,1.670331268759348
7kBoYDqxYcmOjnJxA2qYKt,Echo's Answer,Echo's Answer,"[""Broadcast""]",1999,Rock,Calm,english,1.0162210638922096
7kriFJLY2KOhw5en9iI2jb,Echoes,Meddle,"[""Pink Floyd""]",1971,Rock,Calm,english,1.9656847724758464
1Mzm1CNqVxtwbCYhOo843s,Echoes - 2011 Remastered Version,Meddle (2011 Remastered Version),"[""Pink Floyd""]",1971,Rock,Calm,english,2.1994691032914013
0vGZCMFftFVicNooQ5LlyE,Eclipse,Eclipse,"[""Autumn Tears""]",2004,Electronic,Calm,english,3.013569143688529
2CnujI84QaOwC7Q6ESzsU5,Edelweiss,Sing Me to Sleep: Indie Lullabies,"[""Laura Gibson""]",2011,Electronic,Calm,english,0.840256067313406
54FUGXFsJ2GzZTUv5HN9kA,Edelweiss,The Sound of Music (New Broadway Cast Recording (1998)),"[""Michael Siberry"", ""Rebecca Luker"", ""Sara Zelle"", ""Ryan Hopkins"", ""Natalie Hall"", ""Matthew Ballinger"", ""Tracy Alison Walsh"", ""Andrea Bowen"", ""Ashley Rose Orr""]",1998,Classical,Calm,english,2.473258196372973
5QSMlCmt1RQ9C7crc9AZow,Edelweiss,Oscar Winners - A Tribute To Oscar Hammerstein Ii,"[""Barbara Cook""]",1997,Classical,Calm,english,2.3912150881331
76CfWxdNh9k5ssABTxlmMJ,Eight Line Poem - 2015 Remaster,Hunky Dory (2015 Remaster),"[""David Bowie""]",1971,Rock,Calm,english,2.4452323745445144
3OueD83BFjh2lCyhuEpXVF,"Eight Part Songs, Op. 115: III. The Blue Bird",The Blue Bird,"[""Charles Villiers Stanford"", ""National Youth Choir Of Great Britain"", ""Bethany Partridge"", ""Christopher Hann""]",2016,Classical,Calm,english,3.283862245880289
4pWyCIolYgfTC7FLrwFQwX,Eighth Cognition/All You've Left,School of the Flower,"[""Six Organs Of Admittance""]",2005,Rock,Calm,english,1.588161094245864
2Xm1JRYvM5pQA6PL4tWmZK,"Ein Sommernachtstraum, Op. 61, MWV M13: Wedding March, Op. 61, No. 4",Mendelssohn: Midsummer Night's Dream (A) / Overtures,"[""Felix Mendelssohn"", ""Slovak Philharmonic"", ""Anthony Bramall""]",1998,Classical,Calm,english,1.5648490504905692
1WTqHQkecvRU0hsSESst2J,Either Way,Old Growth,"[""Dead Meadow""]",2008,Rock,Calm,english,1.6986954891194883
5gi7l82P5vhWtslY3Zmkh7,El Matador,ELDOVAR - A Story of Darkness & Light,"[""Kadavar"", ""Elder""]",2021,Rock,Calm,english,1.8901548640849088
2hdqQznTXT1M96p0v64ABI,Eldorado Overture,Eldorado,"[""Electric Light Orchestra""]",1974,Rock,Calm,english,1.9638425405254007
37hCVPGKXQ0vNEmkyNIw2v,Eldorado Overture,Flashback,"[""Electric Light Orchestra""]",1972,Rock,Calm,english,2.068176832918037
5AK6PWtFUMHHrXgxMFKs5f,Eleanor Rigby,Polarity,"[""Jimmy Bruno"", ""Joe Beck""]",2000,Jazz,Calm,english,1.7781215169057858
7wIjBZrJJ1v9QB9LZsQPDP,Eleanor Rigby,Classical Beatles,"[""G\u00f6ran S\u00f6llscher""]",2011,Classical,Calm,english,1.543925438869177
381u5SLnVhqDHbBFeW8wMS,Eleanor Rigby - Take 2,Revolver (Super Deluxe),"[""The Beatles""]",2022,Rock,Calm,english,2.2583693015258
30HnQldRdAg1UAX4CGWXyg,Elegie - Live,Horses (Legacy Edition),"[""Patti Smith""]",1975,Rock,Calm,english,6.237297259458254
0jx2hPIzs7bNveWHU2Ohzu,Eleven Weeks,"The Rolling, Driftless North","[""Vansire""]",2017,Pop,Calm,english,2.974698912660294
6eFV4CnBrdsYlF4s1wdqG0,Eleven Weeks,"The Rolling, Driftless North","[""Vansire""]",2017,Pop,Calm,english,2.975463060591644
1rMjygNMPefPbobmqx1nbI,Elisabet,Tookah,"[""Emil\u00edana Torrini""]",2013,Electronic,Calm,english,1.4040838451042914
63SdQpVeDurGLThqVdcF12,"Elizabeth, You Were Born To Play That Part",29,"[""Ryan Adams""]",2005,Country,Calm,english,2.3295109429593555
4NFanHPIcu0ME27Be3Oe5e,Emaline,Suddenly It's Spring,"[""Zoot Sims""]",1992,Jazz,Calm,english,1.81787260034795
7xiFvAjCATmKE2m5zI8F6Y,Embalmed Alive,House By the Cemetary / Mortal Massacre,"[""Mortician""]",2004,Rock,Calm,english,3.101918976391729
1uEA1hA6JjzzOS9aN9gP6r,Embarrassing Paintings (Agatha Showed Great Initiative in Art Class This Week),Come In,"[""Weatherday""]",2019,Rock,Calm,english,1.6481863192256103
2sBdzx1a6KVDcmHreBvti3,Embers,Here Be Dragons,"[""The Kilimanjaro Darkjazz Ensemble""]",2016,Electronic,Calm,english,1.6252706936120789
4xu5n6x9RecC2Qrg91LAUu,Embrace the Emptiness,Quietus,"[""Evoken""]",2001,Rock,Calm,english,3.597336856503932
5TRatwMfJYGHZF1hLrkUkj,Embrace the Emptiness,Shades of Night Descending,"[""Evoken""]",1996,Rock,Calm,english,3.648980103068965
13gV1LaOOdzOtkRIHxfRCA,Embraceable You,Plays For Lovers,"[""Barney Kessel""]",2003,Jazz,Calm,english,1.420483710107236
1ETUBr8SmjEvB7TKUGImkL,Embraceable You,Timeless Portraits And Dreams,"[""Geri Allen"", ""Ron Carter"", ""Jimmy Cobb""]",2006,Jazz,Calm,english,2.209707751957459
1OK1de4s4aJPTwfQ25c4rW,Embraceable You,Soul Shadows,"[""Joe Sample""]",2004,Jazz,Calm,english,2.0207377687542403
1ttsbZXVmIyVBPLpjDxCsN,Embraceable You,The Everest Years: Jo Jones,"[""Jo Jones""]",2006,Jazz,Calm,english,2.175141630478451
28QIDNtlkZZpJTTp8wCTg8,Embraceable You,P.S. Mr. Cole,"[""John Pizzarelli""]",1999,Jazz,Calm,english,2.472058342711148
4LdDSwazf1uLxetjY5hWTv,Embraceable You,By Popular Demand - Ella Fitzgerald,"[""Ella Fitzgerald""]",2015,Jazz,Calm,english,2.605941792750023
4nbD2Z4CxoYBbIuurNbrrv,Embraceable You,Romance Jazz Style,"[""The Art Farmer Quartet""]",2016,Jazz,Calm,english,1.01070337933736
4xRmeIsHXdGmjmJgyKSEx4,Embraceable You,Brownie: The Complete EmArcy Recordings Of Clifford Brown,"[""Clifford Brown"", ""Max Roach""]",1989,Jazz,Calm,english,1.6479356636235023
6CH1yH5NNDkyitgJgXdi18,Embraceable You,Erroll Garner's Finest Hour,"[""Erroll Garner""]",2003,Jazz,Calm,english,1.2179454172268414
6pdbqNexjUgQYk5w14Y1MG,Embraceable You,Standards & Ballads,"[""Wynton Marsalis""]",2008,Jazz,Calm,english,1.9761533982283868
4qcVSSkQeGvX9GFVg9VKaU,Emeralds,Rooms With Walls and Windows,"[""Julie Byrne""]",2014,Electronic,Calm,english,1.619629348953274
5AU0pnmcx3rF7qbVzIC1fh,Emeralds,Rooms With Walls and Windows,"[""Julie Byrne""]",2014,Electronic,Calm,english,1.120475301365108
0aRgXIkFPJ9EbDhseTowfs,Emergence,Seeking Infinity,"[""PANTHEIST""]",2018,Rock,Calm,english,2.538374713625964
4ZCiQDgKvbIAHBndikGwjY,Emerson Lake And Palmer,Ham,"[""The Chap""]",2005,Electronic,Calm,english,3.369071027143284
0MyHYqIDeReOQHhXf6alTH,Emily,Hallmarks: The Best Of Jim Hall (1971-2000),"[""Jim Hall"", ""George Shearing""]",2006,Jazz,Calm,english,1.153925495005455
2t2owImD0FSTqL8vxsw86H,Emily,A Capella I,"[""The Singers Unlimited""]",2014,Jazz,Calm,english,2.6357709236231868
76kulOiZ2H1J5keR7gMdLi,Emily,Pure Pleasure For The Piano,"[""Ellis Marsalis"", ""Makoto Ozone""]",2012,Jazz,Calm,english,1.5089515318851163
4eqtR8fPTh4aURSzrJOKPH,Emily Shore 1819-1839,Milk & Scissors,"[""The Handsome Family""]",1996,Country,Calm,english,2.041935022201358
77V2VkGGdtTIKLcyCq31QB,Empathy,Soundtracks For The Blind,"[""Swans""]",2001,Rock,Calm,english,2.175412692628794
1IlHaJtEtvnPeipUtluO3Q,Emptiness,Sauna,"[""Mount Eerie""]",2015,Folk,Calm,english,2.8330469639893403
4FjRidYO7BZcJRtGsMFvRa,Empty Chairs At Empty Tables,Les Misérables: Highlights From The Motion Picture Soundtrack,"[""Eddie Redmayne""]",2012,Classical,Calm,english,2.6183821074743205
6maepGvney4cfp1Ru3lJf3,Empty Chairs At Empty Tables,Les Misérables (Original Broadway Cast Recording),"[""David Bryant""]",1987,Classical,Calm,english,2.536494598392737
5yMyLZu4wPvWcbLFiRhYVM,Empty Spaces,The Wall,"[""Pink Floyd""]",1979,Rock,Calm,english,3.4206523988670927
2KfeQ6jBcWZf6zhwdcNQmW,Enchantment Passing Through (Reprise),Aida,"[""Adam Pascal"", ""Heather Headley""]",2000,Classical,Calm,english,2.691096822299435
0NAQqaCSIpYXIJa3Gw5jkE,Encounter,Afterthoughts,"[""Nosound""]",2013,Rock,Calm,english,1.8827319705755496
7oradvnbSujiCyc7FbAeXC,Encounters,Seven Lives Many Faces,"[""Enigma""]",2008,Classical,Calm,english,2.1218472845048706
5tlzPWUvrHRkc1SSvpiviT,End Of Act 1: Memory,Cats (Original London Cast Recording / 1981),"[""Andrew Lloyd Webber"", ""\""Cats\"" 1981 Original London Cast"", ""Elaine Paige""]",1981,Classical,Calm,english,2.7187991219714256
5aRMyc4dgNy39RUhqyRKLg,Endless Night,Fall,"[""All India Radio""]",2008,Electronic,Calm,english,1.994444138017644
2vCKQMdEhC6ag0PsNoS5hE,Endless Sleep,Quiet Please: The New Best of Nick Lowe,"[""Nick Lowe""]",2009,Pop,Calm,english,3.547435618341644
5ip8SLFnp2Crgy8kmCWG1B,Endless Sleep,Jesus of Cool,"[""Nick Lowe""]",1978,Pop,Calm,english,3.6309451075003296
1yEm93dJUe2IOGmygpEJHY,Enemy,Luminol,"[""Midwife""]",2021,Rock,Calm,english,2.397719804606711
4HhwsxEZeyCBoy2iF6NNX3,Engine (eavesdropping),caroline,"[""caroline""]",2022,Rock,Calm,english,2.464222707507229
5VpfjjbGnQukMSt6Poe4JT,England and a Broken Radio,The Closer You Get,"[""Six by Seven""]",1999,Rock,Calm,english,2.3535390608378104
77Y6L6iwjkjFB2bbuzNsAQ,Enjoy The Silence,Enjoy The Silence,"[""Eric Whitacre"", ""Eric Whitacre Singers""]",2013,Classical,Calm,english,1.962676744852615
4LDTO3LZxAkWqopF9ox7Bz,Enlightened Statues,Chamber Music,"[""Wu-Tang Clan"", ""RZA""]",2009,Hip-Hop,Calm,english,1.9053410992430924
4NNnV1TwbMRsTp3DmWsMJV,Enough,Myra Lee,"[""Cat Power""]",1996,Rock,Calm,english,1.4570164987511287
6CzWXOv7WGiVoWGIFksIhP,Entr'Acte - Act Two - Six Months Later - Live At The Royal Albert Hall/2011,The Phantom Of The Opera At The Royal Albert Hall,"[""Andrew Lloyd Webber""]",2011,Classical,Calm,english,3.576472431069013
4aG6uReXSuarutwzWsei3X,Entreat Me Not To Leave You,The Music Of Living: The Choral Music Of Dan Forrest 2010-2011,"[""Salt Lake Vocal Artists""]",2011,Classical,Calm,english,2.285655586680948
2U3kZMGkiaaqmtDwdYPBIr,Envy of Enzo's Villainous Self,VII (Orcestral Edition),"[""Into Infernus""]",2016,Rock,Calm,english,2.8971882082941827
28gHBvDRQ7SWHggjcquBWG,Envy us,O solitude,"[""PANTHEIST""]",2015,Rock,Calm,english,3.472675782939332
4S2VhqDf0gmvgxRIGYvi4j,Eos,Shadows of the Sun,"[""Ulver""]",2007,Rock,Calm,english,2.011503827294556
6SkHcvIMJ0m5ZXyPpZ0kDh,Eos - Live,Live at the Norwegian National Opera,"[""Ulver""]",2013,Rock,Calm,english,3.087938611781257
2um7TQfencFuZmi8bYUjXr,Epilation Joy,The Origin of My Depression,"[""Uboa""]",2019,Electronic,Calm,english,3.84323554265692
0yP5qlnYtzF72qlleQ4DNQ,Epilogue,The Crucible of Man - Something Wicked (Pt. 2),"[""Iced Earth""]",2008,Rock,Calm,english,1.6214747622380157
1IC2K7Au4MlsVFPkIEeN7Z,Epilogue,Blood Ritual,"[""Samael""]",1992,Rock,Calm,english,1.9740375251235192
66pQvOPWfEjRFQbRccGaaI,Epiphany,Angels,"[""Keith Halligan""]",2009,Folk,Calm,english,1.4005993593794697
3lwgPNKo9SAcPj7mZo0yt8,"Episode 11 BGM (From ""Re:Zero Kara Hajimeru Isekai Seikatsu"")","Anime Music Collection Piano Solo, Vol.3","[""Kenzie Smith Piano""]",2016,Pop,Calm,english,2.988380885421732
1Ev5HwlA8Lff9DSEsLBm0l,Epitaph,The Disturbance Fields,"[""Edison's Children""]",2019,Rock,Calm,english,2.816223228341604
5t0URCT4fu0wntdjo7RtoA,Epochs,Tomorrow In A Year,"[""The Knife""]",2010,Electronic,Calm,english,3.183881331929612
1eHXLyJmQbby53geI4cY2R,Era One,Era One,"[""Samael""]",2012,Rock,Calm,english,2.5333221650266675
3rtErDW8QBqK8le8TDA58m,Eria,Miracles,"[""Thomas Bergersen"", ""Two Steps from Hell""]",2014,Classical,Calm,french,2.91934759049759
0PuxFPoTO5Ox8JLxO7JuZX,Erupting Light,Without Sinking,"[""Hildur Gu\u00f0nad\u00f3ttir""]",2009,Classical,Calm,english,2.1165738238767253
2soXQBHbeDj4fkd0hoJYOe,Erupting Light,Without Sinking,"[""Hildur Gu\u00f0nad\u00f3ttir"", ""J\u00f3hann J\u00f3hannsson""]",2009,Classical,Calm,english,2.496150664756437
7s0WRtr7d2TWjtHBPQRLBU,"Estampes, L. 100: Jardins sous La Pluie",Debussy: Clair De Lune and Other Piano Favourites,"[""Claude Debussy"", ""Martin Jones""]",1994,Classical,Calm,english,1.2073900477199138
31cmllG2kmEjx34mFYXFrg,"Eternal Father, Strong to Save (From ""Crimson Tide"")",Film Music of Hans Zimmer - Vol.1,"[""The City of Prague Philharmonic Orchestra""]",2007,Classical,Calm,english,2.0923020076947
62QDfbqimlr9JSWhxqJ9YG,Eternal God,"Sing, Ye Heavens: Hymns for All Time","[""John Rutter"", ""The Cambridge Singers"", ""John Scott""]",2000,Classical,Calm,english,3.2069453036892623
5CZUAtT4yVZuzT1Tfb11L0,Eternal Light,Peace [Luxury Edition],"[""Libera""]",2010,Classical,Calm,english,1.7239972849491692
2SUyQ9pdNbpIIvcgy86F81,Eternal Love,Dracula Untold (Original Motion Picture Soundtrack),"[""Ramin Djawadi""]",2014,Classical,Calm,english,2.534274888141405
0oYsRwy1KIEikly5uWg2qC,Eternal Return,Terrestrials,"[""sunn O)))"", ""Ulver""]",2014,Rock,Calm,english,3.081254530480003
6OiZB9aQ0ijbl7pzQYWQeR,Eternity (Part 2),Resonance 1 & 2,"[""Anathema""]",1993,Rock,Calm,english,2.371061441189581
35XMkLyFC3qK6cNUSSRcyU,Eternity Ends,Posthumous Silence,"[""Sylvan""]",2006,Rock,Calm,english,3.0809974010767425
6igN79gfqL2kZk7jIjIdpJ,Eternity in a Breath,The Mother of Virtues,"[""Pyrrhon""]",2014,Rock,Calm,english,3.16103425492884
7o3Zup0nTRFAFAPKBpS72G,Eugene,Carrie & Lowell,"[""Sufjan Stevens""]",2015,Classical,Calm,english,3.0732370489573744
1jPj4lkpdo7w6HKhjHzEYN,Eux Exquis Acrostole,Metamanoir,"[""The Dale Cooper Quartet""]",2011,Electronic,Calm,english,2.82740062748117
7JJp9nIoSFSdPbFYx0gx2C,Evacuating London,"The Chronicles of Narnia: The Lion, The Witch and The Wardrobe (Original Motion Picture Soundtrack)","[""Harry Gregson-Williams""]",2005,Classical,Calm,english,2.3066700938624534
3mq52GHIpouaYHdNIX84Sf,Evacuee,Shepherd Moons,"[""Enya""]",1991,Folk,Calm,english,2.803235939632031
2BXTeGcjJtFdlxH8ZZ4HW9,Evanessence,Personal Favorites,"[""Fred Hersch""]",2001,Jazz,Calm,english,1.1472928973402725
1QV6deYIVMotvtF7XSfaQr,Evangeline,How I Loved You,"[""Angels Of Light""]",2001,Rock,Calm,english,2.2616179782547303
1aRl5gN5JWbxLXXQShVVvo,Even If Love,Master and Everyone,"[""Bonnie Prince Billy""]",2003,Country,Calm,english,2.1391385438206245
40vezKc7BEU67yGmzf4AKL,Even When,Future Songs,"[""Cranes""]",2002,Rock,Calm,english,2.622555237102822
4rvN3alz5GV8BSfCigHeYI,Even When He is Silent,SPES,"[""Kim Andr\u00e9 Arnesen"", ""Tove Ramlo-Ystad"", ""Cantus""]",2015,Classical,Calm,english,2.4584480359451737
4jBHJDHmet3Ms00S1ouWL9,Even in the Shadows,Dark Sky Island,"[""Enya""]",2015,Folk,Calm,english,1.6351793459067416
0aF9woXZLH6AH4ayrkVHhQ,Evening Falls...,Watermark,"[""Enya""]",1988,Folk,Calm,english,2.828996489806368
5Nw8lZlXXN0J1R0ovGLZEK,Eveningward,Come the Bells,"[""Backworld""]",2011,Classical,Calm,english,2.267468136605911
5xJNqby10tUsWXmoaFeyg3,Eventide,Litany,"[""Dead To A Dying World""]",2015,Rock,Calm,english,2.5008337277216306
2qfT1mBf9Pz6DDHn7GgcoO,Evergreen,I Forget Where We Were,"[""Ben Howard""]",2014,Folk,Calm,english,1.454276234846046
7cAlludZgzMdlBVRleN8zX,Evergreen,Soma,"[""Windhand""]",2013,Rock,Calm,english,2.271891210234175
6yFoe3jCqHuczfzdTtCmAI,Everwake - Studio,Resonance,"[""Anathema""]",2001,Rock,Calm,english,1.8924245352112004
5GEDSo9YuMDls6IdYMIfbe,Every Breath You Take,Winter Love,"[""Scala & Kolacny Brothers""]",2019,Classical,Calm,english,5.754076823001974
1fbhBns8MELTYHkAow6cZc,Every Heart Is Open,Suddenly (Or the Nuclear Sunburst of the Truth Revealed),"[""Young Oceans""]",2017,Folk,Calm,english,1.4500476280538594
1APgqlGcOETzgrquIUWlVh,Every Rain,"New Me, Same Us","[""Little Dragon""]",2020,Electronic,Calm,english,1.2129760229331867
0ameyezi8mF5HdFqBp7DLF,Everyday,And Then Nothing Turned Itself Inside-Out,"[""Yo La Tengo""]",2000,Pop,Calm,english,1.691281053276737
0RLzuvzrkqCK1vU6MsMoHe,Everyday Is an Emergency,Aviary,"[""Julia Holter""]",2018,Pop,Calm,english,1.9033086721489
2UB3BpPz5AsDDTQEASGYlT,Everyday Ritual,The Funeral March,"[""Gadget""]",2006,Rock,Calm,english,4.551806943145021
0q0Vlb5g3DV8pysqIllbiR,Everything Everything,Echo,"[""Indigo Sparke""]",2021,Folk,Calm,english,1.3581278831947674
2zSXJxqRM0HiEn4gZYHyL0,Everything Fades To Gray - Instrumental Version,The Days Of Grays,"[""Sonata Arctica""]",2009,Rock,Calm,english,1.394774435413328
4AN81mW1bE9EtvTIDRTEjf,Everything Happens To Me - Live,Meditation,"[""Joe Pass""]",2002,Jazz,Calm,english,4.674928917370259
0QppPJTxQTwZt9Pon5zkhH,Everything Has an End,Sleep Party People,"[""Sleep Party People""]",2010,Rock,Calm,english,2.4055115419532247
7tKSLCLjnLBZZSpOZUxzyr,Everything I Love,South To A Warmer Place,"[""Meredith d'Ambrosio""]",1989,Jazz,Calm,english,1.924988426685308
1QxmKMggKPykokcwBYvjso,Everything in Its Right Place,Anything Goes,"[""Brad Mehldau Trio""]",2004,Jazz,Calm,english,1.228830640903303
48y7qn4A3xUwCjfIRr9C1U,Everything In Its Right Place,Strung Out On Kid A: VSQ Performs Radiohead,"[""Vitamin String Quartet""]",2004,Classical,Calm,english,2.821354018683998
5VZYFTDtKdrcwXUC7AV96D,Everything in Its Right Place - Alternate Version,Everything in Its Right Place,"[""Brad Mehldau Trio""]",2004,Jazz,Calm,english,1.508625611432795
16Mm5FOs9POmPunQJw5SNw,Everything Is Always,Our Inventions,"[""Lali Puna""]",2010,Electronic,Calm,english,2.3332334915996364
7dfKIw7EbXEyqsba0foihh,Everything Is Scary,Haunts,"[""German Error Message""]",2014,Electronic,Calm,english,1.7397357822770854
4c4m5I60pjO2YSS8ByDBg0,Everything Must Change,Body Heat,"[""Quincy Jones""]",1974,Jazz,Calm,english,1.3623674265666144
6EHogcDBUFgZ82ngBQBQDJ,Everything We Forget,Sea of Worry,"[""Have A Nice Life""]",2019,Rock,Calm,english,2.001721318877872
2oJaeDrGlKpnlKJA08npEg,Everything's Alright,Jesus Christ Superstar (20th Anniversary London Cast Recording (1992)),"[""Paul Nicholas"", ""Claire Moore""]",1992,Classical,Calm,english,3.753862740972932
6zFDcoyxFHKs7xTXs4Lfje,Everything's Alright,Jesus Christ Superstar (20th Anniversary London Cast Recording (1992)) (Highlights),"[""Paul Nicholas"", ""Claire Moore""]",1992,Classical,Calm,english,3.7553864807521937
4qwOXu9qvQh47FwGWSE5BX,Everything's Going On,Shivering King and Others,"[""Dead Meadow""]",2003,Rock,Calm,english,2.653605208492565
00LwQydRUDS49tJ0L7qHhJ,Everytime We Say Goodbye,Sentimental Songs,"[""Nina Simone""]",2019,Jazz,Calm,english,2.3476600040592044
3DbB6vZBmoqrwPbDZd0LbQ,Everyway,YTI⅃AƎЯ,"[""Bill Callahan""]",2022,Country,Calm,english,0.8193124267184421
4pMJ1C0OE3wuoVhaH9EJit,Evil Selfish Fool,Sing It Ugly,"[""Those Poor Bastards""]",2016,Rock,Calm,english,1.7495730510833394
1D12gxPQmCH1WYtVD5ecIc,"Exaltation On A Cool, Kitchen Floor",A Collection Of Songs Written And Recorded 1995-1997,"[""Bright Eyes""]",1998,Folk,Calm,english,1.5110711533725352
2hMD3SnrBsre1mzptGRn6Z,Exile,Watermark,"[""Enya""]",1988,Folk,Calm,english,2.50186377774484
5I5XfaTmAxWlJzg8Eynjby,Exit,The Joshua Tree (Super Deluxe),"[""U2""]",1987,Rock,Calm,english,2.4455577525855707
6YLmaHGMKaKHCeEa03XRbI,Exit - Remastered 2007,The Joshua Tree,"[""U2""]",1987,Rock,Calm,english,2.3718111654079133
73ik3a517Lz2W7eLWejapJ,Exit Music,"Songs: The Art of the Trio, Vol. 3","[""Brad Mehldau""]",1998,Jazz,Calm,english,1.902066699973516
1XA9Ew4sYnZsA9ZhGDNNuS,Exit Music (For a Film),Strung Out On OK Computer: VSQ Performs Radiohead,"[""Vitamin String Quartet""]",2001,Classical,Calm,english,1.7958588681970784
1fkFpepOCg88VMpvVPUiai,Expecting to Fly,The Best of Buffalo Springfield: Retrospective,"[""Buffalo Springfield""]",2009,Folk,Calm,english,2.537579995965478
6BtW3un5PWH91GFNBmEQ0c,Exploding Whale,Exploding Whale,"[""Sufjan Stevens""]",2015,Classical,Calm,english,1.7710056236832112
3ABThqtqSF6pHBOrXsn7Ef,Exploited & Exposed (Exposed),Misery in Soliloquy (Exposed),"[""Symbion Project""]",2012,Electronic,Calm,english,3.923220516356195
4fcitkwj32DFTkqMUGONUu,Extension Cord,Farther Reaches,"[""Fog Lake""]",2013,Rock,Calm,english,0.8484997565479137
0xdBGB6w03okoD9nS5qqeu,Eye Flys,Ozma / Gluey Porch Treatments,"[""Melvins""]",1989,Rock,Calm,english,2.463717993462028
1ELj5V99dPWv1CpVhRAUvm,Eye of the Universe,Seeking Infinity,"[""PANTHEIST""]",2018,Rock,Calm,english,2.4456035847416127
6Wcd9rj6ffjC3onDlEJpli,Eyes Blue Like The Atlantic,Eyes Blue Like The Atlantic,"[""Lofi Fruits Music"", ""Avocuddle"", ""Chill Fruits Music""]",2020,Electronic,Calm,english,1.4266039846183225
2vVe99q899BRQ8GWFeu9Nb,Eyes On The Road,Earth Crisis,"[""Dirty Projectors""]",2020,Pop,Calm,english,1.853053638479156
50M5OWBvrMjzASKCdIeee4,Eyes On The Road,5EPs,"[""Dirty Projectors""]",2020,Pop,Calm,english,1.853053638479156
3bZYZRgrJhIIBUkZaBy22L,Eyes for the Change,Known/Learned,"[""Arcane""]",2015,Rock,Calm,english,1.3741832272064662
6GzNbyaWfoBDJ678aN0VeW,Ezekiel 7 and the Permanent Efficacy of Grace,The Life of the World to Come,"[""The Mountain Goats""]",2009,Folk,Calm,english,2.47788421712558
1kld223Dn6tCArq67mAJt8,F.O.R.D,Full Throttle,"[""Blue Meanies""]",2006,Folk,Calm,english,3.514075242990616
1WMawd1HhdmEojY4b1Ouyi,FAITHFUL SERVANT FRIEND OF CHRIST,CALIGULA,"[""Lingua Ignota""]",2019,Electronic,Calm,english,2.9302685486132165
5ciSY90I19aqe04pFQ4pDA,FRAGMENT,Fixed,"[""Survive Said The Prophet""]",2017,Pop,Calm,english,2.4505704653106406
3AdjVNmizJU3o0UzoNTqe1,FUCKING DEATHDEALER,CALIGULA,"[""Lingua Ignota""]",2019,Electronic,Calm,english,2.896371182115168
5vAUSEHIsBmKll8nyVTeQE,Fable,Grimm Tales,"[""Nox Arcana""]",2008,Electronic,Calm,english,1.8440190276123185
0DPI4VSuLN6GGHQszEb8jf,Face Drawings,self titled,"[""The Pine""]",2004,Rock,Calm,english,1.8488781158028555
4ksq3JX8I8gMXG7VdyIOnZ,Faces,Myra Lee,"[""Cat Power""]",1996,Rock,Calm,english,1.3379465173020455
5Pi9fJL4cncMNB7PPDTX6a,Faint,Capsule Losing Contact,"[""Duster""]",2019,Rock,Calm,english,1.7340842594143036
1cXxddwhV2GTAQ5CuizIEH,Fair Weather,Round Midnight,"[""Herbie Hancock""]",1986,Jazz,Calm,english,0.9958722063341344
5SUYLy3wczQzfXVeMlK2an,Fairytale Of New York,Recollections,"[""Phil Coulter""]",2005,Folk,Calm,english,2.3747345759401632
6Rhf8Exla00Q32uVXPY98a,Faith - RS Home Instrumental Demo Aug. 1980,Faith (Deluxe Edition),"[""The Cure""]",1981,Rock,Calm,english,2.600504600666139
4T6GTMDIYF8gymLxUfJ2Tx,Faithless Love - 2005 Digital Remaster,"Sondheim, Etc., Etc. Bernadette Peters Live At Carnegie Hall (The Rest Of It)","[""JD Souther"", ""Bernadette Peters"", ""Marvin Laird""]",2005,Country,Calm,english,4.852583465003424
7G0wlHyJvnect8kp2xgHjd,Faithless Lover,Dig My Mood,"[""Nick Lowe""]",1998,Pop,Calm,english,1.564557641988414
7m6m4cjp94PdMVTXHVWEc5,Fall,Sunwheel Dance,"[""Bruce Cockburn""]",2005,Folk,Calm,english,1.4577086416312566
0lvcVCCEpjn9titFA3lSis,Fallen Embers,A Day Without Rain,"[""Enya""]",2000,Folk,Calm,english,1.9100777300653755
3dmblfU145Auvgn5U5UKWt,Falling,Structuralism,"[""Alfa Mist"", ""Kaya Thomas-Dyke""]",2019,Electronic,Calm,english,1.2768118803737774
6nkaZjvcy2YAr3IhVGK8dD,Falling,The Hit Parade,"[""The Wedding Present""]",2003,Pop,Calm,english,3.594012072627481
0Fsr9gunad8CJEJhIAXpHa,Falling Apart Again,The Dusty Mirror,"[""Mark Sheeky""]",2020,Electronic,Calm,english,2.284911463687525
4EocLlVV582YshaT7aXZxR,Falling Ashes,Slowdive,"[""Slowdive""]",2017,Rock,Calm,english,2.9921327226329697
6NrvmEcsaJKZj8NmGWkOMW,Falling In And Out Of Love - Remastered January 1992,Aimee And Other Hits,"[""Pure Prairie League""]",1992,Rock,Calm,english,2.486079095394204
2Zc7PjWKhDr2EG9oSIqNFz,Falling Slowly,Vitamin String Quartet Goes to the Movies,"[""Vitamin String Quartet""]",2009,Classical,Calm,english,2.421093067651516
389hwNOWRuhscp7z79IKQH,Fallout,Trinity,"[""Sons of Perdition""]",2013,Country,Calm,english,2.2900439477946004
2WPHpOOrSoDBOEnV8Cv76w,Famous Blue Raincoat,The Best Of Leonard Cohen,"[""Leonard Cohen""]",1987,Folk,Calm,english,2.425658496613181
3hqErWVzHaW2lGbcGT8ewt,Far Away,Angel Voices,"[""Takatsugu Muramatsu"", ""Libera"", ""Michael Horncastle"", ""Robert Prizeman""]",2006,Classical,Calm,english,2.5726081715880484
5htzqVKXV4YXikzQm73FFn,Far Away,Red Dead Redemption Original Soundtrack,"[""Jos\u00e9 Gonz\u00e1lez""]",2010,Folk,Calm,english,1.9657997686008664
2ZZTCLRLn9FaQqReqVDVKK,Far Away Blues,Julie Blue,"[""Joe Purdy""]",2004,Folk,Calm,english,2.805860770541348
5Np2WOGmxI8fisNiJQ82IX,Far Away Places,"16 Most Requested Songs Of The 1940'S, Volume II","[""J. Whitney"", ""A. Kr\u00e4mer"", ""Dinah Shore""]",1989,Jazz,Calm,english,2.453159836114457
5q4B0tc8zjJUfjMisbvE2e,Far Away Places,Today & Yesterday,"[""Perry Como""]",1993,Pop,Calm,english,2.381578900459689
45xkFY6J9FQMN26RNz9law,Far From The Home I Love,Fiddler On The Roof (Original Motion Picture Soundtrack),"[""John Williams"", ""Chaim Topol"", ""Norma Crane"", ""\""Fiddler On The Roof\u201d Motion Picture Orchestra""]",1971,Classical,Calm,english,2.3472556602855303
4pR15uGk0c6RnFcJVAR4Ns,Farewell,Furious 7 (Original Motion Picture Score),"[""Brian Tyler""]",2015,Classical,Calm,english,2.049951626361884
4u7mm9f8WmsxtXVF29ReGE,Farewell,Furious 7 (Original Motion Picture Score),"[""Brian Tyler""]",2015,Classical,Calm,english,1.3539171984632816
2TPr3pZyVOboLdEPo3natm,Farrell Blues,"Complete Recordings, CD C","[""Charley Patton""]",2002,Blues,Calm,english,3.983127271090609
7rB7j1kgKOJqk1ZHYFpEhE,Farther Along,Elvis Presley: The Searcher (The Original Soundtrack) [Deluxe],"[""Elvis Presley""]",2018,Rock,Calm,english,2.3726951301787778
7L50opXlNqB58EBVirLk8M,Fascination,Dreams and Daggers,"[""C\u00e9cile McLorin Salvant""]",2017,Jazz,Calm,english,2.445666324198548
1dDrjDYwXy7YbhzMnxoZoi,Father James's Song/ Treasures of the Gospel/ I Will Bow and Besimple,Simple Gifts,"[""Willliam Coulter"", ""Barry Phillips"", ""Shelly Phillips""]",1990,Folk,Calm,english,1.5020146318695171
63WgOAWowSQZZMJAnIzdFy,Father Reprise,House With No Home,"[""Horse Feathers""]",2009,Folk,Calm,english,2.15335089482916
3qUuWillQA0OR6GmcfAqyX,Father to Son,Good Vibrations,"[""Phil Collins"", ""The King's Singers""]",1993,Rock,Calm,english,2.632743229672222
4Wol7dzHEpoPXvNZpnaeQe,Favorite Uncle,Dilate,"[""Bardo Pond""]",2001,Rock,Calm,english,2.0602389328412483
0DMUUhWzZvD57WY2sdoFL9,Faxed Invitation,Oblivion With Bells,"[""Underworld""]",2007,Electronic,Calm,english,3.045826881168052
6OB5MkZ5ydn8BUYI5aytMy,Fear,Damaged,"[""Lambchop""]",2006,Country,Calm,english,1.5112226112399323
4HCVLOUHhxu9WEwIAgmObr,Fear & Force (Audiotree Live Version),Vagabon on Audiotree Live,"[""Vagabon""]",2017,Pop,Calm,english,2.043882245069155
48GrycPcsZnWVPPPpYuW8l,Fear And Trembling,Under The Shadow,"[""Mangled Carpenter""]",2021,Rock,Calm,english,3.409272266187916
5EGhIBTDoKLqENEmRROtwd,Fearless (Hidden Track),San Francisco,"[""American Music Club""]",1994,Rock,Calm,english,2.3677772206175858
6KTRtSTyfknXfLBH8wP9Pp,Feather,Visions of Light,"[""Ishmael Ensemble""]",2021,Electronic,Calm,english,1.4570590990870524
5dRkvLukD06ROnX9qJU7fe,February Relaxing Her Fingers After a Long Winter's Grip,Only Just Beginning,"[""Jason Webley""]",2004,Folk,Calm,english,1.506523341507307
0VePcdNpbzpbWVAIDmYRM5,Feed The Birds (Tuppence A Bag),Mary Poppins (Original Motion Picture Soundtrack),"[""Julie Andrews"", ""Disney Studio Chorus""]",1997,Classical,Calm,english,2.491575598057733
4Mby9o6D2YgBblZcFSTgeR,"Feed The Birds (Tuppence A Bag) - From ""Mary Poppins""/Soundtrack Version",Walt Disney Records The Legacy Collection: Mary Poppins,"[""Julie Andrews"", ""Disney Studio Chorus""]",2014,Classical,Calm,english,2.710991839610398
4P73qgh9VA1S9Hct6VhLI4,"Feed The Birds (Tuppence A Bag) - From ""Mary Poppins""/Soundtrack Version",Mary Poppins,"[""Julie Andrews"", ""Disney Studio Chorus""]",1997,Classical,Calm,english,2.491575598057733
7suxSF3mqYxNhGU9D3WD5R,Feel Light,Love As Projection,"[""Frankie Rose""]",2023,Pop,Calm,english,1.888788512938355
28bj9itUlEwF1jvjNUo8bl,Feeling of Gaze,Bavarian Fruit Bread,"[""Hope Sandoval & The Warm Inventions""]",2001,Pop,Calm,english,2.019508949403673
67gWOa8B7Og4jqUpGAtJgT,Feelings Are A Thing Of The Past,Superstar,"[""Caroline Rose""]",2020,Pop,Calm,english,2.597799312520713
2DTRx26dSINM5Ed9OrauxB,Feet Of Clay,Lookaftering,"[""Vashti Bunyan""]",2005,Folk,Calm,english,1.308435063053415
6QhJBzD1KgwHgHftQwAMSJ,Fell Sound,Foreign Body,"[""Mirrorring""]",2012,Rock,Calm,english,2.4196996886824267
4HtLZjB3whLvlPYkpqb8ME,Fermoy Lasses,Don't Burn the Water,"[""The Kells""]",2007,Folk,Calm,english,1.4627259113680338
6AMdGVtjSqCbBbsUss59Ig,Fever,Azure Ray,"[""Azure Ray""]",2001,Pop,Calm,english,1.642933007910832
2XoVzo4wjnATkpwNVAevyM,Fever Dream - Demo,Our Endless Numbered Days (Deluxe Edition),"[""Iron & Wine""]",2004,Folk,Calm,english,1.5688089496477666
3cGobpY9cz0KiOKQwPBMTx,Fiddlin' Joe,Four Boys And A Guitar,"[""The Mills Brothers""]",1995,Jazz,Calm,english,3.451784809411196
78AIWuLBo4PTGkpObuFqVd,"Fields, Woods, Time",And Now For The Whatchamacallit,"[""Psychedelic Porn Crumpets""]",2019,Rock,Calm,english,2.451923712419337
7bjxHAE7FruTRXgTyIYHiN,Fiendish,Fiendish,"[""Phideaux""]",2003,Rock,Calm,english,2.79764012072542
4x4H9FFnwH3r8nnqBBzWBY,Fierce in the Headlights,How a Fantasy Will Kill Us All,"[""Corrina Repp""]",2018,Electronic,Calm,english,3.2276943806069847
1rKGBe3WpOG7VOSiVV4Jdl,Fight Night Champion,Amy Locust Whatever,"[""Cyberbully Mom Club""]",2015,Electronic,Calm,english,2.515014457939325
6DrvnVb0r5QjwdJPUkKVCE,"Final Movement (Feat. ""Not At Home"")",Last Night (Original Motion Picture Soundtrack),"[""Clint Mansell"", ""Peter Broderick""]",2012,Classical,Calm,english,3.041334009664264
6JKnljdAkE0p2J7gk6pqUG,"Final Movement - feat. ""Not At Home""",Last Night (Original Motion Picture Soundtrack),"[""Clint Mansell""]",2012,Classical,Calm,english,3.1546266446662843
0KRVTyHMryzFllioVmdKcQ,Finale,Batman (Original Motion Picture Score),"[""Danny Elfman""]",1989,Classical,Calm,english,2.4936020865682065
0putAbV6f0nsVh3on5vRV9,Finale,Rabbit & Rogue (Original Ballet Score),"[""Danny Elfman"", ""Berlin Session Orchestra"", ""Joris Bartsch-Buhle""]",2016,Classical,Calm,english,1.959716440869885
2MuagBFy6Fj3WUL227pL4B,Finale,Men In Black The Score,"[""Danny Elfman""]",1997,Classical,Calm,english,2.482442142897062
0xPl6MbwEcvd6WTemvH7qi,"Finale ""Les Miserables""",Les Misérables (Original Broadway Cast Recording),"[""Robert Billig""]",1987,Classical,Calm,english,2.439830449376414
2SIuzuio78aB01RGY90d59,"Finale (from the motion picture, ""Home Alone 2: Lost In New York)",Home Alone 2: Lost In New York (Original Score),"[""John Williams""]",1992,Classical,Calm,english,2.5281799015630497
1eZmTjKm5UHf7tcfjbnMOI,"Finale - From ""The Kingdom""",The Kingdom,"[""Danny Elfman""]",2007,Classical,Calm,english,1.2908385375270577
1zckfyFhVkCVbDbqd7zhIq,Find Love,Soft Spot,"[""Clem Snide""]",2003,Country,Calm,english,2.6464571813875395
2OKG9XwD2i7fVs7EpJIjri,Fine And Dandy,And His All Stars,"[""Teddy Wilson""]",1976,Jazz,Calm,english,2.7434320722245102
4Se7ReSe0ga4AuccWEY7Sj,Finer Days,Red Apple Falls,"[""Smog""]",1997,Rock,Calm,english,1.7121793257363218
6UbpfP9rgJhc9LiTza9UgD,Fingernail Poem,This Is It!,"[""Alan Watts""]",2015,Electronic,Calm,english,1.3349527582851763
1h176wfiulx0qqzXaNwK2L,Finishing the Hat,Sunday in the Park with George (Original Broadway Cast Recording),"[""Mandy Patinkin""]",1984,Classical,Calm,english,2.6442962043024005
3uXbZqUS5wqUzrMWdtB57Y,Fire At Zero Gravity,Fire At Zero Gravity,"[""40 Below Summer""]",2013,Rock,Calm,english,6.065655672825033
1loVJobh6fs85LSvs7aCYw,Fire-Eater's Wife / Beauty Queen - Demo; 2016 Remaster,Boys for Pele (Deluxe Edition),"[""Tori Amos""]",1996,Folk,Calm,english,2.283637439934118
3HxsDeFvJ2TBEQv9MpxGZA,Firefly,Alive,"[""Hiromi"", ""Anthony Jackson"", ""Simon Phillips""]",2014,Jazz,Calm,english,1.7494058973801443
0QKibuCXiJoJauaftOrd83,Fireworks,Torch Song,"[""Radiator Hospital""]",2014,Rock,Calm,english,2.5021101281397766
1Oii7zshrI6ihftpguVoj8,Fist,Adrenaline,"[""Deftones""]",1995,Rock,Calm,english,2.472360431815135
6jaoOcmY49hDwD1RQBYOOo,First Day,Falling Satellites,"[""Frost*""]",2016,Rock,Calm,english,2.4053168199882786
2YSnBZxzieS4j4IclyI1gj,First Day of the End of My Life,Everything is Fine,"[""Amigo the Devil""]",2018,Folk,Calm,english,2.563529311078037
3RoMEppHj4Q80lHLwFx0lp,First Rain,Themes for Dying Earth,"[""Teen Daze"", ""S. Carey""]",2017,Electronic,Calm,english,2.5402118746154057
4eIfgREA4jOxaTL0dpgd6T,First Rain,First Rain,"[""Teen Daze"", ""S. Carey""]",2017,Electronic,Calm,english,2.5402118746154057
7DqPkecLICkrmimzyWayHj,First of the Tide,Sule Skerry,"[""Erland Cooper"", ""Benge""]",2019,Electronic,Calm,english,2.633411596796414
4UBHHbkyDEH7d5PeljUsFO,Firsts,Dents and Shells,"[""Richard Buckner""]",2004,Country,Calm,english,1.2131556706465512
5PEOBW3Gkfhy6hASN55UUe,Fish On Land,La Lechuza,"[""Esmerine"", ""Lhasa De Sela""]",2011,Rock,Calm,english,3.334532335416161
637sViSUUQTBice1wmz5id,Fishing Bird (Empty Gutted in the Evening Breeze),Dragging a Dead Deer Up a Hill,"[""Grouper""]",2008,Rock,Calm,english,1.4809070222469578
2Po83ClXlCvDbILOKpFVck,Fist,The Studio Album Collection,"[""Deftones""]",2016,Rock,Calm,english,2.472360431815135
4rkg9RoNo5f2yb3bhAMUqB,Fitter Happier,Strung Out On OK Computer: VSQ Performs Radiohead,"[""Vitamin String Quartet""]",2001,Classical,Calm,english,1.964860197793816
5UVh8KvLkObml6Je0mkEeC,Fix You,Piano Covers,"[""David Schultz""]",2019,Pop,Calm,english,1.1351437130121005
4ZVobIngDwM6R95VM0dnqn,Flamingo,Flamingo,"[""Duke Ellington""]",2010,Jazz,Calm,english,2.6564365898674978
1CywhCWwyq61yobGuSMqRW,Flashback,Good Time Original Motion Picture Soundtrack,"[""Oneohtrix Point Never""]",2017,Electronic,Calm,english,2.2000560436999947
4B3s2xci5zbBGbeLEEvN9P,Flashing Lights,Sweden,"[""The Mountain Goats""]",1995,Folk,Calm,english,1.5939405832981766
0TAMZcRMC5xCrViG2rdjrm,"Flattening of Emotions (Riffs) - Rehearsal January, 1991",Human (Deluxe Version),"[""Death""]",2011,Rock,Calm,english,3.0682082983272663
28a0RlnfHnnJ5tBA7OIPos,Fleur,Fleur,"[""Instupendo"", ""Teen Daze""]",2018,Electronic,Calm,english,1.7030804345858557
0n97XDP8KfMDdj9XsjwqpQ,Flick,Is a Woman,"[""Lambchop""]",2002,Country,Calm,english,1.890187918659824
5HiR8pyhqeF4qRX7gKI7yl,Flickering Lights,The Hypnogogue,"[""The Church""]",2023,Pop,Calm,english,1.6265527007847242
0LNroCmxXfvqBoIKjfAhRi,Flight,Casualties of Cool,"[""Devin Townsend"", ""Ch\u00e9 Aimee Dorval""]",2014,Rock,Calm,english,1.5807761604503066
5r3r1NgbHnlqMDaJfyNJq2,Flight in Formation,Flowers from Exile,"[""ROME""]",2009,Classical,Calm,english,3.0511205281902742
2BvHdQ2IGmQw4Bv8wWAocc,Floating,Accumulation: None,"[""Smog""]",2002,Rock,Calm,english,1.4269319187980305
7feY0F6CN4MkaBNcMxT3qL,Floating Spit,Put Your Back N 2 It,"[""Perfume Genius""]",2012,Pop,Calm,english,2.193844903474713
5bJEBr4sKZGXz12a845H99,Flotus,FLOTUS,"[""Lambchop""]",2016,Country,Calm,english,2.081654785440394
0HAx10WoWvXTbdoJrdvcsE,Flow Gently Sweet Afton,Circle of Moons,"[""Bill Douglas""]",1995,Folk,Calm,english,3.0216433640724065
6HmjKHZBHgEuHRhTkhRf7S,Flow Gently Sweet Afton,Eternity's Sunrise,"[""Bill Douglas""]",2000,Folk,Calm,english,1.8065890677891163
1dkm7XmGBEdeGS6EITobXM,Flow My Tears The Spider Said,They Were Wrong So We Drowned,"[""Liars""]",2004,Rock,Calm,english,2.157774037353972
6BJP1FBSZWTvwkEmiN5tJo,Flower,This (Is What I Wanted to Tell You),"[""Lambchop""]",2019,Country,Calm,english,2.6232818337300574
0tCo7SXqbaKMynRSkPd2QY,Fly,Double Negative,"[""Low""]",2018,Rock,Calm,english,1.7448793352864478
6oXyOzIZvgO3z7qU89Tlzn,Fly Away,The Celtic Lounge II,"[""Gary Stadler & Wendy Rule""]",2007,Folk,Calm,english,2.236826517874391
6AuLGILvRWdCkrMIk32J2U,Fly Me Away,Fly Me Away,"[""Beow\u00fclf""]",2018,Electronic,Calm,english,1.5101750274774532
47518xE84YLoaudsknX4tu,Fly Me To The Moon,Patrizio,"[""Patrizio Buanne""]",2009,Pop,Calm,english,2.9142308136329302
5Bq54XimtSlc2xBaGGVVhO,Fly Me To The Moon,Fly Me To The Moon,"[""Lofi Fruits Music"", ""Avocuddle"", ""Chill Fruits Music""]",2020,Electronic,Calm,english,1.5740560160392136
7ioYcj2MKilwzLKO65Aw7H,Fog - Again Again Version,KID A MNESIA,"[""Radiohead""]",2021,Rock,Calm,english,1.450006969610297
2r7o3d7mxE95qna3ldZvJr,"Folk Songs: No. 2, I Wonder as I Wander",Berio: The Great Works for Voice,"[""Luciano Berio"", ""Christine Schadeberg"", ""Musicians Accord"", ""Tan\u00eda Le\u00f3n""]",1995,Classical,Calm,english,2.005044494298766
3fpWqwISo0sDCUZcagMUCs,"Follow The River (From ""Night Passage"")",The Alamo - Dimitri Tiomkin - The Essential Film Music Collection,"[""The City of Prague Philharmonic Orchestra""]",2004,Classical,Calm,english,2.527787581138753
5ZgEeP0NO21ZQN15UKp4nK,Fond Affections (Remastered),It'll End In Tears (Remastered),"[""This Mortal Coil""]",1984,Pop,Calm,english,2.9439810009307443
53a82fPkpZAQ7zgXTCsLpn,Fooley,Raven,"[""Kelela""]",2023,Pop,Calm,english,2.3284803741881057
5hHImR8MEzF2rtboFWxj7g,Fools Rush In,Sentimental Journey,"[""Houston Person""]",2002,Jazz,Calm,english,2.005405991330706
7hbpUZY7qsDPBe9X2juJEz,Fools Rush In,The Noble Art Of Teddy Wilson,"[""Teddy Wilson""]",2000,Jazz,Calm,english,1.9026316866915152
4WYZuhsa8idA4kPDPsNY6B,Fools Rush In (Where Angels Fear to Tread),The Magic Of Manuel,"[""Manuel & The Music Of The Mountains""]",1991,Classical,Calm,english,2.049018242196764
0bjH0hUmxRID4pacDtnN8E,For All We Know,Abbey Sings Billie,"[""Abbey Lincoln""]",2001,Jazz,Calm,english,4.7878809915634895
0vB3z9Jp1OFTV9gZDYkVG1,For All We Know,A Donny Hathaway Collection,"[""Roberta Flack"", ""Donny Hathaway""]",1990,Blues,Calm,english,2.7680844096298896
3ZlrImCUC5ODy6hO180NVr,For All We Know,Hot House Flowers,"[""Wynton Marsalis""]",1984,Jazz,Calm,english,0.4556116183618302
3mEVB7RzH8v5mQbI6AQgzs,For All We Know,Cool Cat,"[""Chet Baker""]",1989,Jazz,Calm,english,1.913153492277276
6wA9gP5PIpnD5QRtUU2BUU,For All We Know,Never My Love: The Anthology,"[""Donny Hathaway""]",2013,Blues,Calm,english,2.6456219242520365
7I1h2g9r3JqECtOf3faGna,For All We Know,The Bridges Of Madison County Original Sound Track,"[""Johnny Hartman""]",2005,Jazz,Calm,english,2.774067646298859
0YlJ9YScYJgiYKS5PxuDeQ,"For All We Know - Recorded Live at the Keystone Korner in August, 1979","Charmed Circle (Recorded Live at the Keystone Korner in August, 1979)","[""Cedar Walton""]",2017,Jazz,Calm,english,6.574323931739076
6EbON4NMyHUt5xG1ZHZ5Y8,"For Behold, Darkness Shall Cover The Earth",Handel's Messiah (Golden Classics),"[""George Frideric Handel"", ""London Philharmonic Orchestra""]",2003,Classical,Calm,english,1.607817319056999
3HL0QDWKnetKTg2OQEXdgQ,For Funerals to Come,For Funerals to Come,"[""Katatonia""]",1995,Rock,Calm,english,2.9982894574496184
6vZMJoYo4kI02F1VfM2Wfe,For Heaven's Sake,Abbey Sings Billie,"[""Abbey Lincoln""]",2001,Jazz,Calm,english,4.809247216390939
6VvcL8Tlw15Fv1xVWRLUTT,For No One,Lip Service,"[""Tom Grant""]",2005,Jazz,Calm,english,1.4903313811666348
28ZkwXHccqLY5gFqfNC8c7,For Sale,The Whispering Wall,"[""The Legendary Pink Dots""]",2004,Rock,Calm,english,1.8516133465268465
6ANnkJMzQCnkoDs0KglCe1,For Thee A Small Wall-tz,Music From My Heart,"[""Margie Balter""]",2007,Classical,Calm,english,1.874639104349266
0lhRYD2JBz9I0Ixhrlm54G,For Those In Peril On The Sea,Lake Of Shadows,"[""Phil Coulter""]",2001,Folk,Calm,english,1.7115490043717665
10DKLQ9TSRYPNwnnhpXZHJ,For Us - Reprise,"Chance, for Us","[""Ajai""]",2017,Rock,Calm,english,1.7007151094904367
7en6a6ajlibz5CsLkoYAdK,For You,For You,"[""Prince""]",1978,R&B,Calm,english,2.0694707692213323
3EjKCnak7DdSoFu5apLEpB,For the Beauty of the Earth,For the Beauty of the Earth,"[""John Rutter"", ""Les Pastoureaux""]",2012,Classical,Calm,english,1.848446564208312
6szVwCHjicg6tQktCvFwmZ,For the Beauty of the Earth,Consider the Lilies,"[""Roger Hoffman"", ""The Tabernacle Choir at Temple Square"", ""Orchestra at Temple Square"", ""Craig Jessop""]",2003,Classical,Calm,english,2.5650498842956555
1oVhPyz7niujkurOWHgMu3,For the Good Times,Willie Nelson Sings Kristofferson,"[""Willie Nelson""]",1979,Country,Calm,english,2.0822966222267474
6jiOXMTLwIv9w5xZ2WxFI3,For the Sake of the World,Without Words,"[""Bethel Music""]",2013,Pop,Calm,english,2.3097512356314143
143l7emiZ0VUNRkPzeYumA,For the beauty of the earth,Rutter: A Double Celebration,"[""John Rutter"", ""The Cambridge Singers"", ""City of London Sinfonia""]",2014,Classical,Calm,english,2.263074886071332
6EtEOhVHACDSS78WL2G2oH,For the Beauty of the Earth,Gloria: The Sacred Music Of John Rutter,"[""John Rutter"", ""The Cambridge Singers"", ""City of London Sinfonia""]",2005,Classical,Calm,english,2.263074886071332
7wHyLmWykwVdufzBB6JxE0,For the Beauty of the Earth,Be Thou My Vision: Sacred Music by John Rutter,"[""John Rutter"", ""The Cambridge Singers"", ""City of London Sinfonia""]",2004,Classical,Calm,english,2.263074886071332
2fxUdZKVPdT0MBg7AkL81W,"Forces of Nature - From ""Warriors of Virtue""",Rarities,"[""Clannad""]",2020,Folk,Calm,english,1.4917409933530177
0OLv60wk4qBa5YGd0XWXKe,Forest Families - Live,Silent Shout (Audio/Visual Experience),"[""The Knife""]",2006,Electronic,Calm,english,5.040253848506831
62XVHyi0XK1rHFwMT0OS6z,Forever And Ever And Ever,Songs,"[""John Maus""]",2006,Electronic,Calm,english,3.6016178087251696
5eLUHTUUnkiIrDE3TgtgjA,Forever Rain,Beautiful Illusions,"[""Tor Lundvall""]",2021,Electronic,Calm,english,2.00477834438662
0ydaRbRvXAcY5bgom5JEZF,Forgive Me - Live,200 More Miles Live Performances 1985-1994,"[""Cowboy Junkies""]",1995,Country,Calm,english,4.1745875715188525
6HMjDuarb2WDh4ljznHVqY,Forgiven,Without Words,"[""Bethel Music""]",2013,Pop,Calm,english,2.175603447125178
0dHkrBzMK6ff8gfah5z0so,Forgotten Lands,Rust,"[""Monolord""]",2017,Rock,Calm,english,2.845637710144889
28cj2OUozhatkBNkhYUA87,Formentera Lady,Islands,"[""King Crimson""]",1971,Rock,Calm,english,3.057174939808478
7ufahQU7Ih18fEjCIUEB1H,Forsake All Others,Until When We Are Ghosts,"[""William Fitzsimmons""]",2005,Folk,Calm,english,2.504274301074864
2yOtONgKmR7dp9W8b1IZgb,Fortress Of Sand,Chupacabras,"[""Phideaux""]",2005,Rock,Calm,english,1.833517273845635
0pkNjXm4bwaYNAzwZCLoWK,Fortunate Child,Fortunate Child,"[""Villagers"", ""Nico Muhly""]",2017,Classical,Calm,english,1.1732429448580517
52CZeYqw2e6KFatvPTHnC6,Fortune Lady's Eyes,Tell Me I'm Not Dreamin',"[""Sara K.""]",1995,Jazz,Calm,english,2.57142130498676
4IeGLYWTUvuqaLjBWGxix2,Found,Found,"[""Zach Webb""]",2022,Folk,Calm,english,3.1825766147874783
6PNP5wFnQQl2nlMfBMaxCt,Found Footage,Found Footage,"[""Take/Five""]",2017,Electronic,Calm,english,5.142003313487716
2IN317bS4KH2esB74G0SjO,Foundling,Mount the Air,"[""The Unthanks""]",2015,Folk,Calm,english,2.780298310098552
4tgK3kGuoNLTFNwQczqPND,Fountain in the Garden,A Class Act: A Musical About Musicals (Original Cast Recording),"[""Nancy Kathryn Anderson"", ""Carolee Carmello"", ""Jonathan Freeman"", ""David Hibbard"", ""Julia Murney"", ""Ray Wills""]",2001,Classical,Calm,english,2.60385162663016
4FP1Fumg7lNoJr2XaGDN87,"Fountain, Growth",Release Spirit,"[""Khotin"", ""Tess Roby""]",2023,Electronic,Calm,english,3.4998520470711223
2sVAXM3NqWGvCfYq07BE6V,Four Damaged Lemons,Mélodie Citronique,"[""Blonde Redhead""]",2000,Rock,Calm,english,2.023881692004956
18la4UVurZucSUm4BSM5Fc,Four Fingered Fisherman,Little Drummer Boy - Live,"[""Mark Kozelek""]",2006,Rock,Calm,english,4.824348895879566
65SK109R6NontMFMVmEyuf,Four Hours,Capsule Losing Contact,"[""Duster""]",2019,Rock,Calm,english,3.111213343333261
4K3RZJ8sWPbv0IedcnEfw6,Fourth of July,Carrie & Lowell,"[""Sufjan Stevens""]",2015,Classical,Calm,english,1.4287246484669665
5Qnrgqy1pAm9GyNQOgyVFz,Fourth of July,Carrie & Lowell,"[""Sufjan Stevens""]",2015,Classical,Calm,english,1.477368130286031
5kDLoN9KyhmRFp5Eq0uQkx,Fourthly,Mystical Shit/Fluting on the Hump,"[""King Missile""]",2004,Rock,Calm,english,2.5889831847565583
4mBNu8ybM8tYDwwQvs33QB,Fragile,Future Songs,"[""Cranes""]",2002,Rock,Calm,english,2.3245146935242404
57JFYZ2leyvEN41YdLdosO,Fragile,Live in Italy,"[""Cranes""]",2003,Rock,Calm,english,4.79151659385618
5oE6INocVL9viDow5y8QNM,Fragile,...Nothing Like The Sun,"[""Sting""]",1987,Rock,Calm,english,2.34322036234056
09JTO7RDhZ1AnNQktHQ5vy,Frankie And Johnny,"Solos, Duets, & Trios","[""Traditional"", ""Duke Ellington"", ""Alvin Raglin"", ""William Greer""]",1990,Jazz,Calm,english,2.933078227926706
05ChhCBZELS48evyUutvPN,Free Around You - Audiotree Live Version,The Dove & The Wolf on Audiotree Live,"[""The Dove & the Wolf"", ""Audiotree""]",2017,Rock,Calm,english,2.0452683431818763
6Bb1SiC6lW5oBgMMHyCqKd,Free Until They Cut Me Down - Demo,Our Endless Numbered Days (Deluxe Edition),"[""Iron & Wine""]",2004,Folk,Calm,english,1.967439993830212
1mHR4Vzm0ptQNhp4VgKywy,Free Will,Tell Me I'm Not Dreamin',"[""Sara K.""]",1995,Jazz,Calm,english,2.4898100032452577
5xzWGbGb8oKw0UcS0NIJ27,Free of Debris,Blaze Away,"[""Morcheeba""]",2018,Electronic,Calm,english,1.835102111386708
1oZmiKRWSmx0uXXF0AW5z3,Freehand,Heiress,"[""Novo Amor"", ""Lowswimmer""]",2017,Electronic,Calm,english,1.9282266410107305
3caRxtDuf4YIKo3csn521m,Freight Train Blues (Live),Live in Haarlem 1977,"[""Derroll Adams""]",2015,Folk,Calm,english,3.897868026215504
3gikNADdJLHK7yEXAjT9Fl,Frenzied Detruncation,Reek of Putrefaction (Full Dynamic Range Edition),"[""Carcass""]",1988,Rock,Calm,english,3.867036936826057
5GYe2xrhIf55UzeE1WYqaY,"Friday Afternoons, Op. 7: A New Year Carol",Britten: A Ceremony of Carols / Friday Afternoons,"[""Benjamin Britten"", ""Alexander Wells"", ""New London Children's Choir"", ""Ronald Corp""]",1995,Classical,Calm,english,2.9348693037819085
10740Bf8DxzA1vxDUz50OL,"Friday Afternoons, Op. 7: Cuckoo!",Britten: A Ceremony of Carols / Friday Afternoons,"[""Benjamin Britten"", ""Alexander Wells"", ""New London Children's Choir"", ""Ronald Corp""]",1995,Classical,Calm,english,2.831278256637154
5MxpX6WzHjHhfqIJqCbQbX,Frieda,Sool,"[""Ellen Allien""]",2008,Electronic,Calm,english,2.242247311422843
6LMQeGaCMAbU7nlQkDdh5n,Friends - Track - No Vocal,Led Zeppelin III (Deluxe Edition),"[""Led Zeppelin""]",1970,Rock,Calm,english,2.18563536512372
6tOFN3h5mQtI47QPBYaFiV,Friends for Life,The Voice Of Love,"[""Julee Cruise""]",1993,Pop,Calm,english,1.5528320116403689
76LHqwPfDqW22T08QgC7JQ,Friends of St. Thomas,"Songs About Death and Dying, Vol. 3 / OCS 4: Get Stoved","[""OCS""]",2005,Rock,Calm,english,1.1815392392078603
1CWS4JSrxlrw4APU5e2DKJ,Fritha,The Snow Goose,"[""Camel""]",1975,Rock,Calm,english,1.8701680522259607
0MjhkuAGvxasVn5VZW26g5,From A Distance,Serene Classics,"[""Phil Coulter"", ""Julie Gold""]",2014,Folk,Calm,english,2.3293287613168205
6FxHomHud2elBLLwya5C0V,From Afar,Songs for the Living,"[""Tom Day"", ""Monsoonsiren""]",2018,Electronic,Calm,english,4.351280805388653
0YOZcGFYKktHunzTvQCYEN,From Black to Blue,And Then Nothing Turned Itself Inside-Out,"[""Yo La Tengo""]",2000,Pop,Calm,english,3.2396341919478067
3AQhXfkD5BijatJVv2DsJV,From Gold,From Gold,"[""Novo Amor""]",2014,Electronic,Calm,english,1.543158898443041
3ePd4K8tcdfr7KmbuOTrKK,From Gold,"Woodgate, NY","[""Novo Amor""]",2014,Electronic,Calm,english,1.5646682151295097
1Qu7rDnLl6yAIQy4c9cJoO,From Now On,This Is Jazz #9,"[""George Benson""]",1996,Jazz,Calm,english,1.067818214964382
3XugGSVRrxPW2MycVpTpad,From Now On,The Best Of Benson,"[""George Benson""]",1989,Jazz,Calm,english,1.1796164002002816
05OsKzq1tm0SY5Hk4lZQRE,From The Lake To The Land,Anywhere But Where I Am,"[""Foreign Fields""]",2012,Electronic,Calm,english,1.9477772343500983
3p9zbMlviTYuyQ0d4GQY7T,From The Valley To The Stars,From The Valley To The Stars,"[""El Perro del Mar""]",2008,Pop,Calm,english,2.778013464755768
1Arbk55FerKg4jynU9UM1u,From This Moment On,Live in Tokyo,"[""Brad Mehldau""]",2004,Jazz,Calm,english,4.444349902841727
1iJdfqWuPEEV4m16GImjCC,From a Distance,American Anthem,"[""Julie Gold"", ""James Galway"", ""Vincent Fanuele""]",2001,Folk,Calm,english,2.2667907590544063
5D2doSLmZDWqxu8FXQL9cC,From a Distance,"Greatest Hits, Volume 3","[""James Galway"", ""Vincent Fanuele""]",1998,Folk,Calm,english,2.269566743251303
4eMKr0qyHTmEfbX9HxHD64,"From silent shades, and the Elysian groves, Z. 370, ""Bess of Bedlam""","Vocal Recital: Baird, Julianne - Purcell, H. / Arne, T.A. / Blow, J. (English Mad Songs and Ayres)","[""Henry Purcell"", ""Julianne Baird"", ""Colin Tilney"", ""Alison Mackay""]",1992,Classical,Calm,english,2.40747681016128
2GBoc45H14ojhdXOj2MRdI,Funebre,Shadows of the Sun,"[""Ulver""]",2007,Rock,Calm,english,1.6625304534576155
6aiO21WyRyd5GNoU4CpkHX,Funebre - Live,Live at the Norwegian National Opera,"[""Ulver""]",2013,Rock,Calm,english,1.5015039735909212
5mQ1l8rmzCC1f6zzJfTkP3,Funeral Canticle,ECM Selected Signs III - VIII,"[""Academy of Ancient Music"", ""Paul Goodwin""]",2013,Classical,Calm,english,3.267063286646059
6Uxz5rekO7T6ByhQekIZO9,Funeral Canticle,John Tavener: Eternity's Sunrise,"[""John Tavener"", ""Academy of Ancient Music"", ""Paul Goodwin"", ""George Mosley"", ""The Academy Of Ancient Music Chorus"", ""Andrew Manze""]",1999,Classical,Calm,english,3.5171415949832308
3nwaOPdhqHPLPXWa6ktdNG,Funeral in Carpathia,Midnight in the Labyrinth,"[""Cradle Of Filth""]",2012,Rock,Calm,english,3.2309179917208874
4zFO8H0Nc8ifOSMVkzH1mT,Funeral in Carpathia (Orchestral),Midnight in the Labyrinth,"[""Cradle Of Filth""]",2012,Rock,Calm,english,3.2370721420551205
4VNWVzVj6QnNwasZBjPGdu,Futile Devices,The Age of Adz,"[""Sufjan Stevens""]",2010,Classical,Calm,english,1.8827361583693405
4Zts9erRexAxILn5XjSwUN,Futile Devices,The Age of Adz,"[""Sufjan Stevens""]",2010,Classical,Calm,english,1.872652095718188
5iR8v6fTc33LDo2t4w3342,Futile Devices (Doveman Remix),Call Me by Your Name (Original Motion Picture Soundtrack),"[""Sufjan Stevens""]",2017,Classical,Calm,english,1.260017710679077
5vTSnZTmS1gMiWuA9kDE19,Futile Devices (Doveman Remix),Call Me By Your Name (Original Motion Picture Soundtrack),"[""Sufjan Stevens""]",2017,Classical,Calm,english,1.260017710679077
05cLgrbHqyEW1KDi04V49t,Fwakstension (Acoustic) - Demo,Live in the Moment II,"[""Dweezil Zappa""]",2018,Rock,Calm,,2.001795528132888
3KzBh4q3JaF39otbbX9u5o,G,7,"[""7""]",2016,Rock,Calm,english,2.545406766189129
12RkvsNFDEWlun7KhA1N2L,GRIEF,DIRGE,"[""Dirge""]",2023,Rock,Calm,english,4.83486190321947
2RYIK3S30LEwrY36JpzuGh,Gabriel's Message,The Wonder of Christmas,"[""Traditional"", ""The Elora Singers"", ""Michael Bloss"", ""Noel Edison""]",2014,Classical,Calm,english,2.219420627153811
3Yjsc5ePNRJ9y331MrIcYa,Gabriel's Message,The Wonder of Christmas,"[""Traditional"", ""The Elora Singers"", ""Michael Bloss"", ""Noel Edison""]",2014,Classical,Calm,english,2.219420627153811
7bHQmVXB05FFdzqixaOKGA,Gabriel's Oboe,Walking in the Air,"[""Chloe Agnew""]",2005,Folk,Calm,english,2.6646107849410297
7yfWI4EoSwuGcPtrbABnvP,Gainesville (feat. Linda Ronstadt) - 2002 Remaster,Faust (Deluxe Edition),"[""Randy Newman"", ""Linda Ronstadt""]",2005,Country,Calm,english,3.385276470151715
1VgjAGkgN0Q3JWRo27MuaZ,Gaining Momentum,Isolated Human,"[""Hatred Surge""]",2008,Rock,Calm,english,3.603227848481476
2zkxjfuQ0MoIeZloio5gIK,Galerie,Iris (Original Motion Picture Soundtrack),"[""A Winged Victory for the Sullen""]",2016,Classical,Calm,english,2.5024248684699093
1rAiYv1qddkkuTX9OicB0i,Galliard,Byrd: Consort And Keyboard Music / Songs And Anthems,"[""The Rose Consort Of Viols"", ""William Byrd""]",1994,Classical,Calm,english,2.0593607499737474
1KM6Tm3SgkFa3drVwRXLP5,Galtee Mountain Boy,Green Shamrock Shore,"[""Paddy Reilly""]",1980,Folk,Calm,english,2.7323986141163488
6tKUyZ25w04cvyIsB3a5YZ,Games Again,Home,"[""Peter Broderick""]",2008,Classical,Calm,english,2.356609683672007
0JgdZ1chXmJvq5F4le9C6n,Gar,Mr. M,"[""Lambchop""]",2012,Country,Calm,english,1.4328885938602889
4fhciGxLOc4iYZk1zWA5T7,Gar,Mr. M,"[""Lambchop""]",2012,Country,Calm,english,1.4328885938602889
4jtGOjPz8gWzhQgoxxqEo1,Garden of Dreams,The Celtic Lounge,"[""Gary Stadler with Stephannie""]",2006,Folk,Calm,english,2.291974565594289
05XmuaWIur266jJdw7W0Up,Garden of Love,Burn of God,"[""Mark Sheeky""]",2020,Electronic,Calm,english,2.4066230997833764
3CTJWZbJuoPwXV0oJPYE9K,Garden of Stars,FOREVERANDEVERNOMORE,"[""Brian Eno""]",2022,Electronic,Calm,english,3.123042388558657
2riJNDOO1Jwel4LnRyn2PJ,Gates,States,"[""The Paper Kites""]",2013,Folk,Calm,english,1.2953566644021763
4h7GBrfCFtg7YIkj20oMAs,"Gauntlett / Arr. Rutter: Irby ""Once in Royal David's City""",Carols from Clare,"[""Henry John Gauntlett"", ""Clare College Singers"", ""Jeremy Blandford"", ""John Rutter"", ""Clare College Orchestra""]",1988,Classical,Calm,english,1.9517089614190768
6LRQdyoXoDKShxw6SwKJg3,Genevieve,Further from the Truth,"[""And Also The Trees""]",2003,Rock,Calm,english,1.9084529481974104
39i5AabAyeqNuNBEitBJDs,Gentle Moon,7 Songs Belfast,"[""Mark Kozelek""]",2012,Rock,Calm,english,3.5341056657644567
4PMI1ffj2f0OWPc2mPAH3N,Georgia Bound,Ragtime Guitar's Foremost Fingerpicker,"[""Blind Blake""]",2005,Blues,Calm,english,2.946019951871592
1SEhyG9nkMEMJKbX3o09ZD,Georgia On My Mind,Jazz Collection,"[""Dave Brubeck""]",1995,Jazz,Calm,english,2.7856698320749804
4cASB5KhQrsC4oLBsBWX3L,Georgia On My Mind,Songs of New Orleans,"[""Preservation Hall Jazz Band""]",2007,Jazz,Calm,english,2.1207591112699498
5RleYVdypR0kjQx9Htw1ZK,Gepriesen sei der Untergang,Dark Metal,"[""Bethlehem""]",2014,Rock,Calm,german,2.876451569587384
2sZiM2b2yL1dSSpC0MeiPm,Germs,1992 - 2001,"[""Acetone""]",2017,Rock,Calm,english,1.8628478298031728
00zNt6hn0r1NA4N8GXb5Ja,Gershwin's Skyline/ I Loves You Porgy,Sixteen Sunsets,"[""Jane Ira Bloom""]",2013,Jazz,Calm,english,1.5930752936092902
52bQLmCTwlWSaTaVsO51Wj,"Gershwin: Porgy and Bess, Act 1: ""Summertime"" (Clara, Chorus)",Gershwin: Porgy & Bess,"[""George Gershwin"", ""Sir Simon Rattle"", ""Harolyn Blackwell"", ""Glyndebourne Chorus"", ""London Philharmonic Orchestra""]",1989,Classical,Calm,english,4.020214577691173
28CTXdbKxZ32b7Igcsq6G2,Get Out Alive,Debridement,"[""Rivulets""]",2003,Rock,Calm,english,1.3991511011524045
04mktK0Ew8pLViB6GyxWpy,Ghetto Ass Witch - Ñaka Ñaka Water Shows the Hidden Heart Edit,Ghetto Ass Witch: The Complete Remixes,"[""Ritualz""]",2013,Electronic,Calm,english,2.4321486845672404
2QGBLaC6TI9MGQHMvdzMim,Ghost,I The Mighty,"[""I The Mighty""]",2008,Rock,Calm,english,2.5323540615107905
7nKDdmWv6bEG7C8bUDEU4q,Ghost,There's a Time,"[""Doug MacLeod""]",2013,Blues,Calm,english,2.4927302985050925
2I78O9gyeZXS9b0VnWTU7Q,Ghost - Fejká Remix,Ghost (Fejká Remix),"[""Mogli"", ""Fejk\u00e1""]",2022,Electronic,Calm,english,1.94709796767875
0J5HCqlovh8BTCGOJYoppE,Ghost Child,Demons Dance Alone,"[""The Residents""]",2002,Rock,Calm,english,1.3875335977474288
5HhOFpt2dsHhSwUG8f4qCa,Ghost Of A Chance,Jumpin' at Apollo,"[""Illinois Jacquet""]",2002,Jazz,Calm,english,2.734884333798369
4CGFPEbanjSFWXmFuyv0xB,Ghost Of David,Ghost Of David,"[""Damien Jurado""]",2000,Folk,Calm,english,1.864955094802072
49d3Ha0yEC63E6Ox7oRHHN,Ghosts,1 Giant Leap,"[""Eddi Reader""]",2002,Folk,Calm,english,0.8973481645602616
3GXQFDBJkH2X0BJGsTcspC,Giant: Reprise,Fogarty's Cove (Remastered),"[""Stan Rogers""]",1976,Folk,Calm,english,2.1462910255854264
3rGxgzH3HaoQfStgxxbIRU,"Gibbons: Drop, Drop, Slow Tears",Best Loved Hymns,"[""Choir of King's College, Cambridge"", ""Stephen Cleobury""]",2001,Classical,Calm,english,3.242384484131055
36x30CV8ISbiBoIYYTH3FO,Girl All the Bad Guys Want,"A Nice Night for an Evening, Vol. 1","[""Bowling For Soup""]",2019,Pop,Calm,english,2.3530909841069083
2XiZN924Dye5VCgl2skr5M,Girl in Calico,Grey Fidelity,"[""Tow'rs""]",2017,Folk,Calm,english,1.5940833984309275
1C89fn3M9QZUdMWnANYem4,Girls Just Wanna Have Dub,Girls Just Wanna Have Fun,"[""Chromatics""]",2015,Pop,Calm,english,1.9514133269264224
6YV9Ci9r6Gup1l0Ea469aC,Give Me Light,Give Me Light,"[""Marti West""]",2019,Folk,Calm,english,1.4296459747706671
0oKScUD7KBtyRvUjFNUWhI,Give Me Light - Acoustic,Give Me Light (Bonus Tracks),"[""Marti West""]",2020,Folk,Calm,english,2.2576687959700337
3AHrDqA8q3XrHqMsFlsAG8,Give Me My Song,Homeward Bound,"[""Benny Andersson"", ""Sissel"", ""Bryn Terfel"", ""The Tabernacle Choir at Temple Square"", ""Orchestra at Temple Square"", ""Mack Wilberg""]",2013,Classical,Calm,english,2.4853619420251487
3qazZbSvQXcdbjQX04pxo1,Give Me a Purpose,Give Me a Purpose,"[""Kayou.""]",2019,Electronic,Calm,english,2.424972177423931
1iuF7uMZfsly5R6x2khhyj,Give it Up,Psychic 9-5 Club,"[""HTRK""]",2014,Electronic,Calm,english,2.418231028800762
3AbpkktDBeAs4kQx479NBL,Given To The Grave,Sorrow and Extinction,"[""Pallbearer""]",2012,Rock,Calm,english,2.856178902965926
74cPcPjO7dw735CLmu9c4E,Glad to Be Unhappy,Lee Wiley Sings the Songs of Rodgers & Hart and Arlen,"[""Lee Wiley""]",1986,Jazz,Calm,english,2.46477242702546
4KWbO6DEAjAzLMHZVE22ud,Gladiolus Rag,The Entertainer,"[""Scott Joplin""]",2003,Jazz,Calm,english,3.408460958811134
4KKtysX8RP75Icg54DZiNQ,Gladly I Would Leave,The Mystic,"[""Climber""]",2010,Electronic,Calm,english,2.4188562629133985
0uOeAmfdyaekD2RIGwCDwq,Glass Eyes,A Moon Shaped Pool,"[""Radiohead""]",2016,Rock,Calm,english,1.5960201951961253
3z7laQfTPblGLgCSrEgu8x,Glass House,Ether,"[""White Lights""]",2012,Electronic,Calm,english,0.8453783371553086
5y3Uzcl2XAIlOJ8cHXMdjP,Glass Off,Natural Progressions,"[""Bernie Leadon""]",1977,Country,Calm,english,1.1580907229237658
6b7C3LrOgnq3B3wkznaQDp,Glenn Tipton,Live at Phoenix Public House Melbourne,"[""Mark Kozelek""]",2013,Rock,Calm,english,5.745362458939412
6DKU1Ox14Q3yCd96mPzc69,Glimmering Girl,The Calling,"[""M\u00e9av""]",2013,Folk,Calm,english,1.5624875654213983
1X7Rk3xXqIoBUHnLF3Tdod,Gloria Absurdiah,Fall-Dark Waters,"[""Decoryah""]",1996,Rock,Calm,english,2.752139303411101
764OJ2798Xy1bJzZTGbDqU,Gloria in Excelsis Deo: Et in terra pax,Vivaldi: Gloria / Handel: Dixit Dominus,"[""George Frideric Handel"", ""Gillian Keith"", ""English Baroque Soloists"", ""John Eliot Gardiner""]",2001,Classical,Calm,portuguese,2.5255926083164004
4xxizKp25nN0YBajQp8Iil,"Gloria, Lonely Boy",The Symphonic Jean-michel Jarre,"[""The City of Prague Philharmonic Orchestra"", ""Crouch End Festival Chorus""]",2006,Classical,Calm,english,2.5400822274091963
6o44WzNO1U1IhoGFoiSet2,Glorious things of thee are spoken,The Hymns Album,"[""Huddersfield Choral Society""]",2006,Classical,Calm,english,2.6056174180478537
4ARGnXsnEqGw9L0Y4YIQKK,Glory,Pure Jim Brickman,"[""David Benoit"", ""Jim Brickman""]",1995,Jazz,Calm,english,1.286379026608966
5fLDOKws7gXgevC3n47Tpj,Glory Glory,Tradition Masters Series: Odetta,"[""Odetta""]",2002,Folk,Calm,english,2.622473088933704
6QoAMjMl3STwMvF4TzG5WW,Glory! Glory!,"Glory, Glory! Apathy Took Helm!","[""Vile Creature""]",2020,Rock,Calm,english,2.169170684036072
6LYk44IfTWbeVEwbcpeCrw,"Glory, Glory",The Best Of Odetta - Ballads & Blues,"[""Odetta""]",2006,Folk,Calm,english,2.3832186201010352
77NhntYNjkypS61xCeEPVe,Glove Puppet,The Magical Sounds of Banco De Gaia (Special Edition),"[""Banco De Gaia""]",1999,Electronic,Calm,english,4.238222639393757
2s25WcjhpjL7CC1n5aW9yx,"Glow - From ""World of Color Winter Dreams""","Glow (From ""World of Color Winter Dreams"")","[""Eric Whitacre"", ""Eric Whitacre Virtual Choir""]",2017,Classical,Calm,english,2.134977510578696
0Grhb4ZpYlNGFFjmecAy8N,Glow: V079,Ontario Gothic,"[""Foxes In Fiction""]",2014,Pop,Calm,english,1.19789638083599
0j22ItBL65UzqQUDyXZNN0,Glowing Windows / Walk Alone,Matawan - Collected Works 2010-2014 (2017 Version),"[""Planning For Burial""]",2017,Rock,Calm,english,2.521182239796061
7eHZ4xbuOX3FllHC93XpWj,Glued to You,When,"[""Tomorrows Tulips""]",2014,Rock,Calm,english,3.524628902376383
6coqWYkdx52Cy3EzZXq4cB,Gluttonous King Nimi,VII (Orcestral Edition),"[""Into Infernus""]",2016,Rock,Calm,english,4.5097845409455966
2dN1JUHnmMyRZY7JNakotK,Go Down Easy,Solid Air (Deluxe Edition),"[""John Martyn""]",2009,Folk,Calm,english,1.821497745108131
4XSTKp0ndMNj4RTvfOAlzW,Go Grow,Go Grow,"[""Rachel Singh"", ""Rakesh Chaurasia""]",2021,Pop,Calm,english,1.7911909561673225
2cSFx2cOo5LAoJKpRvTm8r,Go Leave,For The Stars,"[""Anne Sofie von Otter"", ""Elvis Costello"", ""Kalle Moraeus"", ""Svante Henryson"", ""Mats Schubert"", ""Johan Lindstr\u00f6m"", ""Magnus Persson""]",2001,Classical,Calm,english,2.3715714562758428
25PeEnpBbtinD4aFu8ti0r,Go Now,Dry Land,"[""A Whisper in the Noise""]",2007,Rock,Calm,english,1.2500645115853162
4gq2bc2770XvbJdEtfUbmw,Go Slowly,In Rainbows (Disk 2),"[""Radiohead""]",2007,Rock,Calm,english,1.9048264847615928
6yiSyupeI7KYdBZKJdnIUO,Go Slowly,In Rainbows (Disk 2),"[""Radiohead""]",2007,Rock,Calm,english,1.9075094842366995
3hzJNOBq3wZvROyQQE3RlG,God Be in My Head,This Is the Day: Music on Royal Occasions,"[""Henry Walford Davies"", ""The Cambridge Singers"", ""John Rutter""]",2012,Classical,Calm,english,3.150397682769136
3vilnfVvgvnnSdBOZ4vNpp,God Bless The Child,Abbey Sings Billie,"[""Abbey Lincoln""]",2001,Jazz,Calm,english,3.435937074521194
6IGBeVGDPk6oqFYC7wFzX3,God Is So Good - Split Track Format,Songs Of Praise,"[""Cedarmont Kids""]",1995,Folk,Calm,english,2.5518679795833528
2GvbWsRHjhmTSpYZ8JKVye,God Kicks,Suicide Pact - You First,"[""Therapy?""]",2000,Rock,Calm,english,1.6856040412804003
07FH2ULl9O6VoHiZQaxyvo,God Never Lived In My Neighborhood,I Had To Laugh Like Hell,"[""Gerald Collier""]",1996,Country,Calm,english,1.7769336962580404
1Y8KOxbD51wJTcoWVjqPq2,God Only Knows,Nobody but Me,"[""Michael Bubl\u00e9""]",2016,Pop,Calm,english,2.135174214024163
06UMmltUrEZ6HzKuYQhqdl,God Rest Ye Merry Gentlemen,Jerry Christmas,"[""Jerry Douglas""]",2009,Country,Calm,english,2.0934243260329826
0xoavoSO8dgVPkmgCkJf5O,God Rest Ye Merry Gentlemen,Ultimate Calm Christmas Jazz,"[""Charlie Haden"", ""Hank Jones""]",2022,Jazz,Calm,english,2.3177255166290145
2OV3TcIItE90yF411roDzm,God Rest Ye Merry Gentlemen,Come Sunday,"[""Charlie Haden"", ""Hank Jones""]",2012,Jazz,Calm,english,2.3243948472048963
3UAcUXUQnKoYjTjfoW3eo7,"God Rest Ye Merry, Gentlemen",Carols From Cambridge: The Very Best Sacred Christmas Carols,"[""Choir of King's College, Cambridge"", ""Sir David Willcocks""]",2013,Classical,Calm,english,1.4704136658886224
42ETRlpybLYzcZrIjr4qF8,"God Rest Ye Merry, Gentlemen",Guitar Christmas,"[""Steve Wariner""]",2010,Country,Calm,english,1.456877913719858
5qtV3IwzeXZFM3fVUR6kCo,"God Rest You Merry, Gentlemen (Arr. David Willcocks)",Favourite Carols from King's,"[""English Traditional"", ""Choir of King's College, Cambridge"", ""Stephen Cleobury"", ""Tom Etheridge""]",2014,Classical,Calm,english,2.587859344994459
3J78Mz6vWBwA8vYlO2ZVEr,God Save The Queen (British National Anthem 1952-2022),The Last Night of the Proms Collection,"[""Traditional"", ""Royal Choral Society"", ""BBC Concert Orchestra"", ""Barry Wordsworth""]",1996,Classical,Calm,english,2.3355799330056355
60HI2o6TAkvDQfbOfq98m8,God Save The Queen (British National Anthem 1952-2022),Pomp and Circumstance,"[""Traditional"", ""Royal Choral Society"", ""BBC Concert Orchestra"", ""Barry Wordsworth""]",2000,Classical,Calm,english,2.810646154850735
0Hn3q0EYFo1vSA5LyrAsPB,"God Save the Queen, Cried Jesus",Wake Up,"[""Out Of Focus""]",1970,Rock,Calm,english,2.404532880312933
2b2R1e2kjRpdqN0LyOBZiH,God's Small Song,The Letting Go,"[""Bonnie Prince Billy""]",2006,Country,Calm,english,1.6777891426153646
36Mk4RnMoJ0GxZp19Kix0a,God's Small Song,Cursed Sleep,"[""Bonnie Prince Billy""]",2006,Country,Calm,english,1.9460364550537577
5amEG2jOZhJFZLtDB2xFGb,Goin' Home,That Eternal Day,"[""Cantus""]",2010,Classical,Calm,english,3.698348652957405
5QpuieIwfelLH4OXIAF9RL,Goin' Home (Arr. R. Hall for Choir),The Pilgrim's Journey Home,"[""Anton\u00edn Dvo\u0159\u00e1k"", ""BYU Men's Chorus"", ""Rosalind Hall""]",2015,Classical,Calm,english,2.564543169928956
63xTJPYaBQeRcM9L6A0PQS,Goin' to Chicago Blues,The Essential Count Basie,"[""Count Basie""]",2014,Jazz,Calm,english,2.3456059070699258
1FWBcyj9AuB2CXXGlPEApV,Going Home,A Briefing For the Ascent,"[""Terry Scott Taylor""]",1987,Rock,Calm,english,2.0551276094091184
3hCKJ8hX1yBPBPzDFmd5OG,"Going Home (Based on Largo from Dvořák's Symphony No. 9, Op. 95, B. 178 ""From the New World"") [Radio Edit]",Choirboys From Heaven,"[""Libera"", ""Michael Horncastle"", ""Thomas Cully""]",2010,Classical,Calm,english,3.141777156634157
7pOZTr6OM16oOl3o0Y0MRn,"Going Home (Based on Largo from Dvořák's Symphony No. 9, Op. 95, B. 178 ""From the New World"") [Radio Edit]",Angel Voices,"[""Anton\u00edn Dvo\u0159\u00e1k"", ""Libera"", ""Michael Horncastle"", ""Thomas Cully"", ""Robert Prizeman""]",2006,Classical,Calm,english,3.141777156634157
2vh7h7mYIQa2opbKs7f0BB,Going to California,VSQ Performs Led Zeppelin,"[""Vitamin String Quartet""]",1999,Classical,Calm,english,1.9698197476447807
7s2HYAN8PSba9OGqgTL7mo,Going to California - Mandolin / Guitar Mix,Led Zeppelin IV (Deluxe Edition),"[""Led Zeppelin""]",1971,Rock,Calm,english,2.188130984882916
5Ufzt092nrrJJJdmqksWBw,Golden,High Places,"[""High Places""]",2008,Rock,Calm,english,2.1946550715186843
75XwGswdzs7xFHFGhAeKhH,Golden Cradle - 2004 Remaster,Light of the Stable (Expanded & Remastered),"[""Emmylou Harris""]",1979,Country,Calm,english,2.6747407906639755
4zcIGdl0Ey58679k2PrsWO,"Golden Days (from ""The Student Prince"")",The Student Prince & The Great Caruso (Original Soundtrack Recording),"[""Mario Lanza""]",2010,Pop,Calm,english,2.492640705708609
1Uv3amxTdsAEsd4GWt8TaB,Golden Egg of Faranth II,The Masterharper of Pern,"[""Anne McCaffrey, Tania Opland and Mike Freeman""]",1998,Rock,Calm,english,2.647839988561731
0mzNvJpqrktOe5ToG1Lfzj,Golden Hair,Just For A Day,"[""Slowdive""]",1991,Rock,Calm,english,2.8686055343450203
42cJqHgsIuuyyuiLsLYxqu,Goldfish in a Robin's Nest,A Shut-In's Prayer (Deluxe Edition),"[""Advance Base""]",2016,Folk,Calm,english,2.1816475281742163
6mhR30WiBEqCOTxBziNHo7,Golgotha,Fairytale,"[""Heather Dale""]",2011,Folk,Calm,english,1.5737936374381705
0mQ1btcyqFDvTpaCFs04cR,Gollum's Song,The Lord of the Rings: The Two Towers (Original Motion Picture Soundtrack),"[""Emil\u00edana Torrini""]",2002,Electronic,Calm,english,3.097075785285272
4ukad5UoJ7uJyadY6WDUQL,Golubj,Sidur,"[""Gevolt""]",2006,Folk,Calm,english,3.375061643314542
0C9ni2vG9Ci2uNunmwr9B7,Gone With the Madness,Decade of dreams 1995-2005,"[""Sophie Zelmani""]",2005,Pop,Calm,english,1.573706534999746
5OTlD83Uq5ZcbSnWN1vBrC,Gone With the Madness,Sing and Dance,"[""Sophie Zelmani""]",2002,Pop,Calm,english,1.6793246113461284
4u3sBBk3MaqjU6j9WtQzd9,Gone With the Wind,As Time Goes By,"[""Chris Connor""]",1991,Jazz,Calm,english,2.070754877309247
6V0L0CyAE5ruMxLia2kECf,Good God Y'all,Birds In The Ground,"[""Eiafuawn""]",2006,Rock,Calm,english,2.355778555166072
27rSCSYR0r9ML5S9J7pTnf,Good Hold,Underneath The Pine,"[""Toro y Moi""]",2011,Electronic,Calm,english,2.045900146700365
6PThZDIbbHDg7ytl9Gv4R0,Good Moanin',Shivering King and Others,"[""Dead Meadow""]",2003,Rock,Calm,english,2.4557923889198485
6pIjcEoJ034ijxX8m68pvh,Good Morning Cockerel,Oblivion With Bells,"[""Underworld""]",2007,Electronic,Calm,english,1.2207034404729094
1JmuswJyMv5hPKHYg0YgNm,"Good Morning, Heartache",Tony Bennett On Holiday: A Tribute To Billie Holiday,"[""Tony Bennett""]",1997,Jazz,Calm,english,2.5489926418831907
2RyBeY7Agjpp1kGi208b6Z,"Good Night, Dear Heart",Evening Hymn,"[""Dan Forrest"", ""Georgia State University Singers"", ""Deanna Joseph""]",2016,Classical,Calm,english,2.43196020680654
4ddZC4rYSNzau212nAKYAI,"Good Night, Sweet Jesus",Greatest Gospel Songs,"[""Perry Como""]",2000,Pop,Calm,english,3.0621526526051714
33RiT2oW6Vx1jlReAVWtBo,Good Times Without,Perfect Addiction,"[""Desert City Soundtrack""]",2005,Rock,Calm,english,2.7541594621173107
5Hr3cBLE1Qe7zAw6n1iGHW,Good morning (red),caroline,"[""caroline""]",2022,Rock,Calm,english,2.327642836065954
41SoQwUrXWFW6z5YA7GPnk,Goodbye,Darkest Days,"[""Stabbing Westward""]",1998,Rock,Calm,english,1.6619394263310727
5f9zQ6G3Vv35CqquMfbPzn,Goodbye Blue Sky - Live,Roger Waters The Wall,"[""Roger Waters""]",2015,Rock,Calm,english,1.6581313300411342
0ZXkKRO789QKBR6ME7pIDF,Goodbye Cruel World,The Wall,"[""Pink Floyd""]",1979,Rock,Calm,english,1.8881543866829555
6FAnGaW2CIrnbZHo7rgTRu,Goodbye Cruel World,Resonance 1 & 2,"[""Anathema""]",1993,Rock,Calm,english,1.8354153323693847
5TP7ty0nolBcXZrD0ZR2K9,Goodbye Cruel World - Live,Roger Waters The Wall,"[""Roger Waters""]",2015,Rock,Calm,english,4.878882504273882
3sqLHUw8ugveOvDfFbwZfx,Goodbye Hope,Dawn,"[""Mount Eerie""]",2008,Folk,Calm,english,2.0288190775864225
7AYQrttEgAK2CBvM7hAY7K,Goodbye Hope,11 Old Songs,"[""Mount Eerie""]",2005,Folk,Calm,english,2.915883375008171
5Zgx1D8VOC2eaXjLYbIg1H,Goodbye Old Friends,Absolutely Fascinating,"[""FASCINATING AIDA""]",2004,Pop,Calm,english,2.5656025435444607
7utW1CWyGNbNUIPFPiW2eH,Goodbye Sky (Reprise),The Isness,"[""The Future Sound Of London""]",2002,Electronic,Calm,english,2.87417505374902
4cgbRsBKONUv6iJABWeIcX,Goodbye to Everything Reprise,The Parallax II: Future Sequence,"[""Between The Buried And Me""]",2012,Rock,Calm,english,2.092109904529368
2C5WGOg1zIxkUnKP3mY6go,Goodness of God,Without Words: Genesis,"[""Bethel Music""]",2019,Pop,Calm,english,1.633369580960416
5IFLN6mXG4OGz9YvEWPFEO,Goodnight,I Know About You,"[""Ida""]",1996,Rock,Calm,english,2.142998221203167
5RjI0ibJkf474cAfGsvygq,Goodnight,When the Cellar Children See the Light of Day,"[""Mirel Wagner""]",2014,Folk,Calm,english,1.2145443800957392
2QDQS5gOZYVvQ2HqKyrxQC,Goodnight Moon,Water Night,"[""Eric Whitacre"", ""London Symphony Orchestra"", ""Hila Plitmann""]",2012,Classical,Calm,english,2.275787734505046
5gMwA9bFsg7j3sgl9dHIww,Goodnight Moon,Goodnight Moon,"[""Eric Whitacre"", ""Eric Whitacre Singers""]",2018,Classical,Calm,english,1.872747717800108
0uLSVvEzjcXnMpHgddpjrD,Goodnight My Love,16 Most Requested Songs,"[""Sarah Vaughan""]",1993,Jazz,Calm,english,2.7517172007306123
6Em4TaEjwTYMiGMP4Hvs23,Got to Stop,Decade of dreams 1995-2005,"[""Sophie Zelmani""]",2005,Pop,Calm,english,1.718947096374925
0DAXdT0ddgMTU5tb51z7DX,Grace Himself,Voice Memos (2018),"[""Benjamin Torrens""]",2022,Folk,Calm,english,2.732894460239872
2RD1r9eKDTRs6hiN9RR9UC,Grand New Spin,The Glow,"[""Gold Celeste""]",2015,Rock,Calm,english,1.925030646074791
4RIsgSFePEGCgoSjcxPT7i,Grandma's Hands,Grandma's Hands,"[""Al Jarreau""]",2014,Jazz,Calm,english,2.101646407797858
7sYOXMXgA34jo9WkXZLEOG,Grave Filled with Books,Giles Corey,"[""Giles Corey""]",2015,Rock,Calm,english,4.064407488013446
1bJlqDYOkrFGIIQaEV6IhR,Gravestone Hill (Remix),Impressions,"[""Lunatic Soul""]",2011,Rock,Calm,english,2.0845715009914025
29bMGVfLHAFRGotf4o4jOY,Great Expectations,Myra Lee,"[""Cat Power""]",1996,Rock,Calm,english,1.1889224357213235
0HvvhPJ8LgEUIpBr7sqxQr,Great Today,Ghost Of David,"[""Damien Jurado""]",2000,Folk,Calm,english,1.2441732196383686
6pbfBnTxJve1CPwY0sscM0,Great Wide Open,Nexus,"[""Sarah Fimm""]",2004,Electronic,Calm,english,2.6667866634378377
6NnW8zRammdGK7kkKK2ngt,"Green Grass, Red Tree",Birds Of My Neighborhood,"[""Karen Peris"", ""Don Peris"", ""The Innocence Mission""]",1999,Electronic,Calm,english,1.6890303104369662
42sFEnjce3cVxVbBXEVuBJ,Green Green Grass Of Home,In Memoriam - Burl Ives,"[""Burl Ives""]",2006,Pop,Calm,english,2.2782434604691915
7iDfaKTnSXgAaEzWtYsV9l,Green Jacket,Microcastle,"[""Deerhunter""]",2008,Rock,Calm,english,1.0164717252308997
5RAC3VtdRsCvPkOs4oe0U5,Green Rocky Road - Live,Here Me Howl Live 1964,"[""Dave Van Ronk""]",2015,Folk,Calm,english,6.178429366734275
6W46zbs2DCFs72lCQBJOLW,Green Rocky Road,In The Tradition,"[""Dave Van Ronk""]",2002,Folk,Calm,english,1.531690063840354
6Kz3WPDrNA83JiH2kCwfHp,Green Typewriters,Dusk at Cubist Castle,"[""The Olivia Tremor Control""]",2004,Rock,Calm,english,3.860174550753257
7G6iYKFKpnJE7rqcxR2epy,Greenpoint,Frozen Niagara Falls,"[""Prurient""]",2015,Rock,Calm,english,1.7240622583597054
03SK3gfbVEMVASdGr2NC2I,Greensleeves,The Everest Years: Jo Jones,"[""Jo Jones""]",2006,Jazz,Calm,english,2.222732002965337
44uAv4wqoBo3PUTHzGOT0p,Greensleeves,A Fresh Aire Christmas,"[""Mannheim Steamroller""]",1988,Pop,Calm,english,2.0158967315442213
6boTdqVi6N98ihnWc9WFTa,Greensleeves,Greatest Christmas Songs,"[""Julie Andrews""]",2000,Classical,Calm,english,1.7916312845461548
6jV0yRZ4JFhzKvqztlkrVn,Greensleeves,Christmas Celebration,"[""Mannheim Steamroller""]",2004,Pop,Calm,english,1.760890562796685
2iIQJwIcq14ffxGFuXotA6,Gregorian Recordare,The Enigma IV,"[""Shinnobu""]",2017,Classical,Calm,english,3.025659429684326
4pPfbP2gMxU75ZWqb7jN61,Grendel's Mother,Zopilote Machine,"[""The Mountain Goats""]",2005,Folk,Calm,english,1.5065728529453004
4bMoZpKdvW33kPzlxpezuk,Grey,Gryningsvisor,"[""Ofdrykkja""]",2019,Rock,Calm,english,3.0133832728139303
5er3XQuXW2zLrLJO8hG8dq,Grief,MJ Lenderman,"[""MJ Lenderman""]",2019,Country,Calm,english,1.516352432586222
2e2prsLKEnchEOCcEkf0uG,Grievances,Songs Of Pain,"[""Daniel Johnston""]",1980,Folk,Calm,english,2.732851682662988
0G8bBgxMyribBBDwMq9KoS,Grieve No More - Series Version,Carnival Row: Season 1 (Music from the Amazon Original Series),"[""Patty Gurdy""]",2021,Folk,Calm,english,2.6903822072025974
36CXqOO5kAW9w0xXDjFDdm,Groovy Kind of Love,Circle Of Life,"[""Toni Wine"", ""Carole Bayer Sager"", ""The King's Singers""]",1996,Pop,Calm,english,2.4898736333160083
35WGBIIGmFSU3PqKHZnA15,Grounding Dub,Young Tree,"[""Groundation"", ""Harrison Stafford""]",1999,Folk,Calm,english,3.0427888739930995
3baBQrWBX71zjKXVtVkvN6,Grow Old With Me - Remastered 2010,Milk And Honey,"[""John Lennon""]",1984,Pop,Calm,english,2.778093909940891
4PMgHOFY6hO1LseANHgUjU,Growing Calm Together,"Days Slipping By 12""","[""The Pine""]",2004,Rock,Calm,english,2.7342538998413057
1PPO2wJ26u70YlKuwg5Id5,Gruber: Silent night,Classic Christmas Carols,"[""Franz Xaver Gruber"", ""Choir of King's College, Cambridge"", ""Stephen Varcoe"", ""Sir David Willcocks""]",2007,Classical,Calm,english,3.942045134063138
6UpI1DCumfrZUqQMtzDWsu,Guaraldi / Arr Jennings : Christmas Time is Here,Chanticleer - A Portrait,"[""Chanticleer""]",2003,Classical,Calm,english,2.639681385243558
6TZQjHXDJBWRlcOJcbED9s,Guaranteed,WARMER,"[""Jeff Tweedy""]",2018,Country,Calm,english,1.7830997685325825
0PYye7zY7jC5LN7lPGexBC,Guardian Angel,Jesu,"[""Jesu""]",2004,Rock,Calm,english,5.310724809482535
65KgfO3eYAIzW4LkqC4AAS,Guardian Angel,Wasteland,"[""Riverside""]",2018,Rock,Calm,english,1.8151738537529567
1RVaLViBla3fxSc31SK1uf,Guess I'll Hang My Tears out to Dry,What's New,"[""Linda Ronstadt""]",1983,Country,Calm,english,2.9055211701145844
6I5yDqLQp67tTqZLVRYizS,Guggenheim Wax Museum,The Unnatural World,"[""Have A Nice Life""]",2014,Rock,Calm,english,2.451918420445281
2zF93FCzdbik4NJegcPSHe,Guide Vocal,Duke,"[""Genesis""]",1980,Rock,Calm,english,2.46458182806924
57PIICftjhQ7ifitF3LYbV,Guiding Light,Supper,"[""Smog""]",2003,Rock,Calm,english,1.819087401023776
2zHw0yBf89aEZskl2SgN4j,Guildhall Witness,Faithlift,"[""Spirit Of The West""]",1993,Rock,Calm,english,2.513686050921092
2pVYDjXOc9IO6hAHvuwMOD,Guilty Crown - Krone,Anime Music Collection Piano Solo Vol.1,"[""Kenzie Smith Piano""]",2015,Pop,Calm,english,2.1817397929496347
66P6P95IUpciZUIMKz7LVj,Guinevere,CSN 2012,"[""Crosby, Stills & Nash""]",2012,Folk,Calm,english,2.341275590616548
0BU9k0iG36mAQq9Li6JZUV,Guitar Rag,Slidin' On The Frets: The Hawaiian Steel Guitar Phenomenon,"[""Sylvester Weaver""]",2006,Blues,Calm,english,1.8762102660001827
5xwCQuoGnPdgqw2omrgmCq,Guitar Rag,"The Slide Guitar: Bottles, Knives & Steel","[""Sylvester Weaver""]",1990,Blues,Calm,english,1.1427695248855312
3DGCZNYQWKGZiaLSovDMWB,Gunpowder,Heartleap,"[""Vashti Bunyan""]",2014,Folk,Calm,english,1.431903761826539
61wCa6mI8xxcZH2GGnWPBc,Gut Bucket Blues,"The Hot Fives, Volume I","[""Louis Armstrong & His Hot Five""]",1988,Jazz,Calm,english,3.467525896532963
5zoLthReV2bDvMWnhK0UXC,Gutter,I Hope Your Heart Is Not Brittle,"[""Portastatic""]",1994,Pop,Calm,english,1.7173079986872537
6hLTLwjk64wpGTofSxopKt,H,7,"[""7""]",2016,Rock,Calm,english,2.2767271599723733
32udnSDxuhUYDJOFnCi436,HONEY,I Survive,"[""Adam Faith""]",2010,Rock,Calm,english,2.517178753720396
5LyFFOmMG18goPrnXPlSdn,HOW LONG HAS IT BEEN?,REGRET WHEN IT WAS LOST,"[""death's dynamic shroud""]",2014,Electronic,Calm,english,2.583960584584153
6lJlTo7SiDlG4DpyovUgyF,Hacked Up for Barbeque,House By the Cemetary / Mortal Massacre,"[""Mortician""]",2004,Rock,Calm,english,3.544435749060638
1BRlQ4AWZgYPkuVW8McWqE,Haec,Magnolia,"[""Kevin Krauter""]",2015,Pop,Calm,english,1.1252239353046591
1KtEXEoAo2NBaicoPn3Fry,Haec,Magnolia,"[""Kevin Krauter""]",2015,Pop,Calm,english,1.121420168952874
5NdsxSdfB1efoR4NLPRLag,Mary's Little Boy Child,100 Best Carols,"[""Jester Hairston"", ""Vienna Boys' Choir""]",2007,Pop,Calm,english,2.285127606675086
3GCOgMDBDWosLgsgaaBxxd,Half A Crown - Remastered 2011,Super Best (Remastered 2011),"[""Nana Mouskouri""]",2011,Pop,Calm,english,2.600472992634516
4rd8fGUo606awTOZ5dZ2nv,Half As Much,At Last - The Lost Radio Recordings,"[""Peggy Lee""]",2016,Jazz,Calm,english,1.525397173576447
1PX8X0lg9vIeu85J92BSF5,Half Past France,Paris 1919,"[""John Cale""]",1973,Rock,Calm,english,1.7305847132045626
5KqUAChw7ZFJpc4knm4jka,Half Right,New Moon,"[""Elliott Smith""]",2007,Folk,Calm,english,1.824413725233243
4yCAHLA7ahyPbRMuKqZ17P,Hallelujah,Believe,"[""Jonathan Antoine""]",2016,Classical,Calm,english,2.2406570349121284
4d1HZODiJL6c7jRXAnOzq6,Hallelujah - Live,Chris Botti In Boston,"[""Chris Botti""]",2009,Jazz,Calm,english,4.352339936232814
4dkaN1ivs0Swnbn3XHLGtd,Halo Star (DNA Lounge - Live 2004),HALO STAR (deluxe edition),"[""Black Tape For A Blue Girl""]",2004,Electronic,Calm,english,4.411376827113176
2PtKIf73DOmeXYr4BX9UM2,Halo Star (alternate mix),HALO STAR (deluxe edition),"[""Black Tape For A Blue Girl""]",2004,Electronic,Calm,english,2.5409667424611766
6qRMlduvRTss9rQ6BXQD83,Hamburger Lady,The Taste of TG (A Beginner's Guide to the Music of Throbbing Gristle),"[""Throbbing Gristle""]",2017,Rock,Calm,english,5.457509143960335
7eAewwhDIvqRKaIuRp71Sv,Hamburger Lady - Remastered,D.O.A. The Third and Final Report of Throbbing Gristle (Remastered),"[""Throbbing Gristle""]",1978,Rock,Calm,english,2.914734070949645
3MXMsEKFDMc4fe4YT4K9Vg,"Hamlet (From “Hamlet"")",Once Upon a Time... (The Essential Ennio Morricone Film Music Collection),"[""The City of Prague Philharmonic Orchestra""]",2004,Classical,Calm,english,1.6381724336876178
7dBpGz9mSU4belVsSkuy3Z,Hand Bags and Glad Rags,Alone At Last,"[""Gary Burton""]",2005,Jazz,Calm,english,1.5190151932281606
2Ndc2sUVabAODyCYZkw7bF,Hand in Hand Again,The 13th Hour,"[""Midnight Syndicate""]",2005,Electronic,Calm,english,2.389489299175921
0qy6qhkZZxN3BuwfSykJ5Y,Hand in hand,Attention Please,"[""Boris""]",2011,Rock,Calm,english,3.593529327132588
4FUwHeCqZZCVPmXA1i9tvi,"Handel / Arr. Balsom for Trumpet: Ode for the Birthday of Queen Anne, HWV 74: I. Eternal source of light divine",Sound the Trumpet - Royal Music of Purcell and Handel,"[""George Frideric Handel"", ""Iestyn Davies"", ""The English Concert"", ""Trevor Pinnock""]",2012,Classical,Calm,english,1.5646566683494247
63V9T3efMcPYonkGhGrLHV,"Handel: Messiah, HWV 56, Pt. 2, Scene 7: Chorus. ""Hallelujah""",Handel : Messiah [Highlights] (Apex),"[""George Frideric Handel"", ""Raymond Leppard"", ""English Chamber Choir"", ""English Chamber Orchestra""]",1985,Classical,Calm,english,1.3344847489895546
0mkpbAfDYOZEfh1DWNuzVa,Hands First Flower,Joe Preston,"[""Melvins""]",1992,Rock,Calm,,3.003677338802166
5q3UkAa8nsEsmBm8ZasNKz,"Hang On To A Dream - Live From The Fillmore East,United States/1969 / 2009 Digital Remaster",Elegy,"[""The Nice""]",2009,Rock,Calm,english,1.8321060478320512
3lpkLZfD2RJltSaAGgmoxb,Hanging On A Star,Made To Love Magic,"[""Nick Drake""]",2004,Folk,Calm,english,1.2342421935997434
58kcMrhXyn8Xm5vQ2WBZ8P,Hangman,Hangman,"[""Swingin Hammers""]",2019,Folk,Calm,english,1.9498296309955527
7EaV438FD6VEZPtRMYWito,"Hansel & Gretel, Act II: Prayer",Opera Classics,"[""Engelbert Humperdinck"", ""Libera"", ""Robert Prizeman""]",2017,Classical,Calm,english,4.641611616527804
716VRqWBFT9908tDuBuxm9,Happy Madness,Sax Jazz,"[""Joe Henderson""]",2016,Jazz,Calm,english,2.183157701604702
5lsqoAqRnzpkDze5iy3VxL,Happy Together,Covers,"[""FLOOR CRY""]",2018,Pop,Calm,english,1.8755531794304143
0KmsL0fco50dxmE8j9LfCa,Harbor Country,FLOTUS,"[""Lambchop""]",2016,Country,Calm,english,2.6167864654009785
0Qe68E9CAKL6me0SflHOoD,Hard Time Killing Floor Blues,Hard Time Killing Floor Blues,"[""Skip James""]",2003,Blues,Calm,english,2.786984823046125
3rlPaBlRjyNKHzJsvKV6dP,Hard Time Killing Floor Blues,"O Brother, Where Art Thou? (Original Motion Picture Soundtrack)","[""Chris Thomas King""]",2000,Blues,Calm,english,2.609660084921093
3qFPNAWVGibpA0SV4Vn80F,"Hard Time Killing Floor Blues - From “O Brother, Where Art Thou” Soundtrack","O Brother, Where Art Thou? (Soundtrack)","[""Chris Thomas King""]",2000,Blues,Calm,english,2.7969556760780985
6Cu9eKaG3lLCyJJUMI7zvm,"Hard Time Killing Floor Blues - From “O Brother, Where Art Thou” Soundtrack","O Brother, Where Art Thou? (Soundtrack)","[""Chris Thomas King""]",2000,Blues,Calm,english,2.8319723699512607
7Hdq9F5ixfShtpLsHk4SOf,Hard Times,Leaving None But Small Birds,"[""The Body"", ""BIG|BRAVE""]",2021,Rock,Calm,english,2.1352312170286782
0k7HpQZZpc29UoTT9EJJPJ,Hard Times Come Again No More,On the Shoulders of Giants,"[""Cantus""]",2012,Classical,Calm,english,3.652665061164204
5NwLdTvHZrgBtuNuIOVS4G,Hard to Say I'm Sorry,David Foster Recordings,"[""David Foster""]",1991,Pop,Calm,english,1.8645498495038928
4xFGO3pA9AHEWh4QcVSjSs,Hare Tarot Lies,Blue Room Sessions,"[""No Joy""]",2018,Rock,Calm,english,1.4310500697736992
3VIfArV0hihlR8uP2I4L0D,Hark! The Herald Angels Sing,O Come All Ye Faithful - Favourite Christmas Carols,"[""Felix Mendelssohn"", ""Choir of King's College, Cambridge"", ""David Briggs"", ""Stephen Cleobury""]",1984,Classical,Calm,english,2.335896702648065
1duQxeHSfZW7EEj2adKG82,Hark! the Herald Trumpets Sing Fanfare,Christmas Symphony,"[""Mannheim Steamroller""]",2012,Pop,Calm,english,2.4604529984897328
2K2bfGJwRMheS2lS2I3WnG,"Hark, The Herald Angels Sing",Feliz Navidad,"[""Jos\u00e9 Feliciano""]",2002,Pop,Calm,english,0.6507138555659924
7mAtxb3Tmg5SZV1zBc25ck,"Hark, The Herald Angels Sing - 2022 Mix",A Charlie Brown Christmas (Super Deluxe Edition),"[""Vince Guaraldi Trio""]",2022,Pop,Calm,english,2.3635945925546835
3DIotYDfVuuVEd5V4RCBcy,Harlequin's Meditation,"The Harlequin, the Robot and the Ballet Dancer","[""Sven V\u00e4th"", ""Ralf Hildenbeutel""]",1994,Electronic,Calm,english,1.1189873579397418
4brsJPknWH7RA72ueFn94P,Harlow's Vertical Chamber Apparatus,Poison,"[""I Shalt Become""]",2010,Rock,Calm,english,5.1082576513605495
2y8UbP3aY7ZztNYJ7egBYs,Harper Road,April,"[""Sun Kil Moon""]",2008,Rock,Calm,english,1.7982440316785542
21HsI1RpRHEjbUjmzHtIyj,Harvest Moon,New Moon Daughter,"[""Cassandra Wilson""]",1995,Jazz,Calm,english,1.7947566407660982
5vc8nNyoPbn7YRzDDbfoZp,Hasten Down the Wind,Hasten Down the Wind,"[""Linda Ronstadt"", ""Don Henley""]",1976,Country,Calm,english,2.2298824438319294
4HSMDbgUCwL0fQK4mcwzPf,Hate,You All Look the Same to Me,"[""Archive""]",2002,Electronic,Calm,english,1.636190182378347
3CaM6LxXcBGcBnBImopxRV,Haunt My Sleep,Capsule Losing Contact,"[""Duster""]",2019,Rock,Calm,english,2.3966963109743427
4SnGTvXFlLBhkpyTPaopug,Haunted,Ghost,"[""Radical Face""]",2007,Folk,Calm,english,2.112171993599381
46Rkl5MPqXFDUY5EQFe0JH,"Haunting Suicidal Past, Pt. I",Haunting Suicidal Past,"[""Hopeless""]",2009,Rock,Calm,english,2.3193131452468494
1yYyYrjoUQt8Mh0A71vWR6,Haunts,Haunts,"[""German Error Message""]",2014,Electronic,Calm,english,1.1972063259903678
7laH7uaLcLsAVw7eMnANv2,Have I Done Any Good? (Arr. D. Zabriskie for Choir),The Pilgrim's Journey Home,"[""William L Thompson"", ""BYU Combined Choirs"", ""Rosalind Hall"", ""Anonymous""]",2015,Classical,Calm,english,2.374313387113107
2Nw4hEWjLG1YYYwGQLPQ5u,Have Yourself A Merry Little Christmas,Have Yourself a Soulful Little Christmas,"[""Kenny Burrell""]",2003,Jazz,Calm,english,1.3370455461552544
5trV1kqljMiXmA2kYgHPVX,Have Yourself A Merry Little Christmas,The Best of Christmas,"[""Celtic Woman""]",2017,Folk,Calm,english,2.55811513766172
0sOU8eN3xh1Cvsh57bd6p5,Have Yourself a Merry Little Christmas,A Christmas Album,"[""Bright Eyes""]",2002,Folk,Calm,english,2.110892730902447
2bVHKwJIq1TmkyP14Kinwp,Have Yourself a Merry Little Christmas,Christmas Memories,"[""An\u00fana""]",2009,Folk,Calm,english,2.5574895607774617
5aSQCjVXORLtD9sl6hHIi6,Have Yourself a Merry Little Christmas,A Christmas Album,"[""Bright Eyes""]",2002,Folk,Calm,english,1.9538846537239944
64NWp2MbJXd7oHg7XmXCIa,Have Yourself a Merry Little Christmas,Personal Christmas Collection,"[""Doris Day""]",1994,Jazz,Calm,english,2.9115668965405503
7pPtRMvxD5ve09fA4I2F5Y,Have Yourself a Merry Little Christmas,Brazilian Christmas,"[""Lori Mechem""]",2012,Jazz,Calm,english,1.6011712274671366
2D0nGMhH26jca35FaD8nFe,Have Yourself a Merry Little Christmas - Voice,Home Alone - Soundtrack,"[""Hugh Martin"", ""Mel Torm\u00e9""]",1990,Pop,Calm,english,2.7191837956133824
2KqT7UN0Pt9zgIDJZArCMX,Have a Little Faith in Me,Have a Little Faith,"[""Bill Frisell""]",1993,Jazz,Calm,english,0.9842188131879844
2LcYuyXRnTooAHObNgmouq,Hawaii Song (acoustic),Smoke Stack,"[""Stick Figure""]",2009,Folk,Calm,english,1.4815600887368314
3VGBcDOeF1FoaMpq3KmJNt,"Hawaiian Wedding Song - Live at The Honolulu International Center, Hawaii January 12, 1973 - Rehearsal",Aloha from Hawaii via Satellite (Legacy Edition),"[""Elvis Presley""]",1973,Rock,Calm,english,1.4386214250075855
0tzvbbYFoxZS3ggIaEa1Ob,Hazel Chandeliers,aiMless,"[""rum.gold""]",2020,Pop,Calm,english,2.887856438227495
7Dbq9OlMpMWqi85SYpJgjL,Hazy Field People,Start a People,"[""Black Moth Super Rainbow""]",2004,Rock,Calm,,2.327824700108839
2VDbddQVoU2C3flwGsMy1g,He,Listen My Friends! The Best Of Moby Grape,"[""Moby Grape""]",2007,Rock,Calm,english,1.3041025204012586
0w6priIyDSo0naFFyJ3PIY,He Always Felt Like Dancing,Perils from the Sea,"[""Mark Kozelek & Jimmy LaValle""]",2013,Rock,Calm,english,1.8717512858216767
4wd9YW28ISYcOapJlpAYhj,He Moved Through the Fair,A North Country Lass,"[""Lesley Garrett""]",2012,Classical,Calm,english,2.830708359081962
1wMjK6iPkolXHiO47VJg1i,He is the Path,Violent Portraits of Doomed Escape,"[""Black Crown Initiate""]",2020,Rock,Calm,english,1.4026629934130015
6rFcfAdAM0XgVh9Wy8GTki,"He's Gone - Live at Curtis Hixon Convention Center, Tampa, FL, December 19, 1973","Dick's Picks Vol. 1: Curtis Hixon Hall, Tampa, FL 12/19/73 (Live)","[""Grateful Dead""]",2004,Rock,Calm,english,1.6663732156278126
5gpRnpnikh9Z1UBpJ2W1kz,He's Not Here,Next To Normal (Original Broadway Cast Recording),"[""J. Robert Spencer""]",2009,Classical,Calm,english,2.481161764871535
4EDj8GXOlI45vG4SOfswK3,Headache,Paradise Valley,"[""Grouper""]",2016,Rock,Calm,english,1.395112613883345
6IIqjp84h4ms1gzFQl963o,Headphones,Post,"[""Bj\u00f6rk""]",1995,Pop,Calm,english,3.3071675564774154
7dxj0ESQjVJw4q1vKKr6i2,Heal My Soul,Streets - A Rock Opera,"[""Savatage""]",1991,Rock,Calm,english,1.447568906208854
5bakaD562YZZOOL03RZfnE,"Hear My Prayer, Hymn for Soprano, Chorus and Organ: O For The Wings Of A Dove",Jubilate - 500 Years Of Cathedral Music,"[""Felix Mendelssohn"", ""Nathaniel Morley"", ""St. Paul's Cathedral Choir"", ""Simon Johnson"", ""Andrew Carwood""]",2017,Classical,Calm,english,3.4857094983815418
6paD5g3tHBIpq2F65kaWSq,Heart Beyond Repair,To See You,"[""Harry Connick, Jr.""]",1997,Jazz,Calm,english,1.865675327849096
3rB16JklUEwM9jIfuApB4W,Heart and Lungs,Beach House,"[""Beach House""]",2006,Pop,Calm,english,2.0404966585273905
2ldmzcLJvYv4WHPrzGbBgq,Heart of Chambers,Devotion,"[""Beach House""]",2008,Pop,Calm,english,2.238820637684416
2ShADbVb36d1GrnZXlas4P,Heart of Snow,Black Mountain (10th Anniversary Deluxe Edition),"[""Black Mountain""]",2005,Rock,Calm,english,2.1172706047281977
3aNhIXhwiHGzu9OTjuOrzf,Heartbeat,Mammal,"[""Gazelle Twin""]",2012,Electronic,Calm,english,1.8184205916389409
2I4rmCub7BpmTay7eioktb,Heartbeat - 2006 Remastered Version,Chairs Missing (2006 Remastered Version),"[""Wire""]",1978,Rock,Calm,english,3.520317252323601
11X4Gw3T4hoktVruLgTnm1,Heartbeats,Veneer,"[""Jos\u00e9 Gonz\u00e1lez""]",2003,Folk,Calm,english,1.5615758845819523
5YqpHuXpFjDVZ7tY1ClFll,Heartbeats,Veneer,"[""Jos\u00e9 Gonz\u00e1lez""]",2006,Folk,Calm,english,1.7822118142018646
7BzhqmRj3iOZXqMHqiifHr,Heartbeats,Imperial Recordings Best Of,"[""Jos\u00e9 Gonz\u00e1lez""]",2011,Folk,Calm,english,1.5615758845819523
7jddYTraXSN0GPxFxDmnb5,Heartbeats - Live,Live In Europe,"[""Jos\u00e9 Gonz\u00e1lez"", ""The String Theory""]",2019,Folk,Calm,english,4.403315353036249
6cAbLp9qjjebii9pkd0ueS,Hearts of Stone - Live,Sunrise,"[""Elvis Presley""]",1999,Rock,Calm,english,5.0640465592337085
0WJczTLYkqCKexmMNgf1W9,Heaven,Shivering King and Others,"[""Dead Meadow""]",2003,Rock,Calm,english,2.1013924226717062
4BdicBiJSSAtHGJY8YSYpO,Heaven,Greed / Time Is Money (Bastard),"[""Swans""]",2015,Rock,Calm,english,3.041054790229111
7KEz2psuGeX8WyEzOIQ1pm,Heaven,"Where Will We Go, Pt. 2","[""Nick Hakim""]",2014,R&B,Calm,english,3.537503768110973
7pR09zns1iM6HsU5PhDxql,Heaven,Hold My Hand,"[""UNKLE""]",2007,Electronic,Calm,english,1.8414874002085109
4v5GOkWndEd6wJULYHyo65,Heaven Help The Child,Heaven Help The Child,"[""Bill Callahan""]",2012,Country,Calm,english,1.6628113532529425
4rt2cLpM7Rz3Iqcd0S80MM,Heaven Torn Low I (the passage),Stygian Bough Volume I,"[""Bell Witch"", ""Aerial Ruin""]",2020,Rock,Calm,english,0.5155213506722272
6C9Mp5tC4ZV6QFLIi636cG,Heaven Torn Low II (the toll),Stygian Bough Volume I,"[""Bell Witch"", ""Aerial Ruin""]",2020,Rock,Calm,english,3.619172989158429
5OhOihfYpP5FqO2OX2m2Jv,Heaven in a Wild Flower,Circle of Moons,"[""Bill Douglas""]",1995,Folk,Calm,english,1.7575331150162312
6pY6qKUPnH4OadqytUIeOg,Heaven in a Wild Flower,Eternity's Sunrise,"[""Bill Douglas""]",2000,Folk,Calm,english,1.902275328909681
4b23iSNv7vc6JdaLsoqW50,Heavy Drug,Global Underground #41: James Lavelle Presents UNKLE SOUNDS - Naples (Sampler),"[""UNKLE""]",2015,Electronic,Calm,english,2.147779165130028
6HHTmr27htPesl0gnpbyYI,Heavy Drug,Where Did the Night Fall (Deluxe Edition),"[""UNKLE""]",2010,Electronic,Calm,english,2.537582921581304
1soth4OY0Fv30vpjhmQxbp,Heavy Suitcase Blues,Juke Joint Saturday Night: Piano Blues Rags & Stomps,"[""Charley Taylor""]",2000,Blues,Calm,english,2.5676582174300524
6U6DMtgJYiVDQOXqaOoWN0,Heavy Suitcase Blues,Juke Joint Saturday Night: Piano Blues Rags & Stomps,"[""Charley Taylor""]",2005,Blues,Calm,english,3.0419596239961715
6IUwiHsyKAZtfBy37Wu4ij,Heavy Water/I'd Rather Be Sleeping,Dragging a Dead Deer Up a Hill,"[""Grouper""]",2008,Rock,Calm,english,1.1917090835289943
7My0zhA0YLbp2iGCBZv0fJ,Hebridean Sun,Just Another Diamond Day,"[""Vashti Bunyan""]",1970,Folk,Calm,english,2.705371788183369
5IvAkxDlYFJnGUh1rMSFh2,Held,Mono No Aware,"[""Malibu""]",2017,Electronic,Calm,english,2.506645812122112
7dPrSspjX8LuwrEELqhivU,Helen Said This,"Vain, Erudite and Stupid: Selected Works 1987-2005","[""The Dead C""]",2006,Rock,Calm,english,3.0844320565449004
3A1ZY4VXiBSmpKUJkneTxN,Helheim 6,Kaoskult,"[""Helheim""]",2008,Rock,Calm,english,2.4550590063858406
70MwBHOWTqublM7K5kjH0f,Hell Is Chrome,A Ghost Is Born (Deluxe Version),"[""Wilco""]",2004,Country,Calm,english,1.9166813096151245
76JCUbRKYwHE15xFfGJqmG,Hello Again,Flavour,"[""Paul Cherry""]",2018,Pop,Calm,english,1.489201335151772
68otTYLIY2MTdT2bdBS5ug,Hello Earth,Hounds Of Love,"[""Kate Bush""]",1985,Pop,Calm,english,2.954116039393137
4BIWBe6ec1OE4CmIndstpS,Hello Earth - 2018 Remaster,Hounds of Love (2018 Remaster),"[""Kate Bush""]",1985,Pop,Calm,english,3.055085096183262
7aIiWbUU4oPVSH9J3EaT5V,Hello Like Before,Making Music,"[""Bill Withers""]",1975,Blues,Calm,english,0.5943072436050625
2CGB7xAmYWnfFghnPYLjTi,Hello Resolven,The Coast Is Never Clear,"[""Beulah""]",2001,Pop,Calm,english,2.040408603828285
3AzPH5CQd7sohDMbMPP4g4,"Hello, Young Lovers - From ""The King And I""",Frank Sinatra Sings Rodgers & Hammerstein,"[""Frank Sinatra""]",1996,Jazz,Calm,english,2.914861889444874
7lnLFY0DSg5kTbzvIOapXB,"Hello, Young Lovers",The King And I,"[""Richard Rodgers"", ""Julie Andrews"", ""John Mauceri"", ""Hollywood Bowl Orchestra""]",1992,Classical,Calm,english,2.448731558335954
6twvAEbbxpNYTu2sJGIMZn,Help Me Faith (Reinterpretation),Far Cry 5 Presents: We Will Rise Again (Original Game Soundtrack),"[""Hammock""]",2018,Electronic,Calm,english,3.3012196779836724
1nTeBEtepaT9vEfxBIIyE9,Helsabot,Fag Patrol,"[""Xiu Xiu""]",2006,Pop,Calm,english,1.6013222484432927
63FgF8s7u640HrlQAXnNMi,Helsinki,False Beats and True Hearts,"[""Damon & Naomi""]",2011,Rock,Calm,english,1.9168232813758428
1zrolxFOhKU62W9OzyDYSn,Hemp,Stain,"[""Living Colour""]",1993,R&B,Calm,english,2.746335195800383
09diBJLqYwQxMqdPfL7HL8,Henya,The Lost and Found,"[""Gretchen Parlato""]",2011,Jazz,Calm,english,1.996124528839148
2z5IiL4vmEueQZQc5okerD,Her Eyes Are A Blue Million Miles - Live,Live in GB 1970 - 1980,"[""Captain Beefheart & His Magic Band""]",2008,Rock,Calm,english,5.077781897765662
2MhDAsciLk9txdni5CL8iw,Her Revolution,Her Revolution / His Rope,"[""Burial"", ""Four Tet"", ""Thom Yorke""]",2020,Electronic,Calm,english,1.7144977289671737
7jBKczi4xRyzhuCTT318Yc,Her Room,Hazy Pop,"[""Anja Garbarek""]",2020,Pop,Calm,english,0.8991030821824659
2KAItab1XPnBIprOe0sI1V,Her World Beneath The Waves,A Certain Evening Light,"[""Trembling Blue Stars""]",2003,Pop,Calm,english,2.3469436689805803
6yvjEafD4JIQVk7GvvQ10d,Herbstzeitlose,Berlin,"[""ROME""]",2010,Classical,Calm,english,1.6976272396107082
1kWjPCz0FUFywBtUTw3Lfi,Here,Noise,"[""Archive""]",2004,Electronic,Calm,english,3.00148089119741
7aeRHZGptyCDoN3QAG6O7Z,Here After,Light Of Worlds,"[""Kool & The Gang""]",1974,Pop,Calm,english,3.01160783671745
4Y6TcrxjWUEa4GzSl8z65a,Here Before,Lookaftering,"[""Vashti Bunyan""]",2005,Folk,Calm,english,4.092385382528596
49t9yl2bB4CK7WzQYXSEMf,Here Come The Blues,Family Tree,"[""Nick Drake""]",2007,Folk,Calm,english,1.3001508375209612
15IXGv8tl2MILHNjiOGwtd,Here Comes the Sun,The George Benson Collection,"[""George Benson""]",1981,Jazz,Calm,english,2.505424053808191
1j8mm6oBpVyyED858rZL7F,Here I Am!,Hit & Run Vol. 1,"[""Rosie Thomas"", ""Sufjan Stevens""]",2012,Classical,Calm,english,2.393397968956988
5FuYgi1xinZAQyD5CYLpUJ,Here She Comes,Souvlaki,"[""Slowdive""]",1993,Rock,Calm,english,1.7470885282337247
519Zb3ejIKwVW4d1lpUzms,Here in My Arms,Lee Wiley Sings the Songs of Rodgers & Hart and Arlen,"[""Lee Wiley""]",1986,Jazz,Calm,english,1.4821475985309365
1fgH5fCOGviFtx2B2HeGRi,Here's That Rainy Day,This Is Jazz #25,"[""Freddie Hubbard""]",1970,Jazz,Calm,english,0.935602000037988
3EGBJuKuL7bcHS57RlWSyh,Here's That Rainy Day,Solo,"[""Gonzalo Rubalcaba""]",2006,Jazz,Calm,english,1.474081720962834
3wzXvzFGtuLfcg82NJTf35,Here's That Rainy Day,Virtuoso (OJC Remaster),"[""Joe Pass""]",2010,Jazz,Calm,english,1.668050833837258
5C89i29tDbnOXKOFvpjzCO,Here's That Rainy Day,Irene Kral Live,"[""Irene Kral""]",2006,Jazz,Calm,english,4.544029422626648
5e6uLV8kgB9aley010niLN,Here's That Rainy Day,Tone Poems II,"[""David Grisman"", ""Martin Taylor""]",1995,Country,Calm,english,1.415312296622754
51llzJHMFPQiR4M37LnCOt,"Here's That Rainy Day - Live At Carnegie Hall, 1964",Quiet Now: Body And Soul,"[""Stan Getz""]",2000,Jazz,Calm,english,1.3677253113962609
7CqH6kXso4XuLHOJSFomOA,Here's To Life,Here's To Life,"[""Shirley Horn""]",1992,Jazz,Calm,english,2.751909587692698
7nzYvzVU9kwmpvIjEtTxia,"Here, In the Obsession",Race of Cain,"[""Forgotten Woods""]",2007,Rock,Calm,english,4.500969893310173
6mZv6d4sOUdzDadXNMqZwa,Herem,Ugly Season,"[""Perfume Genius""]",2022,Pop,Calm,english,2.0673616087506943
7EC7WipvdQxLBjdVcV3r5C,Heretoir,Heretoir,"[""Heretoir""]",2011,Rock,Calm,english,2.5769353571258584
351Lodj0RrRhrc0bEXMipr,Heroin - May 1965 Demo,"Words & Music, May 1965","[""Lou Reed""]",2022,Rock,Calm,english,2.16978792017994
2pFC9C6mlTgFAMVoC7lrwt,Heron Blue,April,"[""Sun Kil Moon""]",2008,Rock,Calm,english,1.8224021584590768
3sAMswZDAbPnzOfVETeClU,Heron Blue,Live at Phoenix Public House Melbourne,"[""Mark Kozelek""]",2013,Rock,Calm,english,4.357644904871425
4HSgckjKN4WdbQJis6rGg2,Heron Blue,April,"[""Sun Kil Moon""]",2008,Rock,Calm,english,1.8224021584590768
6GoESztTu0GEiWuVFgsBUx,Heron Blue,April,"[""Sun Kil Moon""]",2008,Rock,Calm,english,1.8232889987468743
5imR99XzHpsDfueW8Put0r,Heron Blue (Live),Heron Blue - Single,"[""Mark Kozelek""]",2008,Rock,Calm,english,2.001362136177951
6wZgTtf7o4L2n0ScFs5IuU,Hey Diane,"A Nice Night for an Evening, Vol. 2","[""Bowling For Soup""]",2019,Pop,Calm,english,0.7988825453712926
5x6QijK7UepoUX3xUNUJR0,Hey Girl,Livin' Inside Your Love,"[""George Benson""]",1979,Jazz,Calm,english,1.9564522210863835
0m7tGTVG0iV6CrsBMCMKg6,Hey Joe,Hi How Are You,"[""Daniel Johnston""]",1983,Folk,Calm,french,1.840579043593885
1c2wXLGMpI6XWJw7S3a9uP,Hey Lolly Lolly,"Folkways: A Vision Revisited - The Original Peformances Of Leadbelly, Woody Guthrie, Pete Seeger","[""Woody Guthrie""]",2006,Folk,Calm,english,2.59719927198878
6WuGvNNW8nOYaLKlAwBSEd,Hibernate,Hibernate,"[""Laura Misch""]",2019,Jazz,Calm,english,1.9788191645204416
1q3mQu2Iwm02jHsCRKbNZk,Hidden,Lookaftering,"[""Vashti Bunyan""]",2005,Folk,Calm,english,1.8697323139075488
6hyeA2ezgxddeXrO1RVjQS,Hierarchy,Lost + Directionless,"[""candle nine""]",2013,Electronic,Calm,english,3.136823053964068
34TkwJR4N3e6jpAuDLBhlC,High School Never Ends,"A Nice Night for an Evening, Vol. 1","[""Bowling For Soup""]",2019,Pop,Calm,english,2.04776433055604
1WzAGniIlPgpsVrJb4Bl7L,"High Time - Live at University of Alabama Coliseum, Tuscaloosa, AL 5/17/1977",30 Days of Dead 2012,"[""Grateful Dead""]",2012,Rock,Calm,english,2.768471672330852
2yXjMDyeCAsH4G9x4ggBXJ,Highs in the Mid-40's Dub,Expanding Dub / Highs in the Mid-40's Dub,"[""Bill Callahan""]",2013,Country,Calm,english,1.3147879120608257
6zNQ7lHiIUCoyCQ9fRmBSt,Highs in the Mid-40s Dub,Have Fun With God,"[""Bill Callahan""]",2014,Country,Calm,english,1.8941072887975103
5DW4g40WSbOeY4ugw2OEkh,"His Kiss, The Riot",Hadestown,"[""Ana\u00efs Mitchell"", ""Greg Brown""]",2010,Country,Calm,english,2.1124548089406567
7mdp1E8KGQSttzY42YJv7v,His Last Voyage,Free Hand,"[""Gentle Giant""]",1975,Rock,Calm,english,1.8231206498468528
3nPQtYuk5RjZ5kyx853zDc,His Last Voyage - 2012 Remastered Version,Free Hand [2012 - Remaster] (2012 Remastered Version),"[""Gentle Giant""]",2012,Rock,Calm,english,1.7758490886001976
6F8b45lXCoVey4yRFKD6kH,His Life Of Academic Freedom,Blonder Tongue Audio Baton,"[""Swirlies""]",1993,Rock,Calm,english,1.7965305025086715
57H1IdeFvcOHPZtkkO0Dwk,His Song,The Outside Room,"[""Weyes Blood""]",2011,Pop,Calm,english,2.6859941647365155
39Hsi77jCybsq0QINuSus4,Historical Intersections,TVF Pitchers (Music from the Original Web Series),"[""Vaibhav Bundhoo""]",2017,Pop,Calm,english,1.025636681557167
6S6844kcH9XwpUPH1aBTmf,"History Maker (From ""Yuri On Ice"")","Anime Cover Songs, Vol. 3","[""Fonzi M""]",2016,Pop,Calm,english,3.632736434383406
4eRTDpfs4KhAQQ7LwI1w7f,Hodgeston's Hallelujah,How I Long To Feel That Summer In My Heart,"[""Gorky's Zygotic Mynci""]",2001,Pop,Calm,english,1.1483765413701634
6ykX0bazkb51Cdww6ivsHU,Hold But Let Go,Asleep On The Floodplain,"[""Six Organs Of Admittance""]",2011,Rock,Calm,english,2.06023544427224
013W2JSFOxdDCE0OIR50Pb,Hold On,Void Dance (Remastered),"[""36""]",2017,Electronic,Calm,english,4.006417327647358
1qZ7dwl4IynMEpILB4WciW,Hold On,7G,"[""A. G. Cook""]",2020,Electronic,Calm,english,4.615638247932115
03YFjP88VNLZID5o112R3W,Hold On Tight,Hold On Tight,"[""Piece Wise"", ""ASTIR"", ""ALSO ASTIR""]",2023,Electronic,Calm,english,2.242070762928749
7g8S0N45Tkp7yE1WEWRwyu,"Hold On, Be Strong",Aquemini,"[""Outkast""]",1998,Hip-Hop,Calm,english,1.804886862533688
7bXz2icuj08WOmh9eQOYUe,Hold Still,Been on Your Side,"[""Courtney Hartman"", ""Taylor Ashton""]",2018,Folk,Calm,english,2.541455453689814
4IEmJbY4irp2qxuIg9M7Lc,Hold That Line,I Am The Moon: II. Ascension,"[""Tedeschi Trucks Band""]",2022,Blues,Calm,english,1.593707116149243
0KS5FsXwTZPjpZQUxQsWkW,Hold on With My Open Hands,Goodnight,"[""William Fitzsimmons""]",2006,Folk,Calm,english,2.54669304723622
3P4PFBvooKQCnKLml7ekdO,Holding,Ruins,"[""Grouper""]",2014,Rock,Calm,english,1.7032519630200742
03z341BmjJ16w9P0UfaR0j,Hole in the Ocean Floor,Break It Yourself,"[""Andrew Bird""]",2012,Classical,Calm,english,1.6263230208860924
4eSdDM5X1MtC6G3ShYYZJ0,Hollow,Biophilia,"[""Bj\u00f6rk""]",2011,Pop,Calm,english,2.165385644220806
4pxS0cL5aa5R4AUhwayzV2,Hollow,Persephone,"[""Wendy Rule""]",2019,Folk,Calm,english,2.2465835016099263
5aPpZjWxsVUgw9jlCqUve0,Hollow Hills - Live,Mr. Moonlight Tour - 35 Years of Bauhaus (Live),"[""Peter Murphy""]",2015,Rock,Calm,english,2.5752569694099696
046ehok5PQgDgmsTh9p5Rc,Hollywood Ending,Beneath Trembling Lanterns,"[""R/R Coseboom""]",2006,Electronic,Calm,english,1.8651434800880544
73qlV0uB22V8FaBRJch9yj,"Holst: 3 Hymns for the English Hymnal: No. 1, In the Bleak Mid-Winter",Christmas At King's,"[""Gustav Holst"", ""Choir of King's College, Cambridge"", ""Stephen Cleobury""]",2008,Classical,Calm,english,2.656527726778201
5OoqwrovRIYYwX94oecu0E,Holy,Garden,"[""United Pursuit"", ""Will Reagan""]",2018,Folk,Calm,english,3.295881653174255
0oPnyCLqcn2ZNzwy5pLKDR,"Holy Fucking Shit: 40,000",Deathconsciousness,"[""Have A Nice Life""]",2008,Rock,Calm,english,1.931539911955192
4PaZo3ymPJ1lhU5eFMyedR,Holy God (Trisagion),Liturgy No. 3 - English (The Divine Liturgy of St. John Chrysostom),"[""Roman Hurko""]",2011,Classical,Calm,english,2.907929504657798
61fNXuhoHhskoC65hyQfpA,Holy God We Praise Thy Name,Greatest Gospel Songs,"[""Perry Como""]",2000,Pop,Calm,english,2.62723733694993
3Dz0ptX5hww5XrERss8uBs,"Holy God, We Praise Thy Name",Adoration at Ephesus,"[""Heinrich Ignaz Franz von Biber"", ""Benedictines of Mary, Queen of Apostles""]",2016,Classical,Calm,english,2.0120997886469363
0DDRP0jXsNBUQD43hLppOt,"Holy Holy, etc.",Songs For Christmas,"[""Sufjan Stevens""]",2006,Classical,Calm,english,5.902792432379152
1YjVgPejC5HGQrAbuAuuE1,Home,Oshin,"[""DIIV""]",2012,Rock,Calm,english,1.9946293117483056
5kH2zL7T6lu7uE8pE9MZ9j,Home,Oshin,"[""DIIV""]",2012,Rock,Calm,english,1.7681982383856345
6rPRAGsCpd3fCDfNb8c56x,Home,School of the Flower,"[""Six Organs Of Admittance""]",2005,Rock,Calm,english,1.0701086902156534
7oMbfI6ABUklYnOjneQYMM,Home (Stripped),Flow,"[""Olivera""]",2015,Electronic,Calm,english,2.3726053469622137
1nWXb78GfG2VL80zMK3J7d,Home Again,Barry Manilow II,"[""Barry Manilow""]",1974,Pop,Calm,english,2.050041801507254
05aC0sugnAI8IAvwnmoSuv,Home Away From Home,Echoes Of Home,"[""Phil Coulter""]",2014,Folk,Calm,english,1.246685575495392
5okeWCE3O2Pfn8l0wERrr8,Home Away From Home,American Tranquility,"[""Phil Coulter""]",2005,Folk,Calm,english,1.215670482131045
2FpYD9lyYjrZeSlIVjksY0,Home of the Whale,Celtic Woman 2,"[""Caroline Lavelle""]",2000,Folk,Calm,english,2.603897369629441
1GBgNFmIOCFvCvx3vCK107,Home! Sweet Home!,Home Sweet Home,"[""Katherine Jenkins""]",2014,Classical,Calm,english,2.96287242316838
1Mj7rQgu2HTtDhKD90nnDS,Homenaje A Miguel - Live,Rock & Rios (Remastered),"[""Miguel R\u00edos""]",2005,Folk,Calm,english,4.331730569879037
5ngJ7BZICo11S5q5JMgMJE,Homeward Bound (Arr. J. Althouse for Choir),The Pilgrim's Journey Home,"[""Marta Keen"", ""BYU Concert Choir"", ""BYU Singers"", ""Ronald Staheli""]",2015,Classical,Calm,english,2.333691494705353
0kTDlLOimd2K3X7MmoTnxO,Honey Dripper,Dr. John Plays Mac Rebennack The Legendary Sessions V. 1,"[""Dr. John""]",2002,Blues,Calm,english,3.0626461155203595
3PzKAgSchEridqeB4SWRyk,Honeysuckle Rose,Dear Mr. Cole,"[""The John Pizzarelli Trio""]",1995,Jazz,Calm,english,2.0284975946603363
6o5rWrcCrVdPFRcO36Yaib,Honeysuckle Rose,The Very Best of Fats Waller,"[""Fats Waller""]",2000,Jazz,Calm,english,1.638227961969537
3RvwLFE7E9uoCucfEG7FOA,Honor to the End,Transformers: Age of Extinction (Music from the Motion Picture),"[""Steve Jablonsky""]",2014,Classical,Calm,english,2.254698594110051
0fYJKLf1YHpfZP4wB0o7hJ,Hope Has a Place,The Memory of Trees,"[""Enya""]",1995,Folk,Calm,english,2.777458383350082
2WK0XQXmFogFkNlDoCi8sa,Hope I'm Around - 2015 Remaster,The Complete Bearsville Album Collection,"[""Todd Rundgren""]",2016,Pop,Calm,english,1.638680303115173
2wWT9igLuzc4L2VSuyNswU,Hopeless,The Way Is Read,"[""The Staves"", ""yMusic""]",2017,Folk,Calm,english,3.048654894612331
3hBxkbbvzAX1JOqkVFXhHC,Horizon of Plastic Caskets,Portal of Sorrow,"[""Xasthur""]",2010,Rock,Calm,english,2.2711328345231805
0J6JERhndsskHEPNwtv1aA,Horizonless,Horizonless,"[""Loss""]",2017,Rock,Calm,english,3.038794419429583
6GRgyQMo57LpNioobT0ub7,Horizons,Local Valley,"[""Jos\u00e9 Gonz\u00e1lez""]",2021,Folk,Calm,english,2.7453127484326267
7BKvHAaFJveZ5bDL0E00Vv,Hosea,City Of God,"[""John Michael Talbot""]",2005,Folk,Calm,english,2.071412639449365
1skuahqRLloOiml4B0Hfks,Hospital,Grim Weepers,"[""Lonesome Wyatt and the Holy Spooks""]",2017,Rock,Calm,english,2.727957927996689
3BkCQrOqem9AXZ7W7vLdsb,Hostile To Me,Our Inventions,"[""Lali Puna""]",2010,Electronic,Calm,english,2.171625065062813
3znbHBaN76zFyBPDHcCUkE,Hostile To Me - Cornelius Remix,Silver Light,"[""Lali Puna"", ""Cornelius""]",2012,Electronic,Calm,english,2.418962844126495
30dF8ON0TT1PO6bXSLB36C,HotelSixNine (feat. Solomon da God),Leaving,"[""Spooky Black"", ""Solomon Da God""]",2014,Hip-Hop,Calm,english,3.064107057330648
1dxcNNOQHf9dwCURpgjzkb,Hours and Days,Galactik Fiestamatik,"[""Rico Blanco""]",2012,Pop,Calm,english,1.622303951075302
09W79IcE4FvjeZYiIh8slG,House of the Rising Sun,RELAXER,"[""alt-J""]",2017,Pop,Calm,english,2.2114033125709267
3MCTWjESizm3zWozv4DrR9,House on the Hill,Beach House,"[""Beach House""]",2006,Pop,Calm,english,2.1975560781217736
02fa5gqkX0YjnUPxzZOyc5,How Deep Is The Love - Live,III (Live At Hillsong Conference),"[""Hillsong Young & Free"", ""Melodie Wagner""]",2018,Pop,Calm,english,2.1394509337256
0rhroBYvRWGryulQ5vdgPa,How Deep Is The Ocean,Ann Hampton Callaway,"[""Ann Hampton Callaway""]",1991,Jazz,Calm,english,2.537099605809996
3E1vqS5hk3A2X4IZvyjLhY,How Deep Is The Ocean,Twilight World,"[""Marian McPartland""]",2008,Jazz,Calm,english,1.7710428280768622
07YxPumytA4kVj7bpiOVvP,How Deep Is The Ocean - 1993 Digital Remaster,The Nat King Cole Trio - The Complete Capitol Transcription Sessions,"[""Nat King Cole Trio""]",2005,Jazz,Calm,english,2.428924200605631
70piAOB1HIXx2peCEZKRaH,How Deep Is The Ocean?,Tal Farlow's Finest Hour,"[""Irving Berlin"", ""Tal Farlow""]",2001,Jazz,Calm,english,1.814517610387899
6zcfWCbc7fCmTk621WAjsd,How Deep Is The Ocean? - Live,Meditation,"[""Joe Pass""]",2002,Jazz,Calm,english,4.27657443097317
5HF5ecPWRHFKE1W6lMkYYs,How Deep Is the Ocean,From My Heart,"[""Eric Scott Reed""]",2002,Jazz,Calm,english,2.1750177714469525
50APdxgo9sxLWWc7u7Nikv,How Do I Stop Loving You? - Unreleased demo,The Complete Collection...And Then Some,"[""Barry Manilow""]",1992,Pop,Calm,english,2.6251810306550376
03e5Wuw5pEHsk07d9f1f16,How Great Thou Art - Alternate Take 4,Platinum - A Life In Music,"[""Elvis Presley""]",1997,Rock,Calm,english,2.059233693353592
4xuZcqCeQN3yHTFOAvmt29,How Hard It Is For A Desert To Die,WARM,"[""Jeff Tweedy""]",2018,Country,Calm,english,2.350199603214471
1qagJUT7uzS8eAkDJmO8QG,How High The Moon,Chet (Keepnews Collection),"[""Chet Baker""]",2007,Jazz,Calm,english,1.3797184854662767
5Kx2JZcXaaWgjDEv0BWj9T,How High the Moon,Cigar Club Favorites: Big Band and Jazz,"[""Stan Getz""]",2012,Jazz,Calm,english,2.797499107614525
4OuUXis3HgBtLoSaYz3Brp,How I Made My Millions,No Surprises,"[""Radiohead""]",1998,Rock,Calm,english,1.1400077165936937
4p03BEw6BXl8IxOxIhb3tP,How I Miss You,00959525,"[""Foo Fighters""]",2020,Rock,Calm,english,2.419934326298379
2ZnoKufwJk9oVOaqcQWThZ,How It Feels,Science,"[""Thomas Dybdahl""]",2006,Pop,Calm,english,1.9869888158746656
00f4GQpcFSRjf1lj3bpEWb,How Long,"Woody Guthrie, Pete SeegerAnd Leadbelly - The Original Folkways Recordings","[""Lead Belly""]",2006,Blues,Calm,english,2.111123843519636
475Pl7PtmHeMN6bGHvJRsQ,How Long,Little Giant,"[""Roo Panes""]",2014,Folk,Calm,english,2.4991534442002843
4FuDRiBCiRdA0Plm4faE7p,How Long Has This Been Going On,Gershwin For Lovers,"[""Marcus Roberts""]",1994,Jazz,Calm,english,0.9614661051039664
7BCXIV6nmq1EqhVjLb82WS,How Long Has This Been Going On,Live in Tokyo,"[""Brad Mehldau""]",2004,Jazz,Calm,english,4.077988665452911
0Lcdcsygc9Szp0Yp1g1KY7,How Long Has This Been Going On?,Plays For Lovers,"[""Stan Getz""]",2006,Jazz,Calm,english,1.6683223144795158
7ByMl8ACN6rkAbN5c8T8BV,How Long Has This Been Going On?,In Blue,"[""Karrin Allyson""]",2002,Jazz,Calm,english,2.460621047649606
7zB33cVjsTHC4K6L9dk1ZZ,How Long Has This Been Going On?,Softly,"[""Shirley Horn""]",1998,Jazz,Calm,english,2.2984340483359307
34BYgmSdtAPJuc24ft2279,"How Sad, How Lovely","How Sad, How Lovely","[""Connie Converse""]",2009,Folk,Calm,english,1.7526138984618496
2KL5Ifj9kcjikMgTiQSudx,How The Flowers Grow,Profound Mysteries,"[""R\u00f6yksopp"", ""Pixx""]",2022,Electronic,Calm,english,4.262788802425679
63zV1gPB1CpKNe8fFKMb9R,How The Streets Adore Me Now,When I Have Fears,"[""The Murder Capital""]",2019,Rock,Calm,english,1.6896190222813567
1XnDWiQHDei35ZcnhMws8c,How They Suffer,Soundtracks For The Blind,"[""Swans""]",2001,Rock,Calm,english,4.737650140286583
69pwmeyvQMuHMtkCmpEWhQ,How To Disappear Completely,Kid A,"[""Radiohead""]",2000,Rock,Calm,english,2.473990777360209
3jdiWkGuQia6vU20blFZCl,How Who,Rivulets,"[""Rivulets""]",2002,Rock,Calm,english,0.9550170583738988
5ibGNI1iA9ioCKMFkrpIxm,How You Want To Leave,TVF Pitchers (Music from the Original Web Series),"[""Vaibhav Bundhoo""]",2017,Pop,Calm,english,1.518869481678315
2rtGaCAeYtmcIvuZsvgTf6,How to Disappear Completely,Kid A,"[""Radiohead""]",2000,Rock,Calm,english,2.4703958113631304
0IRB4zKaJ7ZK7zXU7iutn4,"How, Who?",Thank You Reykjavik,"[""Rivulets""]",2002,Rock,Calm,english,2.1208432431789164
1iES4Wy9UXuAOPGtrSVfXF,How?,No Flashlight,"[""Mount Eerie""]",2015,Folk,Calm,english,1.6661709963509466
12j6i4WdT2TFAVHFVcoNSJ,Howe,FLOTUS,"[""Lambchop""]",2016,Country,Calm,english,2.469509964422798
1ZQg8et0RbWxd9lnQ0ex9e,Human Augmentation,The Industrialist,"[""Fear Factory""]",2012,Rock,Calm,english,3.2507828987809813
2FZlSnlgU81zlPwmgGS1Ub,Human Eyeballs On Toast,How They Are,"[""Peter Broderick""]",2010,Classical,Calm,english,1.59217178448445
370s2Rzqg2YQlC7tN9kes3,Humanicide 666,Armoured Bestial Hell,"[""Enthroned""]",2001,Rock,Calm,english,3.0571349354736044
1NXHaRZYSSXieZQWsHSLLr,Huron Carol (Live),Our Favorite Carols (Live),"[""Chanticleer"", ""Joseph Jennings""]",2011,Classical,Calm,english,2.0791847182992584
1qSCzF2CQg5mwSqpBl0okX,Huron Carol (Arr. J. Quick),"Musica Intima: Christmas, Nativite","[""Traditional"", ""musica intima""]",2000,Pop,Calm,english,2.7345075676746853
1xl3OafeRPiGKBtcN3Xcoc,Huron Carol,Candlelight Carols: Music for Chorus & Harp,"[""Traditional"", ""Seraphic Fire"", ""Patrick Dupre Quigley""]",2014,Classical,Calm,english,3.36397496337835
5XNSXZTs5QmUOMjGGeTDcF,Hurt,The Dark Side,"[""Gregorian""]",2004,Classical,Calm,english,1.949206627162029
2tMy3GlvhyXJDgpHINxHP4,Hurt Everything,Hotter Sadness,"[""Elvis Depressedly""]",2012,Electronic,Calm,english,2.029145490253271
1EwsjScxxcRDf2Bf3JXcEs,Hush Little Baby,Baby Sleep Music,"[""The Kiboomers""]",2013,Folk,Calm,english,2.5787840836324585
0leIdKToEyThHvKk0BArH9,Hushabye Mountain,Bring Him Home,"[""Alfie Boe""]",2010,Classical,Calm,english,3.094378321430778
1QdQ3JJgtqfb3ehby9Y5wx,Husk,Husk,"[""Liz Durrett""]",2005,Folk,Calm,english,0.8034308389676659
05PxNZJfr9OTpCo2JjH0xe,Husks And Shells,Unmap,"[""Volcano Choir""]",2009,Folk,Calm,english,0.9016926856760432
0jeDGNGMULFL1xE6ImBhVQ,Husks And Shells,Unmap,"[""Volcano Choir""]",2009,Folk,Calm,english,1.3625482874963954
3pN8zMrwK2Olmdxw9PUxGm,Hymn,Everything Is Wrong,"[""Moby""]",1995,Electronic,Calm,english,1.1928614302791931
4L88HjuRvcnSg9K7eLkkbv,Hymn To The Fallen,Katherine Jenkins / From The Heart,"[""Katherine Jenkins""]",2006,Classical,Calm,english,3.129665729629428
51sIatVpKzEMyTRJSCA02u,Hymn to Mary,Hope,"[""Libera""]",2017,Classical,Calm,english,2.0039131040661866
52s1aH1NKLwBMaE5VvPMvx,Hymne des Fraternisés: I'm dreaming of home,Joyeux Noël [Original Soundtrack],"[""Philippe Rombi"", ""Natalie Dessay"", ""London Symphony Orchestra""]",2005,Classical,Calm,english,1.810988394934212
1Sw8rWRv7yASSHcGgOPKR0,Hyperborea,Substrata + Man with a Movie Camera,"[""Biosphere""]",1997,Electronic,Calm,english,1.1970150949410956
60Lb5S8YCQSJkA7ubAWphW,Hyperborea,Substrata 2,"[""Biosphere""]",2001,Electronic,Calm,english,1.187790945598561
4a0GbF3xgwOCRAyLjhXl8i,I Agree,"Singles Collection, Vol. 1 & 2","[""Thee Oh Sees""]",2011,Rock,Calm,english,2.135139604258249
4s74DOaxlxeZBcvfYWxt5X,I Ain’t Got No Home (In This World Anymore),Woody at 100: The Woody Guthrie Centennial Collection,"[""Woody Guthrie""]",2012,Folk,Calm,english,2.7274568573665228
0dfGsOdNmw3kgs4asp4ggL,I Almost Loved You,Meisterwerk III,"[""My Dying Bride""]",2000,Rock,Calm,english,1.3508804098001088
67TnpXO4NCZ97b7lPsndAC,I Almost Loved You,Feel the Misery,"[""My Dying Bride""]",2015,Rock,Calm,english,2.4834225883160985
07bnvrBAKNuud6qcm8c9qZ,"I Am A Man Of Constant Sorrow - From “O Brother, Where Art Thou” Soundtrack / Instrumental","O Brother, Where Art Thou? (Soundtrack)","[""John Hartford""]",2000,Country,Calm,english,3.2755911748474493
6i5OB9RT16BXqBR95blhr5,"I Am A Man Of Constant Sorrow - From “O Brother, Where Art Thou” Soundtrack / Instrumental","O Brother, Where Art Thou? (Soundtrack)","[""Norman Blake""]",2000,Country,Calm,english,2.2581486073861523
40xHjk6SOptfYKu7ZoqIdX,I Am Slow (Demo),Grave Blockers,"[""Thee Oh Sees""]",2006,Rock,Calm,english,4.509475980758382
0ElQbdWt7ddpvuo3WFX5DN,I Am Withdrawal - Version II - Piano,Stop Torturing Yourself,"[""Athletics""]",2012,Rock,Calm,english,1.0082151795974688
3HcKQYkKahxFRGLdQ8xT9K,I Am the Beyonder,Naxatras,"[""Naxatras""]",2015,Rock,Calm,english,1.9036872269770704
2MaOLjU2sK4RSYzpod4ZrI,I Asked the Lord - Alternate Take,The Home Recordings,"[""Elvis Presley""]",1999,Rock,Calm,english,1.6210333119856482
6idmo1opZgXt4fGGBrrQOK,I Ate Too Much At The Fair,Ghost of Your Guitar Solo,"[""MJ Lenderman""]",2021,Country,Calm,english,0.9468260999901164
0iW0rt2zwQyTJTbi2LoEBt,I Believe,Voices from Heaven,"[""Eric L\u00e9vi"", ""Andrea Bocelli"", ""Orchestra dell'Accademia Nazionale di Santa Cecilia"", ""Myung-Whun Chung"", ""Coro dell'Accademia Nazionale Di Santa Cecilia"", ""Roberto Gabbiani""]",1998,Classical,Calm,english,2.5916213485877035
4LhgJ8z2zX4j8RVr5XS8oj,I Believe in You,OH (ohio),"[""Lambchop""]",2008,Country,Calm,english,2.1495306104200327
67aLkslOcG6W8kassBM64T,I Believe in You,OH (ohio),"[""Lambchop""]",2008,Country,Calm,english,2.1495306104200327
3SzoVeS9Eaxt6dmfXF0fPo,I Believe in You - 1997 Remaster,Spirit of Eden,"[""Talk Talk""]",1988,Pop,Calm,english,1.9905124115183488
0pPspL9iFd9JKEVThKP8C6,I Broke Up,Fag Patrol,"[""Xiu Xiu""]",2006,Pop,Calm,english,1.9173024917659431
0W9GxXsUtJnd6QwQxFUGpO,I Can't Escape from You,Hanky Panky,"[""The The""]",1995,Pop,Calm,english,1.3266339847834794
11hAKtu0DNKsHruzfv72Ix,I Can't Get You Out Of My Head,So Lucky,"[""No\u00ebl Akchot\u00e9""]",2015,Classical,Calm,english,3.159770255417568
4QMem2JJBQVoYuKhw974bu,I Can't Help Falling In Love With You,Storyteller,"[""Alfie Boe""]",2012,Classical,Calm,english,2.971810719383097
3lLywYMB7iufB8NlgjnYqD,I Can't Help It (If I'm Still In Love with You),Platinum - A Life In Music,"[""Elvis Presley""]",1997,Rock,Calm,english,1.2312115678981046
1jXOX9ZLCpxAs7QVez18tU,I Can't Help It If I'm Still In Love With You,Swingin' on a Seven-String,"[""Lenny Breau"", ""Buddy Emmons"", ""Jim Ferguson"", ""Kenny Malone""]",1984,Country,Calm,english,1.3048433797194747
6zRh8hbrxNU57WzuAWZkH5,I Carry Water,Goners,"[""Laura Gibson""]",2018,Electronic,Calm,english,1.8871694186392909
2sve8RCT9usM9FiiY3hPws,I Come to The Garden Alone (Arr.by SEJ),Piano Solo Hymn 6,"[""JHCmusic"", ""EJ""]",2018,Hip-Hop,Calm,english,1.4237082823079643
6qdkra89hEubzYuhSZirXq,I Concentrate On You,A Night In Dublin,"[""Dick Wellstood""]",2001,Jazz,Calm,english,4.965907888538894
1SE1SIvwiF8xA1fgBJeAfl,I Could Never Say Goodbye,Dark Sky Island,"[""Enya""]",2015,Folk,Calm,english,2.3786139835171345
1cvhOyghPD4ukPnhAd7XXU,I Could Only Stand By,Loyalty,"[""The Weather Station""]",2015,Folk,Calm,english,1.953732564018766
1YNHdhvXBogdk54KI1yd2P,I Cover The Waterfront,Gettin' Together!,"[""Paul Gonsalves""]",1987,Jazz,Calm,english,2.123024884837587
3yHvxIDMCymCF0q0OruuDJ,I Cover the Waterfront,Mr. Lucky,"[""John Lee Hooker"", ""Booker T. Jones""]",1991,Blues,Calm,english,3.106471549255628
6D3rGir5Owv547fttKWhOH,I Cover the Waterfront,Chris Thile & Brad Mehldau,"[""Chris Thile"", ""Brad Mehldau""]",2017,Country,Calm,english,2.3140026385841126
6kG1JQpFg1fGGvZzuMoF4c,I Cover the Waterfront,There's Only One...,"[""Anita O'Day""]",2007,Jazz,Calm,english,2.2064674670190274
7CYu93j5AsYDEhY7apdKvw,I Didn't Know What Time It Was,"The Art of the Trio, Vol. 1","[""Brad Mehldau""]",1997,Jazz,Calm,english,1.8696902049641029
2Kgo3kic7wIgi9e7oGE5An,I Die In My Dreams,Blood and Thunder,"[""Mortiis""]",1996,Rock,Calm,english,2.3684034391899984
43GIVWcOorBVjzteaYxmUG,I Don't Know How to Love Him,Jesus Christ Superstar (20th Anniversary London Cast Recording (1992)),"[""Claire Moore""]",1992,Classical,Calm,english,2.7294201738147392
4RO3U6JSEsLQZMK3n0fkI2,I Don't Know How to Love Him,Jesus Christ Superstar (20th Anniversary London Cast Recording (1992)) (Highlights),"[""Claire Moore""]",1992,Classical,Calm,english,3.061063459687576
5tpXDQYKX6UOdDtBUfUQ1o,I Don't Love You Anymore,Goodnight,"[""William Fitzsimmons""]",2006,Folk,Calm,english,2.3124189641151407
6QOVWoZUD3IEszbfO46mYW,I Don't Love You Anymore,I Don't Love You Anymore,"[""Sarcastic Sounds""]",2018,Electronic,Calm,,3.7603920374764592
1y816eAkVhuj2lS53N4bMR,I Don't Stand A Ghost Of A Chance With You,Pretty Wild With Strings,"[""'Wild' Bill Davison""]",2007,Jazz,Calm,english,2.6341232022133005
3h9EMsCd75ZbqZQ35jTM2f,I Don't Stand a Ghost of a Chance,What's New,"[""Linda Ronstadt""]",1983,Country,Calm,english,2.356692168613061
5kFWqLVb9idG4f52ZVD99r,I Don't Trust Nobody - Slowed and Reverb,My Head In The Sky,"[""ZRobb"", ""Shiloh Dynasty""]",2022,Electronic,Calm,english,2.041331610375864
51zEJzV5IdEtYClvnt9NLB,I Don't Want to Talk About It,By Myself,"[""Inger Marie Gundersen""]",2007,Jazz,Calm,english,3.0044204011202487
0FZxhprYVBPuzskKdBv6tG,I Dreamt I Dwelt in Marble Halls,Méav,"[""M\u00e9av""]",2000,Folk,Calm,english,2.025032313845732
0nO25NiPrKX64oy7lz5ZaJ,I Exist I Exist I Exist,"Scotland, I Wish You Had Stayed.","[""Flatsound""]",2009,Rock,Calm,english,1.4769833212011148
7a2WDmmAi3kdTRR7vJDpOO,I Exist I Exist I Exist,"Scotland, I Wish You Had Stayed","[""Flatsound""]",2009,Rock,Calm,english,1.4793127138111033
1nRGAGINbbYLTSHhEvELoO,I Fall In Love Too Easily,"Standards, Vol. 2","[""Keith Jarrett"", ""Gary Peacock"", ""Jack DeJohnette""]",1983,Jazz,Calm,english,1.0129789160238845
3lVudk4sC083d0cYFOF7xW,I Fall In Love Too Easily,Jazz Dream House,"[""Chet Baker""]",2023,Jazz,Calm,english,2.347248926169545
5YLwLTd5iacl6v2wVZLDb8,I Fall In Love Too Easily,SEED,"[""Yotam Ishay""]",2021,Jazz,Calm,english,1.407118122430772
5l10iWO4gp9eXmUjYB9toT,I Fall In Love Too Easily,Everything I Love,"[""Eliane Elias""]",2000,Jazz,Calm,english,0.9714042720419443
2bx4yK0boGnghWx3WeKHV0,I Fall in Love Too Easily,From My Heart,"[""Eric Scott Reed""]",2002,Jazz,Calm,english,1.886336448454238
7s3EJcWNUWGJzelaJ90Q2A,I Fall in Love Too Easily,Winard,"[""Winard Harper Sextet"", ""George Cables"", ""JD Allen""]",1999,Jazz,Calm,english,1.0417495936878909
3ucC5MB36OE33SssLxYiHE,I Feel Like Going Home,I Am Not Afraid Of You And I Will Beat Your Ass,"[""Yo La Tengo""]",2006,Pop,Calm,english,2.2692537789750244
5PG3A9eRQW4jb5MBosTnhJ,I Float Alone,Floating Into The Night,"[""Julee Cruise""]",1989,Pop,Calm,english,2.3586282230741946
5y3e82pihl5nHh2BE2j0bs,I Found You,Dear Hamlyn,"[""Luluc""]",2008,Folk,Calm,english,1.9035975212146048
3KzoF4yc3KE9xAgBV6jmt6,I Gaze In Your Eyes,Ann Hampton Callaway,"[""Ann Hampton Callaway""]",1991,Jazz,Calm,english,2.841118195684616
2sVM6RAYrt4yjRxWpzqDQp,I Get A Kick Out Of You - Cinematic Orchestra Remix,Verve Remixed 4,"[""Ella Fitzgerald""]",2008,Jazz,Calm,english,2.510829282049062
2O2cdVdyKnGNwZPL4iye56,I Get Along Without You Very Well,The Look Of Love,"[""Diana Krall""]",2001,Jazz,Calm,english,2.7397924288167705
2v5kK8j1fSCvGu0FhwvnXh,I Get Along Without You Very Well (Except Sometimes),The Very Best Of Nina Simone 1967-1972 - Sugar In My Bowl,"[""Nina Simone""]",1998,Jazz,Calm,english,2.330466068480645
3eGLC9wTV9v5GkmaT45oUa,I Get Along Without You Very Well (Except Sometimes),Love Songs,"[""Nina Simone""]",2005,Jazz,Calm,english,2.473006318914172
3nfzoIQdedMxkabudrdjUa,I Get Along Without You Very Well - Live,Straight from the Heart - The Great Last Concert Vol. II,"[""Chet Baker"", ""Herb Geller""]",1990,Jazz,Calm,english,4.6109905744498025
5n1cIt2bXqnhB9CAxK58XG,I Give Her My Air,Fathoms,"[""Autumn Orange""]",2019,Electronic,Calm,english,2.484995313524126
0moax5baThgbbW5uzv9lby,I Got It Bad (And That Ain't Good),Ballad Essentials,"[""Kenny Burrell""]",2005,Jazz,Calm,english,0.8368873932923854
3kQtvW5ejO2az2KGmmLkQM,I Got It Bad (And That Ain't Good),Red Alone,"[""Red Garland""]",2004,Jazz,Calm,english,1.10954229806877
3vuBTN0znVm4fpnHzerkmr,I Got It Bad (and That Ain't Good) - 1999 Remastered - Take 1,Never No Lament: The Blanton-Webster Band,"[""Duke Ellington""]",2003,Jazz,Calm,english,2.563693468129552
6qVb2aSxdRwaZrPxugkBou,I Got It Bad And That Ain't Good,The Lady is a Tramp,"[""Lena Horne""]",2010,Jazz,Calm,english,2.940670455409552
2aCKim5pnDlYrDkpBLIc2T,I Got It Bad and That Ain't Good,From My Heart,"[""Eric Scott Reed""]",2002,Jazz,Calm,english,1.6022683674481946
7tmiMhIyyPC4a14F2sbHsC,I Got It Bad and That Ain't Good - Remastered,Together Again,"[""Benny Goodman""]",1996,Jazz,Calm,english,2.186383455432914
0mgoL0eIiiAZLkrAh3eUUw,I Got Lost,Beyond,"[""Dinosaur Jr.""]",2007,Rock,Calm,english,1.496643702687705
3LQgMIYWr4hzbWbNXN3QHh,I Got Lost,Beyond,"[""Dinosaur Jr.""]",2007,Rock,Calm,english,1.5236724856668205
6GgWI2t7G0bgUzVoZDlM6R,"I Got You, Honey",EP,"[""Ocie Elliott""]",2018,Folk,Calm,english,2.071081095516412
6REM0HKD9Q1L4IBbFuTc7K,"I Got You, Honey",EP,"[""Ocie Elliott""]",2017,Folk,Calm,english,2.071081095516412
3ntIr0QHDeDwjcfynLl7M7,I Got a Woman - Live,A Boy From Tupelo: The Complete 1953-1955 Recordings,"[""Elvis Presley""]",2017,Rock,Calm,english,3.029509068043233
1mAqFY6xadM9cumCwOMoWY,I Guess I Was Just A Fool - Undubbed Version,Not Fade Away: The Complete Studio Recordings And More,"[""Buddy Holly""]",2008,Rock,Calm,english,2.64336412463613
4Xe1k3s9RKdxLYltTQ0E0X,I Guess I'll Hang My Tears Out To Dry,Standards & Ballads,"[""Wynton Marsalis""]",2008,Jazz,Calm,english,1.6501245158483475
7rjOil8FKKJK08BbG49y7Z,I Had The Craziest Dream,Best Of The Big Bands,"[""Harry James""]",1990,Jazz,Calm,english,1.621390820114796
4Gwf2M48q9HwdKprhnyRM5,I Had to Carry Her (Viriginia's Song),Pittsburgh,"[""William Fitzsimmons""]",2015,Folk,Calm,english,2.2411239927383506
57rro2VcnlGgDu9l7QWXic,I Have Been Told That My Skin Is Exceptionally Smooth,Dawn,"[""Mount Eerie""]",2008,Folk,Calm,english,1.613963300490483
2Y0PJlBIzrcUGAH6r9pfzh,I Have But One Heart (O Marenariello) - 78 rpm Version,The Columbia Years (1943-1952): The Complete Recordings: Volume 3,"[""Frank Sinatra""]",2013,Jazz,Calm,english,2.7206000334659604
5MH4miNvNGwqAVXGD6tfUW,I Have Seen a Light,This Night,"[""Destroyer""]",2002,Pop,Calm,english,2.0984491261263183
7FAkmMhuSUEixIMwRlCXjF,I Have Seen a Light,This Night,"[""Destroyer""]",2002,Pop,Calm,english,2.0984491261263183
7k4h1xRDVyFV6br8An9mAP,I Haven't Got Anything Better To Do,Summer Samba! - Astrud Gilberto,"[""Astrud Gilberto""]",2020,Jazz,Calm,english,1.4739318646591353
30y6skvSrTbEnuuBWLytlW,I Heard It Through the Grapevine,East/West,"[""Bill Frisell""]",2005,Jazz,Calm,english,4.504373241540429
7rQQpep6Gf9oB5zwfEF6oY,I Hold Nothing,No Flashlight,"[""Mount Eerie""]",2015,Folk,Calm,english,1.3972546563247572
1F3nA2haBgLTjpZBfntyJH,I Knew I Loved You,The Power Of Love,"[""John Tesh""]",2002,Jazz,Calm,english,1.6883759056394427
7rrKimjOCcz3QG8CAZnwu8,I Know No One,No Flashlight,"[""Mount Eerie""]",2015,Folk,Calm,english,1.204390435634913
3GW2jCCSTgwgpDrDV0VHhV,I Know Things Now - Instrumental Version,Into the Woods (Instrumental Songs Version),"[""Stephen Sondheim""]",2015,Classical,Calm,english,1.1789195358578306
0MENRETSMiaJI2ZsCQ5wUb,I Know You Were Just Saving My Life When We First Kissed But...,Wonderful Little Seed of Joy and Chaos,"[""Autumn Orange""]",2019,Electronic,Calm,english,2.4935381561745245
1LxqtNL2XLNTDM345X38NJ,I Know That My Redeemer Lives (Arr. Ronald Staheli),Songs of the Soul,"[""Lewis Edwards"", ""BYU Singers"", ""Ronald Staheli""]",2015,Classical,Calm,english,2.715738633900994
5F9jaKjBTPTOT4VanVoKXe,I Like Her Numbers,Hidden Figures - Original Score,"[""Hans Zimmer"", ""Pharrell Williams"", ""Benjamin Wallfisch""]",2017,Classical,Calm,english,2.277034758835504
3YQKFI9HZ6e2xFPYPe8lHp,"I Like You, You're Nice",Irene Kral Live,"[""Irene Kral""]",2006,Jazz,Calm,english,2.4430594372779533
5iii4acEfIHxPhEwrzCWNd,I Like the Sunrise,Wish,"[""Sutton Foster""]",2009,Classical,Calm,english,2.942388313489
36AM50rfEgxS2FofH88M0K,I Live Now as a Singer,Not Even Happiness,"[""Julie Byrne""]",2017,Electronic,Calm,english,2.4511559525448345
3IHbkrFBqD6FExgKDX18iO,I Live Now as a Singer,Not Even Happiness,"[""Julie Byrne""]",2017,Electronic,Calm,english,2.0905161093495823
3n1EOQHgfxhmnsuhJM6Ro0,I Lived On The Moon,Tales And Dreams,"[""Kwoon""]",2006,Rock,Calm,english,3.5784566665304536
5686JIHIByK72byF6SrHOz,I Lost My Wind,Song Islands,"[""The Microphones""]",2002,Folk,Calm,english,1.4733021672709232
5AlrxlJOUHJEmIJcHxOlHD,I Love (It) So Much,11 Old Songs,"[""Mount Eerie""]",2005,Folk,Calm,english,3.311230812725219
4MIPpjKWw1lLVwS6tLhis1,I Love Music,The Awakening,"[""Ahmad Jamal Trio""]",1970,Jazz,Calm,english,1.6214547260174774
7EIDrlc32If1yF7pmIdACc,I Love You More,It's Love,"[""The Softies""]",1995,Pop,Calm,english,3.5658774370758697
708yN7UlDUXKFLQySw7w2J,I Love You for Sentimental Reasons,P.S. Mr. Cole,"[""John Pizzarelli""]",1999,Jazz,Calm,english,2.0874159426288346
0Rsd2olnGMCsggnGTvky3Z,I Loves You Porgy,Quiet Now: Time & Again,"[""Oscar Peterson""]",2000,Jazz,Calm,english,1.1787159933814493
4wW7M9VvcrcaLATS0G9CXF,I Loves You Porgy,My Muse,"[""George Cables""]",2012,Jazz,Calm,english,1.6603758981992118
5PcZilLj6P2hn8dMQEp7b9,I Made a Tree on the Wold,Immolate Yourself,"[""Telefon Tel Aviv""]",2009,Electronic,Calm,english,1.437453453140603
3icSLmnxMhqKwjVoHzMHyj,I Miss You,Lost in Love,"[""SHRK"", ""CORBAL"", ""Shiloh Dynasty""]",2018,Electronic,Calm,english,4.2429183664106
0HhVeR7sZp0Il85lRsHtQH,I Miss the Stars,Out of Mind,"[""Hats Off Gentlemen It's Adequate""]",2018,Rock,Calm,english,1.9379462034306607
0y9AxM8t1iFgIUgJTnf3Cw,I Must Be Wrong,Drowsy,"[""Banes World""]",2016,Pop,Calm,english,2.0405180103272667
7wOZ5PFwl3qwArcTdVM9KM,I Must Soon Quit the Scene,The Golden Band,"[""The American Analog Set""]",1999,Rock,Calm,english,2.0425857094784186
3sJm6rviYagkROxyt6AZoR,I Need Somebody to Lean On,I Got Lucky,"[""Elvis Presley""]",1971,Rock,Calm,english,3.045918368212599
70Xa8P4q13b9DLfGZq7zVE,I Need Something Stronger,"Never, Never, Land","[""UNKLE""]",2003,Electronic,Calm,english,1.740750790362889
1jUxtjx5x5vixHqUUMsnK0,I Never Talk to Strangers,Broken Blossom,"[""Bette Midler"", ""Tom Waits""]",1977,Folk,Calm,english,2.3385449076424263
5Z6G0rNx8nRPZDBOUFTsZQ,I Never Wanted Anything More Than I Wanted You,I Never Wanted Anything More Than I Wanted You,"[""Kina Grannis""]",2020,Folk,Calm,english,2.705587263280264
6QUFqmU2xu1gXkmpbqHPsi,I Only Have Eyes For You,The Complete Savoy Master Takes,"[""Erroll Garner""]",1998,Jazz,Calm,english,2.2711244250436167
6eYq8LtSKq9JSjIxJcOm1p,I Oughta Go,Outdoor Activities,"[""Cyberbully Mom Club""]",2016,Electronic,Calm,english,0.7154635714440887
2CSrcIjIKmKDzfVrYby6x5,I Picture Myself With A Guitar,Hi How Are You,"[""Daniel Johnston""]",1983,Folk,Calm,english,2.2839938417891816
4wiiwe0PsRQE2ptd9nnkJA,I Put Red House Painters on a Mixtape for You,Matawan - Collected Works 2010-2014 (2017 Version),"[""Planning For Burial""]",2017,Rock,Calm,english,3.125576223117254
1EavEPrpJEnDe0cntHmnm1,I Really Don't Want To Know,The Best Of Eddy Arnold,"[""Eddy Arnold""]",1988,Country,Calm,english,2.4806332178760884
459iTmdnwK6Ep9d6YaEqxX,I Remember,"Love, Nancy","[""Nancy Wilson""]",1994,Jazz,Calm,english,2.4568683125274484
45oJPQDkRbRipePLcXRdEL,I Remember,Late Night Tales: Jon Hopkins,"[""Jon Hopkins""]",2014,Electronic,Calm,english,0.9054694860382746
77oWXOIDbQYcESl2JLDURV,I Remember,Side by Side by Sondheim (Original London Cast Recording),"[""David Kernan""]",1976,Classical,Calm,english,3.3285699475980377
2GEzFK3b6x4mtpwd2MneX9,I Remember .../Stranger Than You Dreamt It ... - Live At The Royal Albert Hall/2011,The Phantom Of The Opera At The Royal Albert Hall,"[""Andrew Lloyd Webber""]",2011,Classical,Calm,english,3.2549997235162027
0VLt9kP0KC2YNLS2aAJ6hb,I Saw A Maiden,Carols From Cambridge: The Very Best Sacred Christmas Carols,"[""Choir of Clare College, Cambridge"", ""Orchestra of Clare College, Cambridge"", ""John Rutter""]",2013,Classical,Calm,english,2.406363992109138
1lmsq361YTwZC9ftorAGIu,I Saw a Hippie Girl on 8th Ave,It's the Ones Who've Cracked That the Light Shines Through,"[""Jeffrey Lewis""]",2003,Folk,Calm,english,2.804110058503681
30Et1MTPTotx0n3hQuKLht,I Saw a Mighty Angel Fly,Praise to the Man,"[""Traditional"", ""The Tabernacle Choir at Temple Square"", ""Orchestra at Temple Square"", ""Mack Wilberg""]",2008,Classical,Calm,english,2.1922977009169204
4ZrcNzbnCTgvYWN7LdJ8n6,I See A Darkness,I See A Darkness,"[""Bonnie Prince Billy""]",1998,Country,Calm,english,2.285305470093271
2vCkgrqIdqbcf8Wyyp4V01,I See Your Face Before Me,The Bridges Of Madison County Original Sound Track,"[""Johnny Hartman""]",2005,Jazz,Calm,english,2.247332734776902
1EfXwWKfDWWQAIhTYN38Ot,I Shall Not Be Moved,"Complete Recordings, CD B","[""Charley Patton""]",2002,Blues,Calm,english,4.153924105146758
0TKZBTDygZ7LEdmoXh2rWa,I Should See Memphis,Crack-Up,"[""Fleet Foxes""]",2017,Folk,Calm,english,3.6750775899068766
341nbKUAxzQ4MWsAVmSpu1,I Stay in Bed These Days Too Much,Chapters of Zdenka,"[""Salami Rose Joe Louis""]",2020,Pop,Calm,english,2.371913763585121
5nvFijXUyTlKjDWTxz5m8B,I Surrender Dear,The Indispensible Django Reinhardt (1949-1950),"[""Django Reinhardt"", ""St\u00e9phane Grappelli""]",1979,Jazz,Calm,english,2.0133700915218715
5vkONPx6SPZ5j7fhiCMnvf,I Think He's Still Here With Us,Wonderful Little Seed of Joy and Chaos,"[""Autumn Orange""]",2019,Electronic,Calm,english,2.409238778570457
54ywXltRO2c0H7Rv33hJ2j,I Tried to Leave You,New Skin For The Old Ceremony,"[""Leonard Cohen""]",1974,Folk,Calm,english,2.6349598933158536
0m2FLIDx2yDYKviBgLUXyK,I Turn My Arm,Mammal,"[""Gazelle Twin""]",2012,Electronic,Calm,english,2.2873938938079537
7hOuZtJ4GbrSE5FAB1zmr5,I Understand Just How You Feel,The Home Recordings,"[""Elvis Presley""]",1999,Rock,Calm,english,1.6006840563746485
7FcvmHdH1NNpcWBPf6snTw,I Vow To Thee My Country,Battlefield V (Original Soundtrack),"[""Johan S\u00f6derqvist"", ""Patrik Andr\u00e9n""]",2018,Classical,Calm,english,2.5525863866156726
787ri36uxkNmoiPahZsXd0,I Vow to Thee my Country,Favourite Hymns from Westminster Abbey,"[""Gustav Holst"", ""The Choir Of Westminster Abbey"", ""Martin Neary"", ""Martin Baker""]",2010,Classical,Calm,english,2.5860497232612385
4mSXobBfj6GhBgPLvVWgNy,"I Vow to Thee, My Country",The Last Night of the Proms Collection,"[""Gustav Holst"", ""Della Jones"", ""Royal Choral Society"", ""BBC Concert Orchestra"", ""Barry Wordsworth""]",1996,Classical,Calm,english,3.1182477489039155
1pD85ne9clOWKO8b3gPDs6,I Wanna Feel The Chill,Afterglow,"[""Dot Allison""]",1999,Electronic,Calm,english,1.2554273530144038
1bAZV1EBTRi9t1cVg75i8t,I Want Wind to Blow,"The Glow, Pt. 2","[""The Microphones""]",2001,Folk,Calm,english,1.3588043830445269
7fZFTZF0fNLyhhiooiL9KT,I Want the Wind to Carry Me,Seasons,"[""Narrow Skies""]",2018,Electronic,Calm,english,1.3658950064514832
4K8PhCW24JAEUrwkZcN0r3,I Want the Wind to Carry Me - Delectatio Remix,Seasons: Remixed,"[""Narrow Skies"", ""Delectatio""]",2018,Electronic,Calm,english,1.9139431891170668
6zPinlrajxGFWps0hkLWX7,I Want to Tell You Something,The Long Sleep,"[""Jenny Hval""]",2018,Pop,Calm,english,2.180414123253883
4EZZN7JSDp1P12eHyxL4zS,I Was Doing All Right,Work From Home with Stan Getz,"[""Stan Getz"", ""Oscar Peterson Trio""]",2020,Jazz,Calm,english,1.6470085269620711
5ZbwVHZPqdMtVpTfAjgzhB,I Was Doing All Right,Stan Getz And The Oscar Peterson Trio,"[""Stan Getz"", ""Oscar Peterson Trio""]",1986,Jazz,Calm,english,1.6818739605961093
0oA9aZD22xNrEpCuZQavqg,I Was Glad,Sinfini Music: Best Choral,"[""Hubert Parry"", ""Waynflete Singers"", ""Winchester Cathedral Choir"", ""Timothy Byram-Wigfield"", ""Bournemouth Symphony Orchestra"", ""David Hill""]",2014,Classical,Calm,english,2.6465371808196925
1Hss8KYjeFwmr26pWtaW74,I Was a Fool,I Was a Fool,"[""Laura Veirs""]",2020,Folk,Calm,english,2.331872104933049
4JygDwvt7segPuyhgEabyk,I Watch You Sleep,Softly,"[""Shirley Horn""]",1998,Jazz,Calm,english,2.690203742745475
1D4udjI4qyTLaLSN4gzVUo,I Will Always Love You,The Best Little Whorehouse In Texas,"[""Dolly Parton""]",1982,Country,Calm,english,2.6828706851460904
7avFKB5LUwEDXlIG5haiAk,I Will Do These Things,November,"[""Azure Ray""]",2002,Pop,Calm,english,2.859899901860181
1JK57RF4YpL25N36znL61y,I Will Exalt,Without Words,"[""Bethel Music""]",2013,Pop,Calm,english,3.0057469773902348
1gkXnDINXlzBm4YUFwZuOy,I Will Exalt,Without Words,"[""Bethel Music""]",2013,Pop,Calm,english,3.008224072193083
1bUkiL0CBi2oK7oD8qCZAD,I Will Find You,The Last Of The Mohicans (Original Motion Picture Soundtrack),"[""Clannad""]",1992,Folk,Calm,english,3.37768928154076
32G9LOJyRnR4TpykCgPejK,I Will Follow Thee My Savior,The Simple Gospel,"[""Steve Darmody""]",2000,Pop,Calm,english,1.860283705615344
4PdfuNhuCOsDRoXpogcmgX,I Will Sing Forever,Acclamation,"[""Philippine Madrigal Singers""]",2006,Classical,Calm,english,2.528006603416117
2eZXif3iVaOT3Nlb9G7X78,I Wish,Dream,"[""Tuck & Patti""]",1991,Jazz,Calm,english,2.391982827016575
0M2a1wAyreALyQ1OACeKrw,"I Wish I Didn't Love You So - From the Film ""The Perils of Pauline""",Heart & Soul: Celebrating The Unforgettable Songs Of Frank Loesser,"[""Dinah Shore""]",2010,Jazz,Calm,english,2.9483180811220384
2W6JLNB4tOiP6dZBQE1ANE,I Wish I Knew,You and the Night and the Music,"[""Alan Broadbent"", ""Brian Bromberg"", ""Joe La barbera""]",2003,Jazz,Calm,english,1.0062003085799571
5UYLWEPygIy9OCiip6hw77,I Wish I Knew,The Best of,"[""Dick Haymes""]",2008,Jazz,Calm,english,1.904891704441944
1oj2Nto8zCdBcSRrQQT8Qe,I Wonder As I Wander,Christmas With Julie Andrews,"[""Julie Andrews""]",1982,Classical,Calm,english,2.9029826741361795
237NSmxduwbP3uDP7oGaP6,I Wonder as I Wander,Dulci Jubilo: Christmas With the Singers,"[""The Singers - Minnesota Choral Artists & Matthew Culloton""]",2012,Classical,Calm,english,3.629794598763836
4bfbsUnDBUbmrCT5zesFL0,I Wonder as I Wander,Christmas with St John's,"[""Carl R\u00fctti"", ""Choir of St. John's College, Cambridge"", ""Andrew Nethsingha"", ""Joseph Wicks""]",2016,Classical,Calm,english,2.789577009654173
6JTjn5qeRLEENynO82M6Kc,I Wonder as I Wander,I'll Be Home For Christmas,"[""John Jacob Niles"", ""Pl\u00e1cido Domingo"", ""Steven Mercurio"", ""Wiener Symphoniker""]",1998,Classical,Calm,english,2.564668669086971
7B2KNt6FcgaWhucdK8uGZC,I Wonder as I Wander (Arr. B. Bradford),Joyous Day!,"[""Traditional"", ""Utah Chamber Artists Choir"", ""Utah Chamber Artists"", ""Barlow Bradford""]",2010,Classical,Calm,english,2.1381318484676224
1Y7VR3D189edFFqXnKfjCb,I Would Give My Breath Away,Mysterium,"[""Hammock""]",2017,Electronic,Calm,english,2.475543055007243
0KVBOePJfYse4RLo6koXTY,I Wouldn't Treat A Dog (The Way You Treated Me) - Single Version,Dreamer,"[""Bobby \""Blue\"" Bland""]",1974,Blues,Calm,english,3.4239669512518778
7rjXt0tChlagzSMjApUfsp,I am the Bitter Taste of Gall - 2012 Remaster,Suici.De.Pression (2012 Remastered Version),"[""Thy Light""]",2007,Rock,Calm,english,3.2554823298376068
4RZ6BHVShn57XFVZWqxNz1,I love You Dawn,Making Music,"[""Bill Withers""]",1975,Blues,Calm,english,1.3617696910969332
0S8CyMHDrPEYLQ8O7oERag,I met you at the station,I met you at the station,"[""Addict."", ""Rewind""]",2020,Electronic,Calm,english,1.5538972762841392
2K97s2yd2rPUbj1pJmmRe5,I met you at the station,I met you at the station,"[""Addict."", ""Rewind""]",2020,Electronic,Calm,english,1.5538972762841392
2C7o0FitfzLYqCSN7spGFS,"Op. 51: ""I was glad when they said unto me"" (Psalm 122)",Great Choral Anthems,"[""Hubert Parry"", ""The Choir of Sidney Sussex College, Cambridge"", ""Anita Datta"", ""Rachel Haworth"", ""David Skinner""]",2013,Classical,Calm,english,2.024151280650897
5npEa6d293Irh6MswvUW44,"I was glad when they said unto me, Op. 51, ""Psalm 122""","Parry, H.: Choral Masterpieces - Songs of Farewell / I Was Glad / Jerusalem","[""Hubert Parry"", ""Manchester Cathedral Choir"", ""Jeffrey Makinson"", ""Christopher Stokes""]",2009,Classical,Calm,english,1.790038254396786
7nLHak8nJ6qwSpOnZbsWhJ,I will always love you,old songs 2014,"[""Sadness""]",2014,Rock,Calm,english,2.360527198677429
6W9PGF3Uje9XezVWjnliHj,I'd Already Be One,Hidden Figures - Original Score,"[""Hans Zimmer"", ""Pharrell Williams"", ""Benjamin Wallfisch""]",2017,Classical,Calm,english,1.969516238749455
6W8iPrQ8MS2dpzNrQfRsbK,I'd Follow You,The Way Back Home,"[""Marti West""]",2022,Folk,Calm,english,2.374946706004152
1e25rZr4aWuMQryEPHWScz,I'd Rather Have Jesus,20 Songs of Inspiration,"[""Jim Reeves""]",2014,Country,Calm,english,1.2723480615868448
1XUDruQuTgleWH237YJtYJ,I'll Be Around,Fade (Deluxe Edition),"[""Yo La Tengo""]",2013,Pop,Calm,english,1.4962690797538771
4I5kQyAYTvwHEIiZIP8B2j,I'll Be Around,Fade,"[""Yo La Tengo""]",2013,Pop,Calm,english,1.4861247466746372
5fDGmTJQnPhijhyG6tRR15,I'll Be Around,Fade,"[""Yo La Tengo""]",2013,Pop,Calm,english,1.4962690797538771
2IBsKlZL4OWR6nsRcu8ezI,I'll Be Home,Nilsson Sings Newman,"[""Harry Nilsson""]",1970,Classical,Calm,english,1.1668335859203651
1869CgF17iAFJ87DDBigKZ,I'll Be Home For Christmas,Together,"[""Michael Ball"", ""Alfie Boe""]",2016,Classical,Calm,english,2.8064133608553843
0n3hZ5hF4wWoYmuV2CQtiG,I'll Be Home for Christmas,Holiday!,"[""Crystal Lewis""]",2000,Pop,Calm,english,2.742798593517173
2vO6ZNK5wBmv4JNKI4KLzn,I'll Be Home for Christmas,Christmas 16 Most Requested Songs,"[""Johnny Mathis""]",2004,Pop,Calm,english,2.882753664459221
7dfN7KxBMzbHcdAwDf2PAa,I'll Be Home for Christmas,Personal Christmas Collection,"[""Doris Day""]",1994,Jazz,Calm,english,2.812834986486828
0eV4T44G13Y8ioJmce1GSo,I'll Be Seeing You,Martinis at Midnight: Jazz Moods with a Mellow Twist,"[""Jo Stafford"", ""Paul Weston And His Orchestra""]",2008,Jazz,Calm,english,3.080546245564824
0mnBnPllwZgW28oKJ6EOrR,I'll Be Seeing You,Swing! (Original Broadway Cast Recording),"[""Ann Hampton Callaway""]",1999,Jazz,Calm,english,2.445146687831769
4IGoottZyv9RRn69YijH5y,I'll Be Seeing You,Great Ladies Of Song / Spotlight On Dinah Shore,"[""Dinah Shore"", ""Andr\u00e9 Previn""]",1995,Jazz,Calm,english,2.569854611112207
6AhqsSbqhhvh6KoSmUUooR,I'll Be Seeing You (feat. Billy Childs),To Love Again,"[""Chris Botti"", ""Billy Childs""]",2005,Jazz,Calm,english,1.921061182636664
1GqBgYtKop7dhL7DUOmuEe,I'll Be Your Love [Theme for the World Expo Japan] (Classical Version),Yoshiki Classical,"[""YOSHIKI""]",2013,Rock,Calm,english,2.6289003061024263
5OLl9mu154TrrieSeUMLF7,I'll Count The Days,Downton Abbey - The Ultimate Collection (Music From The Original TV Series),"[""John Lunn"", ""The Chamber Orchestra Of London"", ""Eurielle""]",2015,Folk,Calm,english,2.813710074311131
33tTAREexKfNYBxtbZ156y,I'll Get By,Swing Is Here,"[""Dick Hyman""]",2012,Jazz,Calm,english,2.468273430662692
3FwQqKSOU5I754l5JbhR6b,"I'll Go Where You Want Me to Go (Arr. M.D. Nielsen for Men's Choir, Cello & Piano)",Set Apart: Beloved Missionary Hymns,"[""Carrie E. Rounsefell"", ""BYU Men's Chorus"", ""Stephanie Maynes"", ""Conlan Miller"", ""Rosalind Hall""]",2018,Classical,Calm,english,2.579405610648541
01Rc6yXYtujAnMaR1NME11,I'll Keep You Safe,I'll Keep You Safe,"[""sagun"", ""Shiloh Dynasty""]",2017,Electronic,Calm,english,2.6454799072899013
506O2O13slCAUEo6w8aqr8,I'll Keep You Safe,I'll Keep You Safe,"[""sagun""]",2017,Electronic,Calm,english,2.6608648103042047
1F4DDZS6rS1dzqcV3qsOMe,I'll Look Around,Careless Love,"[""Madeleine Peyroux""]",2004,Jazz,Calm,english,1.542805014003224
4YH3IgkWZhn0BeV6Yv9d42,I'll Make Love Good for You,Lake Placid Blues,"[""Tony Joe White""]",1995,Blues,Calm,english,2.4155646203246754
5cJjt3d5qD3zo3QnYbcJq3,I'll Never Be The Same,Pioneers Of Jazz Guitar - 1927-1939,"[""Eddie Lang"", ""Carl Kress"", ""Dick McDonough""]",1997,Jazz,Calm,english,2.70158417166512
2M9Re5PrmjjwM8kWZPuHse,I'll Never Be The Same - Live,Meditation,"[""Joe Pass""]",2002,Jazz,Calm,english,4.489041094717999
3jpwUkYOl2fFVFzZeK3l6B,I'll Never Be the Same,In Private,"[""Art Tatum""]",2010,Jazz,Calm,english,1.5321314011794935
6mFSiL7EXFOLARstlt3Sb0,I'll Never Be the Same,The Indispensible Django Reinhardt (1949-1950),"[""Django Reinhardt"", ""St\u00e9phane Grappelli""]",1979,Jazz,Calm,english,1.4611395405627754
7ACowdtjoEXK0fylAracrE,I'll Never Be the Same,Tender Trap,"[""Amanda Carr""]",2004,Jazz,Calm,english,2.5527989964634856
3z7TPTb3Ul2NzAFZTEUsdh,I'll Never Leave You,Nilsson Schmilsson,"[""Harry Nilsson""]",1971,Classical,Calm,english,2.756740739740012
7eLLHOVCIUUd0gvqJPrloL,I'll Never Let You Go (Little Darlin'),Sunrise,"[""Elvis Presley""]",1999,Rock,Calm,english,2.750575937401227
2Pi0rY9FcbaecqO0AyhXbu,I'll Never Smile Again,The Seventeen Number Ones,"[""Tommy Dorsey"", ""Frank Sinatra"", ""The Pied Pipers""]",1990,Jazz,Calm,english,2.5082937454162724
6Z8guOdLeH50WBmLOX9kJm,I'll Never Smile Again,Jazz Vocalists,"[""Tommy Dorsey"", ""Frank Sinatra"", ""The Pied Pipers""]",1997,Jazz,Calm,english,2.866846614087029
6foCVw9BzZrRSc7Dasw7xA,I'll Never Smile Again,The Essential Frank Sinatra with the Tommy Dorsey Orchestra (with Frank Sinatra),"[""Frank Sinatra"", ""Tommy Dorsey Orchestra""]",2005,Jazz,Calm,english,2.724340815700746
6veOFSmAurXuDvBoJG0gux,I'll Never Smile Again,Big Band Greatest Hits,"[""Tommy Dorsey"", ""Frank Sinatra"", ""The Pied Pipers""]",1996,Jazz,Calm,english,1.6001357027138805
4vPHHT2CTovgKPhp7WW9Ip,I'll Never Stand In Your Way,A Boy From Tupelo: The Complete 1953-1955 Recordings,"[""Elvis Presley""]",2017,Rock,Calm,english,2.096918007260237
5kfyln7l2I8pXT3ySqfXic,I'll Never Stop Loving You,Person-ified,"[""Houston Person"", ""Richard Wyands"", ""Ray Drummond"", ""Kenny Washington""]",1997,Jazz,Calm,english,1.0298932445021685
10QkE8ggTjV9CUYagdAAVd,I'll Remember April,Marsalis Music Honors Michael Carvin,"[""Michael Carvin""]",2006,Jazz,Calm,english,1.6630396652350103
57d7EP17867urAaj7vp3Tt,I'll Remember April,Songs from the Heart (Remastered 2013),"[""Johnny Hartman""]",2014,Jazz,Calm,english,2.753987481093294
3Ohfqw2dZYOAl20pxCaY17,I'll Remember April - 2004 Remaster,"Walk, Don't Run","[""Johnny Smith""]",2005,Jazz,Calm,english,1.6666073148229597
3Yl9ZPDIB7ej8MzP27sl8q,"I'll Remember April - Live at Village Vanguard, New York, NY - December 1994",Selections From The Village Vanguard Box,"[""Wynton Marsalis""]",2000,Jazz,Calm,english,4.704698092556306
5dzgidFQPCGbp5pATecduW,I'll Remember You - Live at the Honolulu International Center,Aloha from Hawaii Via Satellite (Live),"[""Elvis Presley""]",1973,Rock,Calm,english,4.858512315363777
0nScfR9BjrKw0vmtlt1c2w,I'll See You All in Hell or New Orleans,Say Goodnight to the World,"[""Dax Riggs""]",2010,Rock,Calm,english,1.5669744007003668
4ecZtDQQowrzaDUcAWYID3,I'll See You In My Dreams,The Essential Mormon Tabernacle Choir,"[""Gus Kahn"", ""The Tabernacle Choir at Temple Square"", ""Jerold D. Ottley"", ""Columbia Symphony Orchestra""]",2006,Classical,Calm,english,2.1804790120841653
4yZDs5ENqUpXzIlR3SkPPC,I'll See You In My Dreams,More Greatest Hits - 18 Best Loved Favorites,"[""Gus Kahn"", ""The Tabernacle Choir at Temple Square"", ""Jerold D. Ottley"", ""Columbia Symphony Orchestra""]",1995,Classical,Calm,english,2.1804790120841653
41ihmne8vVnvQ2XxGYJZQa,I'll Tell The World About You,Barnstorm,"[""Joe Walsh""]",1972,Rock,Calm,english,2.99483167626488
0vBeHAFOpFfzWleKnMRaEm,I'll Wind,Abbey Sings Billie,"[""Abbey Lincoln""]",2001,Jazz,Calm,english,4.8377429583184455
6PQ30208LWUAx5R5cYeIJ6,I'm A Fool To Want You,Shadows in the Night,"[""Bob Dylan""]",2015,Folk,Calm,english,2.3777970031651274
1UhdgZ0dTHaFUu5ZYnDUIx,I'm Confsssin' (That I Love You),Vol. 6 St. Louis Blues,"[""Louis Armstrong""]",1991,Jazz,Calm,english,2.0205556445317363
3CEmpsQOIiau352aXwWVUy,I'm Cool (Interlude),Stankonia (Deluxe Version),"[""Outkast""]",2020,Hip-Hop,Calm,english,2.593840524302872
3R4IgnYTITZGpGfCZ3ptkM,I'm Cool (Interlude),Stankonia,"[""Outkast""]",2000,Hip-Hop,Calm,english,2.6336146928215336
1RyqyDFFz4pInsbaNvyIXr,I'm Drunk And Confused,I'm Drunk And Confused,"[""sagun"", ""Shiloh Dynasty""]",2017,Electronic,Calm,english,2.2997524894936103
6ZGqVXaJmhbYAK2DF8mWRR,I'm Drunk And Confused,I'm Drunk And Confused,"[""sagun""]",2017,Electronic,Calm,english,2.2981323712072985
1wJl3JYS0rwr6vzghouw43,I'm Every Sparkly Woman,~~~,"[""Ana Roxanne""]",2019,Electronic,Calm,english,1.0636003761887782
3hBD6jPFwwrm7s5kGgouoe,I'm Every Sparkly Woman,~~~,"[""Ana Roxanne""]",2019,Electronic,Calm,english,1.0636003761887782
3IwSiTctL6I0fXCKACDNcD,I'm Forever Blowing Bubbles,The Creators Of Jazz,"[""Original Dixieland Jazz Band""]",2001,Jazz,Calm,english,2.231467366513532
74AWRz3NdYb6E4Ho4hlqcu,I'm Free,Young Love / No One Will Dance / Neon Gold,"[""Current Joys""]",2013,Electronic,Calm,english,2.1451426666594964
4c6DBjicWpqy8f6MtLNTyM,I'm Gay,"A Nice Night for an Evening, Vol. 2","[""Bowling For Soup""]",2019,Pop,Calm,english,3.187821153428353
2sEOGc1RbKlGJFJMkyasB1,I'm Getting Sentimental over You,From the Age of Swing,"[""Dick Hyman""]",2012,Jazz,Calm,english,1.913931986849628
3E4Q9F9fnbpJmjwAqfAdkU,I'm Getting Sentimental Over You,Ella For Lovers,"[""Ella Fitzgerald""]",2003,Jazz,Calm,english,2.3851522726723067
6NJaREYweMCtzef6l495ea,I'm Getting Sentimental Over You,"A Jazz Band Ball, Second Set","[""Terry Gibbs""]",1986,Jazz,Calm,english,1.4309453583682428
6scqISlMf8lllUpBQRFdP9,I'm Getting Sentimental Over You,Just Me,"[""Clare Fischer""]",1995,Jazz,Calm,english,0.9355306204548642
5oxtahSMSrhzeRp0zNe1BO,I'm Getting Sentimental over You,Land of Dreams 1944-46,"[""Tommy Dorsey""]",2010,Jazz,Calm,english,1.1306872393380594
1LJb4TFWAKEyy3iCyy4Gvq,I'm Glad There Is You,Sinatra Sings His Greatest Hits,"[""Frank Sinatra""]",1997,Jazz,Calm,english,2.499371950830592
6pS0PVQYaBYGkKPRxT5PEl,I'm Going to Do It,Giles Corey,"[""Giles Corey""]",2015,Rock,Calm,english,2.083835740461147
3xRApzIBfyaDhGoUSMsnkG,I'm Gonna Shave You Dry,Shave 'Em Dry: The Best Of Lucille Bogan,"[""Lucille Bogan""]",2004,Blues,Calm,english,2.2250718913274192
5nlqvAj5XNgHUNP83RGOWm,I'm Here (But It's Not Me),Weekends,"[""PacificUV""]",2012,Rock,Calm,english,2.084996180535923
1CCuGTwwTnA8EgbxMwtSFG,I'm Home,Original Album Series,"[""Al Jarreau""]",2011,Jazz,Calm,english,1.5374105056733127
3nqfpQkGSufXFcV36vYP6n,I'm Home,All Fly Home,"[""Al Jarreau""]",1978,Jazz,Calm,english,1.5374105056733127
3xoKQwBukA56jnm7025Li8,I'm Home,The Complete Reprise and Warner Albums,"[""Al Jarreau""]",2019,Jazz,Calm,english,1.5374105056733127
0eVS6yKzsNSwUUfIbg1Uuz,I'm In The Mood For Love,"The Art Tatum Solo Masterpieces, Vol. 1 [Original Jazz Classics Remasters]","[""Art Tatum""]",2013,Jazz,Calm,english,1.830569049348658
0mHmlsCBJvJyvFImge9FOf,I'm In The Mood For Love,Solo,"[""Jimmy Bruno""]",2004,Jazz,Calm,english,1.8256311010116872
6H4tFeG7D05ZJQggaEbGyV,I'm In the Mood for Love,Body & Soul,"[""Erroll Garner""]",1991,Jazz,Calm,english,1.865101166964024
09vmgx9Ds7LTC6JPWjbY9G,I'm Just A Country Boy,The Definitive Collection,"[""Don Williams""]",2004,Country,Calm,english,2.173988881048157
1fBdSiBQYuKhhg3Os0XJup,"I'm Left, You're Right, She's Gone - Live",Sunrise,"[""Elvis Presley""]",1999,Rock,Calm,english,5.01179329086013
6ID2kAZjCkilJGb041DEUO,I'm Not,Person Pitch,"[""Panda Bear""]",2007,Rock,Calm,english,2.407534767607526
6q2fAG6kBzkvgNqp6KTJCZ,I'm Not In Love,Accept the Gift of Sin,"[""Rozz Williams""]",2003,Rock,Calm,english,2.2389594523345475
7ij84WwL1gmLCetZ9fLASo,I'm Not Sheilded,I Sing Because Of You,"[""Righteous Boy""]",2003,Pop,Calm,english,1.781210799602068
0nkDKnoxjON2BnDzbwNyj5,I'm Not That Girl (Reprise),Wicked (15th Anniversary Special Edition),"[""Stephen Schwartz"", ""Kristin Chenoweth"", ""Stephen Oremus""]",2019,Classical,Calm,english,2.841298028806006
1tlfh7RSe2T39byWWM8J2L,"I'm Not That Girl (Reprise) - From ""Wicked"" Original Broadway Cast Recording/2003",Wicked (Original Broadway Cast Recording / Deluxe Edition),"[""Stephen Schwartz"", ""Kristin Chenoweth"", ""Stephen Oremus""]",2013,Classical,Calm,english,2.8409697224241857
2DZdof9VHreWvnCBAuhNr2,I'm Old Fashioned,The Art Of The Ballad,"[""Chet Baker""]",1998,Jazz,Calm,english,2.744735247913121
4YTXCgz8veqe9fC0tDR6B1,I'm Old Fashioned,It Could Happen To You,"[""Chet Baker""]",1987,Jazz,Calm,english,2.4392873696855024
1eSs3ZKTdiUmw9e2EQ3SZ6,I'm Open,No Code,"[""Pearl Jam""]",1996,Rock,Calm,english,3.086964659963646
3kfRuIyZPllSAhZxsKKlKh,I'm Sedated,Hobbly Lie,"[""Lucid Rivers""]",2013,Electronic,Calm,english,1.9320371657357804
6SvaWzaY77ObVb1m72nPkr,I'm So Glad,Lonesome Road Blues - 15 Years In The Mississippi Delta (1926-1941),"[""Skip James""]",2013,Blues,Calm,english,4.024578716379184
1pOKP1B2Pz8x3PGt8H6BwW,I'm So Lonesome I Could Cry,Platinum & Gold Collection,"[""Cowboy Junkies""]",2003,Country,Calm,english,2.167120222532549
4DOFK5Or3UFHEEQ9NzMOIP,I'm So Lonesome I Could Cry,The Trinity Session,"[""Cowboy Junkies""]",1988,Country,Calm,english,2.039705352235045
4TuGNwoLUv2cj3IVGVruuW,I'm So Lonesome I Could Cry,Best Of Cowboy Junkies,"[""Cowboy Junkies""]",2001,Country,Calm,english,2.1936425511550106
7srGqCZHy19CKOh7kWWZMR,I'm So Lonesome I Could Cry - Live,200 More Miles Live Performances 1985-1994,"[""Cowboy Junkies""]",1995,Country,Calm,english,2.545505147259908
2UIw1a9Eqg40BgosyYn7hn,"I'm Sticking With You - Live At The Family Dog, San Francisco 11-8-69",The Bootleg Series Vol.1 - The Quine Tapes (Live),"[""The Velvet Underground""]",2001,Rock,Calm,english,1.9849840572958968
4c6HPKoWD3fxo9MVn5B43q,I'm Thinking of a Number,OH (ohio),"[""Lambchop""]",2008,Country,Calm,english,2.0662166096553536
7m7uO1cWpco5WT4pu57kVj,I'm Thinking of a Number,OH (ohio),"[""Lambchop""]",2008,Country,Calm,english,2.0662166096553536
0u5MHG5TOncExQ15HujAO0,I'm Through With Love,This Is Jazz #2,"[""Chet Baker""]",1996,Jazz,Calm,english,3.749338456343149
0uC0Deej3lmVqivFFfj0sk,I'm Trying to Be Like Jesus,Consider the Lilies,"[""Roger Hoffman"", ""The Tabernacle Choir at Temple Square"", ""Orchestra at Temple Square"", ""Craig Jessop""]",2003,Classical,Calm,english,2.212202073875
2kVkks58uvl8MIoNKjrpSY,I'm a Fool to Want You,Introducing Tierney Sutton,"[""Tierney Sutton""]",1998,Jazz,Calm,english,2.662338226158058
52rPTJpzVLQCbkc0oieiAS,I'm a Fool to Want You,Lush Life,"[""Linda Ronstadt""]",1984,Country,Calm,english,2.732736364346044
1fXvxcQdz9OEe5IeNHQh72,I'm so Afraid,Fleetwood Mac,"[""Fleetwood Mac""]",1975,Rock,Calm,english,2.4576858452288293
4cCly5R5n0y76BaNSnBVbN,I'm the Jungle Man,Gon' Boogaloo,"[""C.W. Stoneking""]",2016,Blues,Calm,english,2.1255861330518044
2TzSMRC5dhynW59tThqbKW,I've Been Blue,The Home Recordings,"[""Elvis Presley""]",1999,Rock,Calm,english,3.497380072116574
1Mvd3WmF4bXlQrsnCY4Hib,I've Been Thinking About You,Losing the Interest and Trust I Had in You,"[""Flatsound""]",2010,Rock,Calm,english,2.093724332915344
6TYdJPoyHzKa1NKfO1x5pZ,I've Found You,Parkview,"[""Stephen Caulfield""]",2015,Classical,Calm,english,1.306533770366432
1sVUdtSIQ39bq0hq5vfNdQ,I've Got A Feeling I'm Falling,The Noble Art Of Teddy Wilson,"[""Teddy Wilson""]",2000,Jazz,Calm,english,1.965752759677826
4eCWN12MBQFxuc7B8G6yz2,I've Got The World On A String,The Best Of The Complete Pablo Solo Masterpieces,"[""Art Tatum""]",2003,Jazz,Calm,english,1.239884484704072
0haRWvHoJiLum4v7jQj3X3,"I've Got The World On A String - Live / Hickory House, NY / October 8, 1953",Timeless: Marian McPartland,"[""Marian McPartland""]",2002,Jazz,Calm,english,2.380582714667414
3BgK9eg2tEal7aXwaaPL6e,I've Got You Under My Skin,Mack the Knife: a Capella Classic Crooners,"[""The King's Singers""]",2018,Classical,Calm,english,2.2618928700773164
3cZkHQocZedQOgHfPPGLfk,I've Got You Under My Skin - Rudy Van Gelder/24 Bit Mastering/2001 Digital Remaster,"The Amazing Bud Powell, Vol. 2 (2001 RVG Edition)","[""Bud Powell""]",2001,Jazz,Calm,english,2.753686860156805
4jpwuZ2g5pGpKpUIuAHhCj,I've Got a Crush On You,"Music of Manhattan, 1951","[""Lee Wiley"", ""Billy Butterfield"", ""Joe Bushkin"", ""Mort Stuhlmaker"", ""George Wettling""]",2008,Jazz,Calm,english,2.860192284160652
58XqvzSBIDXNZ7IPlfEm3m,I've Got a Crush On You,"Music of Manhattan, 1951","[""Lee Wiley"", ""Billy Butterfield"", ""Joe Bushkin"", ""Mort Stuhlmaker"", ""George Wettling""]",2008,Jazz,Calm,english,2.145830697109881
6nyRGbArV18zO6WozOBON2,I've Grown Accustomed to Her Face,Anything Goes,"[""Brad Mehldau Trio""]",2004,Jazz,Calm,english,1.3272668462159882
4snDpLM2drbPpVqL1bqMt5,I. O. U. - Re-Recorded In Stereo,Twenty Great Story Songs,"[""Jimmy Dean""]",1999,Country,Calm,english,3.906907824471347
2P8AKXyCCUKu8iRwA9Roc5,III. Universe,Mount Eerie,"[""The Microphones""]",2003,Folk,Calm,english,1.6435591867559098
1hEFSN7hAyfIncyHHUHL8H,IV,Glaciers,"[""Blue Sky Black Death"", ""JMSN""]",2013,Electronic,Calm,english,1.8671601873446049
6uigfwnAYHacPgsMA9fjLH,Ice,"It Was Hot, We Stayed in the Water","[""The Microphones""]",2000,Folk,Calm,english,1.6540269794588625
7i1GDweeMVIfQghpBEVH1Y,Ice - Original OST,Borderlands 2: Complete (Original Soundtrack),"[""Jesper Kyd""]",2019,Classical,Calm,english,2.690040132565096
51VI98GuMddLCbzICGDc8V,Ice On The Trail,The Folded Palm,"[""Frog Eyes""]",2004,Rock,Calm,english,3.6920984487128297
3dv0jzVhwYMhr6FwlO0JQk,Ideality Prelude,Wake Up,"[""Swoope""]",2012,Hip-Hop,Calm,english,1.8997053088685028
1dGeyDu0bqbt7hSY7w1omx,Idolatry,"The Revenge of the Horned One, Pt. I","[""Countess""]",2001,Rock,Calm,english,3.212413083803496
63brgJhrcNFW8ncUhM1mhG,If,Atom Heart Mother,"[""Pink Floyd""]",1970,Rock,Calm,english,1.0258651540849997
6DZu1SbSDq0TNXU2wyVb4F,If - 2011 Remaster,Atom Heart Mother (2011 Remastered Version),"[""Pink Floyd""]",1970,Rock,Calm,english,1.464619684930917
3dZSZyyaI3EAmh01hCs0qB,If Ever I Recall Your Face,Currency Of Man,"[""Melody Gardot""]",2015,Jazz,Calm,english,2.081895244570965
2NXDiOkPqRtXNsnFqyVmyM,If I Can't Love Her,Beauty And The Beast: The Broadway Musical,"[""Terrence Mann""]",2006,Classical,Calm,english,2.5227536540775706
4vgazwtDyDVyHjQco4Ngs1,If I Can't Love Her (Reprise),Beauty And The Beast: The Broadway Musical,"[""Terrence Mann""]",2006,Classical,Calm,english,2.7748633255170425
3XX7dBFxlcSnK1mbktn4Wu,If I Could Be with You One Hour Tonight (with Count Basie & His Orchestra),"The Essential Count Basie, Vol. I","[""Helen Humes"", ""Count Basie""]",1987,Jazz,Calm,english,4.10020706853003
0tZu6VzaDFh2RI0Sm1FIUD,If I Could Sing Your Blues,The Ultimate Demonstration Disc,"[""Sara K.""]",2013,Jazz,Calm,english,2.256677117881156
34x5QJcLfTL9n8AiOAA7IN,If I Could Sing Your Blues,PLAY ON WORDS,"[""Sara K.""]",1994,Jazz,Calm,english,3.2464495338721537
6K9WEbOlgLVbPrp7yRtQ8p,If I Could Sing Your Blues,No Cover,"[""Sara K.""]",1999,Jazz,Calm,english,2.3134231255950044
6FIqWy9EfdeTBIcV10DCcX,If I Didn't Care,The Shawshank Redemption,"[""Jack Lawrence"", ""The Ink Spots""]",2009,Country,Calm,english,2.5280202993861165
7c3fFKp7pqHIFkwJLzFLLy,"If I Ever Fall In Love Again - From ""The Crooked Mile""",The Songs That Got Away,"[""Sarah Brightman""]",1989,Classical,Calm,english,2.6787099753953587
2MUS99StIaqE4stDqQbRW8,If I Had You,Swing Is Here,"[""Dick Hyman""]",2012,Jazz,Calm,english,1.5966839287524748
3d7hTcbY0mEShPMOHBda4v,If I Had You,In Harvard Square,"[""Lee Konitz""]",1993,Jazz,Calm,english,1.879267382420758
6mKPxcSR4Mq9kpVI8zcLyq,If I Had You,The Noble Art Of Teddy Wilson,"[""Teddy Wilson""]",2000,Jazz,Calm,english,1.2583209362081675
5LAb4wKoubBkaWeptpeuju,If I Loved You,The Home Recordings,"[""Elvis Presley""]",1999,Rock,Calm,english,2.8088190996793307
6BqfZyUFnGf4RtsJwyJQ0J,If I Loved You,The Man With The Mandolin,"[""Dave Apollon""]",1997,Country,Calm,english,2.5511083922247386
4tPGkMnwztafdrxJMd8qKs,"If I Loved You - from ""Carousel""",Frank Sinatra Sings Rodgers & Hammerstein,"[""Frank Sinatra""]",1996,Jazz,Calm,english,2.8114462827293982
0uieWyFHTr69UygRROsQFB,If I Only Had A Brain,20,"[""Harry Connick, Jr.""]",1988,Jazz,Calm,english,2.625688209411429
1mP8ieSHjAoMN7CBddHeUT,If I Only Had A Match,The Columbia Years (1943-1952) The Complete Recordings,"[""Frank Sinatra""]",1993,Jazz,Calm,english,2.790858552139811
3smklrnltke4Vi7KfsLOaL,If I Sing,Closer Than Ever (Original Off-Broadway Cast Recording),"[""Richard Maltby Jr."", ""David Shire"", ""Richard Muenz"", ""Patrick S. Brady""]",1990,Classical,Calm,english,2.5806849895773256
3I9BfY63jj9JTOfddJfN4h,If I Was Dead,The Nerado Black Sessions,"[""Vagenda"", ""Hatsune Miku""]",2016,Electronic,Calm,english,2.572868161834547
0ZxQR6yR0xfP1j1eJ4DJMy,If I've Been Fooled,All of It Was Mine,"[""The Weather Station""]",2011,Folk,Calm,english,2.3989376297080223
3yleU07co36f9DuL1wC5Hv,If It's Magic,Pure Tuck & Patti,"[""Tuck & Patti""]",1988,Jazz,Calm,english,2.234807502868991
4GCKcuTgPIy5ckvEvwMkNU,If It's Magic,I Thought About You,"[""Christy Baron""]",1997,Jazz,Calm,english,2.5427394446522817
6YhmvBoPX4l1WnpxymStsI,If Not I'll Just Die,Mr. M,"[""Lambchop""]",2012,Country,Calm,english,1.7665918297213856
2nz2Q0kl86vKCQ44u0gkhQ,If Only,Why The Innocent Die Young,"[""Dethcentrik""]",2011,Rock,Calm,english,2.280201530057792
0YFx8UwN0pXkqIYd6k0Ah5,If The World Was Ending,If The World Was Ending,"[""Lofi Fruits Music"", ""Chill Fruits Music""]",2021,Electronic,Calm,english,1.6012098153413736
16dgc9hSvY04LLsxztxF9P,If You Could Hie to Kolob (Arr. R. Staheli),We Sing of Christ: The Songs of Zion,"[""Traditional"", ""BYU Singers"", ""Ronald Staheli""]",2015,Classical,Calm,english,3.170315490767817
1F6YDAoqqaVay2ATIe3qEl,If You Could See Me Now,Ballad Essentials,"[""Kenny Burrell""]",2005,Jazz,Calm,english,0.7882873917796778
1zIzpnKUpjhyVMZS0JUqFQ,If You Could See Me Now,Then and Now,"[""Red Rodney""]",1992,Jazz,Calm,english,2.1444897138075567
1yGTwR9AcrzQ67JGnwO3jZ,If You Stayed Over,Days To Come,"[""Bonobo"", ""Fink""]",2006,Electronic,Calm,english,1.720884068959477
6N9eRWr9ygGS9mEiCkvBGe,If You Want Peace Prepare for War,Axis of Eden,"[""TODAY IS THE DAY""]",2007,Rock,Calm,english,4.124589708993122
6aMZHDwiLLGrguJ2pUjdEs,If You Would,Roots & Crowns,"[""Califone""]",2006,Country,Calm,english,2.781514832399185
0R3m8dW7iradXMc0ROAzuC,If You'll Be a Baby to Me,Hanky Panky,"[""The The""]",1995,Pop,Calm,english,2.2206414162900248
5HZscDzXb572SdmTu2xUgq,If in Winter (100 Lovers),Some Things Just Stick In Your Mind (Singles And Demos 1964 To 1967),"[""Vashti Bunyan""]",2007,Folk,Calm,english,2.0240088971397974
4jsLE0p2SmXM8i9RGbbf4h,If You Could See Me Now,Bill Evans: His Last Concert in Germany with Marc Johnson and Joe LaBarbera,"[""Bill Evans"", ""Marc Johnson"", ""Joe LaBarbera""]",2003,Jazz,Calm,english,1.4687041052885337
6R5zx6937yNXi8jqasrT9D,Ill Wind (You're Blowin' Me No Good),Tony Bennett On Holiday: A Tribute To Billie Holiday,"[""Tony Bennett""]",1997,Jazz,Calm,english,2.6954908493699747
388aOmpU3A4n8fyTPfVpgn,Imagination,20,"[""Harry Connick, Jr.""]",1988,Jazz,Calm,english,2.474978123320186
4RD3mtQSI8RilrEy2DIyuS,Imagination,16 Most Requested Songs,"[""Kate Smith""]",1991,Pop,Calm,english,2.40038880939163
5bttUhX2smfy7urwlidPfG,Imagination,Imagination,"[""CORBAL"", ""Patient Zero"", ""Shiloh Dynasty""]",2018,Electronic,Calm,english,3.8731225656588566
1jzZvd5Xagwl4tC3kYVUxK,Imagine,The Persuasions Sing The Beatles,"[""The Persuasions""]",2002,Pop,Calm,english,2.792339093543008
4Do5mElv0wvfcAem1W1jC2,Imagine,Imagine - Single,"[""Gonzalo Rubalcaba""]",2012,Jazz,Calm,english,6.138821058175476
75mMC2cnD58FHOrMGmxf6i,Immortality,~~~,"[""Ana Roxanne""]",2019,Electronic,Calm,english,1.628809557526472
1WOxGNutRwrbik8BA5f2AY,Immunity,Immunity,"[""Jon Hopkins""]",2013,Electronic,Calm,english,1.298354639946921
2pQV1J8zokISM1Ew5uSGI1,Immunity,Immunity,"[""Jon Hopkins""]",2013,Electronic,Calm,english,1.2985256716736808
2APnuyRhkndDn1PNrtvgC9,Important Signals Will Break The Darkness (This I Hope),The Folded Palm,"[""Frog Eyes""]",2004,Rock,Calm,english,1.8464102359102428
4IobGgSRBLAawpbXZAZztg,"Impromptu No. 1 in A-Flat Major, Op. 29",Refreshing Piano,"[""Fr\u00e9d\u00e9ric Chopin"", ""Makiko Takeda""]",2022,Classical,Calm,english,1.8337910959241213
0X2hccY9m1D9ICGZLkvpBP,In A Beautiful Place Out In The Country,In A Beautiful Place Out In The Country,"[""Boards of Canada""]",2000,Electronic,Calm,english,2.1342074981855883
1ilA1w8ewwREeAEHY2rqKa,In A Beautiful Place Out In The Country,In A Beautiful Place Out In The Country,"[""Boards of Canada""]",2000,Electronic,Calm,english,2.096910776880029
0LdmVjoFZZRXzKyzCHcm4t,In A Sentimental Mood,Blue Sun,"[""Mark Isham""]",1995,Classical,Calm,english,0.6891527861672694
0fu7NhrdALuxy62HhVYORu,In A Sentimental Mood,Another Shade of Browne,"[""Tom Browne""]",1996,Jazz,Calm,english,1.6226001822502447
0kKlkooOp20LqdvyCylSDQ,In A Sentimental Mood,The Tom Browne Collection,"[""Tom Browne""]",2003,Jazz,Calm,english,1.6076863745653247
1uJDo7tzY6pDcZx3kZrKx5,In A Sentimental Mood,Tribute To The Masters,"[""Bobby Shew""]",1995,Jazz,Calm,english,1.916799986420345
2bUhGBPVGd6G66LZ2tnfo8,In A Sentimental Mood,Beegie Adair Collection,"[""Beegie Adair""]",2020,Jazz,Calm,english,1.8106247592478764
4b9m63qwP0Ev8jFuw4aAOK,In A Sentimental Mood,African Magic,"[""Abdullah Ibrahim""]",2002,Jazz,Calm,english,2.3572519449019618
5I0PyDPmeG5iyGzHeon3iL,In A Sentimental Mood,Moonlight Serenade,"[""Glenn Miller""]",1991,Jazz,Calm,english,1.816024174049813
5tevSQAbHkk5LKfTMxkEb0,In A Sentimental Mood,Lucky So and So,"[""Kenny Burrell""]",2001,Jazz,Calm,english,1.2831286286427477
2wDzLfR9SYNQyvjl1KYlbN,In Christ Alone,Smooth Worship,"[""Sam Levine""]",2010,Jazz,Calm,english,1.7704538727526602
4gudsNkMVrlKVBmwyi9CAS,In Contempt of Life,Rudiments of Mutilation,"[""Full Of Hell""]",2013,Rock,Calm,english,3.7385464522970966
52tbeXJx7S4WFVgM7eFYzz,In Dulci Jubilo,Carols From Trinity,"[""Traditional"", ""The Choir Of Trinity College, Cambridge"", ""Richard Marlow""]",1995,Classical,Calm,english,2.7926838444193027
2tpDezeQI0N0GdgxyIlAP4,In Fulminic Blaze,Bless Them That Curse You,"[""Mamiffer"", ""Locrian""]",2012,Rock,Calm,english,2.938508835312112
2si8sbFZgQD1vXgTHTVuDQ,In Germany Before the War,Undercard,"[""The Extra Lens""]",2010,Folk,Calm,english,1.096836639616681
4hVKhV819OSlab9wimkyAl,In Grandeur and Frankincense Devilment Stirs,Godspeed On The Devil's Thunder,"[""Cradle Of Filth""]",2008,Rock,Calm,english,3.976821053577793
1O9YLtUoxI6GecWg9imdET,In Heaven (Lady in the Radiator Song),Eraserhead Soundtrack,"[""David Lynch"", ""Alan R. Splet""]",2012,Electronic,Calm,english,2.481493206374873
3FDjGNaoVTcOCWogC6BULo,In Heaven (Lady in the Radiator Song),Eraserhead Soundtrack,"[""David Lynch"", ""Alan R. Splet""]",2012,Electronic,Calm,english,2.5873475727929995
1HBhaXKa9MlSTJ3PCw6Xic,"In Moonlight (""Canto Popolare""), Op. 50",Elgar: Nursery Suite; Serenade for Strings; Dream Children; Sospiri; Elegy,"[""Edward Elgar"", ""English Chamber Orchestra"", ""Paul Goodwin""]",2001,Classical,Calm,english,2.546929131295361
4bldw7te0ETMwhn6HbPxDk,In My Dreams,Paradise,"[""ANOHNI""]",2017,Pop,Calm,english,1.881786686648285
6KhroNTZ5yQxNNvEJoxS2R,In My Garden,Children of God/World of Skin,"[""Swans""]",2003,Rock,Calm,english,0.8356076088918437
4TcwetEa2cszEHAbUpG4dM,In My Last Mourning... - 2012 Remaster,Suici.De.Pression (2012 Remastered Version),"[""Thy Light""]",2007,Rock,Calm,english,3.483384912253649
14SBWK1wvWIvh82Fzv1LQG,In My Life,Les Misérables (Original Broadway Cast Recording),"[""Judy Kuhn"", ""Colm Wilkinson"", ""David Bryant"", ""Frances Ruffelle""]",1987,Classical,Calm,english,2.644127395749185
3BWCdeHYJvExqY0ZaRsWqG,In My Life,Learning How To Fly,"[""Tuck & Patti""]",1995,Jazz,Calm,english,2.3127393838309835
2ojR9MoNa3zUHhcov3oUV7,In My Mother's Eyes,Somewhere over the Rainbow,"[""Willie Nelson""]",1981,Country,Calm,english,2.456235921439025
6PSTHwm9EkolEyIRUPZSyB,In My Other World,Counterfeit 2,"[""Martin Gore""]",2003,Electronic,Calm,english,2.8091681338752266
7KC9Z7Aezz462Kcx9URdo4,In My Other World,The Voice Of Love,"[""Julee Cruise""]",1993,Pop,Calm,english,1.710033953104093
4JIGrn55PH4BNnoofFKnYc,In My Time of Need,Heartbreaker,"[""Ryan Adams""]",2000,Country,Calm,english,2.6213200747858525
2FnHMItLWhhPIxXeRC1lCe,In Noctem,Harry Potter and the Half-Blood Prince (Original Motion Picture Soundtrack),"[""Nicholas Hooper""]",2009,Classical,Calm,english,2.200328388700484
6e8nseocr63PBwDHjR9YDb,In Noctem,Harry Potter and the Half-Blood Prince (Original Motion Picture Soundtrack),"[""Nicholas Hooper""]",2010,Classical,Calm,english,1.6080861815570626
1CgbM10ygltCS5FhmFtoXg,In Our Blood,Clearing the Path to Ascend,"[""YOB""]",2014,Rock,Calm,english,3.615643152434493
7bSKL34lqan1j58L1VWjsA,In Places on the Run,The Dream Academy,"[""The Dream Academy""]",1985,Classical,Calm,english,0.6856357754862674
43RQYnGPBbRUNZumRFYFB6,"In Plenty And In Time Of Need (Barbados): Barbados [Barbados National Anthem, ""In Plenty And In Time Of Need…""]","National Anthems Of The World, Vol. 1: Acadia - Botswana","[""Slovak Radio Symphony Orchestra"", ""Peter Breiner"", ""Roland Edwards""]",2006,Classical,Calm,english,1.3129188682588615
3dbKMKZjmjYaFfW5KdRN8q,In Search of Peter Pan - 2018 Remaster,Lionheart (2018 Remaster),"[""Kate Bush""]",1978,Pop,Calm,english,0.7435719825012083
218OK5FmAqhzvKzBtGIJ5d,In Sickness and in Health,The Whispering Wall,"[""The Legendary Pink Dots""]",2004,Rock,Calm,english,1.92166537362313
0ExxasuDSsnB9cY0KUvaLD,In Tenderness,Sing On!,"[""The Sing Team""]",2017,Folk,Calm,english,2.79055825712203
4eJxtQVzGT7yAXOSyDVrcR,In The Air Tonight,Seriously Orchestral - Hits Of Phil Collins,"[""Royal Philharmonic Orchestra""]",1991,Classical,Calm,english,1.3843747365639198
5PYQ1eagcUZqqOhq0U6tEt,In The Air Tonight,Solstice,"[""Scala & Kolacny Brothers""]",2016,Classical,Calm,english,1.6440925762945682
15KH6sqO8VxNl5nwVARxjF,In The Arms Of An Angel,Country Serenity,"[""Phil Coulter""]",2006,Folk,Calm,english,1.3362926618096604
0iYKHMyRUmKHXgexjHeHhp,In The Arms Of The Angel,Serene Classics,"[""Phil Coulter"", ""Sarah McLachlan""]",2014,Folk,Calm,english,1.212351102645125
2kL2ZHg4P45Rr9FesayS9M,In The Bleak Mid Winter,Christmas Celebration,"[""Gustav Holst"", ""Winchester Cathedral Choir"", ""David Hill""]",1990,Classical,Calm,english,3.6951825170599695
32H2dgT4qnkjAh4j0cCZDy,In The Bleak Midwinter,Gabriel's Message: One Thousand Years Of Carols,"[""Worcester Cathedral Choir"", ""Christina Rossetti"", ""Gustav Holst""]",1999,Classical,Calm,english,3.64444141928152
4gYzQ2vYJoXCBUGXAA4SLP,In The Bleak Midwinter,Jerry Christmas,"[""Jerry Douglas""]",2009,Country,Calm,english,1.869458238267912
6K3rzSjHO3Ikrzyip4A22G,In The Bleak Midwinter,My Heart Is Ever Present,"[""Gustav Holst"", ""Tine Thing Helseth""]",2009,Classical,Calm,english,1.796728332063442
4XEsGR1qDVP1OfZ5zFE8Dh,In the End (Reprise),Deeper,"[""JJ Heller""]",2011,Folk,Calm,english,4.142490725671351
4HCJJSzw6laM0yKTZ6o4tZ,In The Mood For Love,Woody Allen et la musique,"[""Erroll Garner""]",2011,Jazz,Calm,english,2.126094439310309
2IxL176P4Q3vwzG1fjkIcA,In The Singing Box,Danse Manatee,"[""Animal Collective""]",2001,Rock,Calm,english,2.135646510955993
0CCwYY0oE0ircQzXiNdE0y,In The Still Of The Night,The Shearing Piano,"[""George Shearing""]",2001,Jazz,Calm,english,1.053536173627473
6odpsmNDoCyoPlfAi4nKVP,In The Still of the Night,Night and Day: The Cole Porter Album,"[""Cole Porter"", ""Bolcom & Morris""]",1991,Jazz,Calm,english,1.2680501298421007
2Xr4UFNPFAeY3g9Jq4V9W0,In Vain,The Gates,"[""Talsur""]",2017,Rock,Calm,english,1.987027965448436
0odOKHt2gzxUuUuoeWt6lq,In Your Dark Pavilion,Introducing My Dying Bride,"[""My Dying Bride""]",1993,Rock,Calm,english,2.654335128114598
0fyz6xEI22GZcdljqT7UqH,In Your Eyes,Bloom,"[""Mree""]",2020,Electronic,Calm,english,2.697033289776553
1Eeog3AUK3Gphd1Jjdb7Xn,In Your Veins,Behind The Music,"[""The Soundtrack Of Our Lives""]",2001,Rock,Calm,english,2.1392547161844675
3KOXRwZnGTjTiWiXk5Nktl,In a Beautiful Place out in the Country,Late Night Tales: Nils Frahm,"[""Boards of Canada""]",2015,Electronic,Calm,english,2.096910776880029
072QouX5M0Q61FKje87Y1y,In a Sentimental Mood,The Fabulous Benny Goodman,"[""Benny Goodman""]",1999,Jazz,Calm,english,2.089721989645944
0DDWRwfOrIJ4uhI8NGzAUg,In a Sentimental Mood,Sentimental Songs,"[""Sarah Vaughan""]",2019,Jazz,Calm,english,2.508769945458325
2Jbf3D4EqSE1Twk8Y0zDbS,In a Sentimental Mood,Romance Jazz Style,"[""Sarah Vaughan""]",2016,Jazz,Calm,english,2.508769945458325
54UCHdz61P74mrJxmrahQl,In a Sentimental Mood,Magnetic,"[""Steps Ahead""]",1986,Jazz,Calm,english,2.0966355934239904
6GszvBZdYnxeMrDIMBLEfI,In a Sentimental Mood,The Essentials: Dr. John,"[""Dr. John""]",2002,Blues,Calm,english,3.239246338126115
0HMUkudFeuc1pxHRdrtVvx,In a Sentimental Mood,The Birth Of Swing,"[""Benny Goodman""]",1991,Jazz,Calm,english,2.6423050577843914
0rRoLXSEkkdn7PyOQxQgd2,In a Sentimental Mood,Falling In Love With Benny Goodman,"[""Benny Goodman""]",1999,Jazz,Calm,english,2.1727125399438605
5xoNUOFetIenhbHbLLIh1F,In a Sentimental Mood - 1997 Remaster,After Hours,"[""Sarah Vaughan"", ""Malcolm Addey""]",1997,Jazz,Calm,english,3.05781550967563
5pFhsIfbzf3pwfoZZ3B7x9,In a Sentimental Mood - 2004 Remaster,"Walk, Don't Run","[""Johnny Smith""]",2005,Jazz,Calm,english,0.8493616710362618
4NQ78nQOZmxOslWVg8botA,In a Stage Whisper,Foolish (Remastered),"[""Superchunk""]",1994,Rock,Calm,english,3.1139770017106745
1JMxfx4CViLatXHn2acAhr,In a Tin Flask,1,"[""The Black Heart Procession""]",1998,Rock,Calm,english,1.5758701475493788
1jADeKvtECNhKmWLxQbrUZ,In a sentimental mood,Stable Mable,"[""Dexter Gordon""]",1975,Jazz,Calm,english,1.8607362700038768
1sfo3qVsJzpYVinXLEYJ6s,In the Absence of You,Beach,"[""Beach""]",2018,Rock,Calm,english,2.855656231247814
6UO81dkkF3DVFdPb3Sqn9g,In the Arms of Love,In the Arms of Love: Lullabies 4 Children & Adults,"[""Ottmar Liebert""]",2002,Folk,Calm,english,2.4621647254472587
38fvJTGyEdjLh6YTwp81Io,In the Bat's Mouth,No Flashlight,"[""Mount Eerie""]",2015,Folk,Calm,english,1.475260446989455
02YOIR8Z5fCtxBPyk1Q07a,In the Beginning,The Songs of Distant Earth,"[""Mike Oldfield""]",1994,Rock,Calm,english,1.9729921845062868
5aUOpt1dpbzdMl4RioywPs,In the Bleak Midwinter,Christmas With Julie Andrews,"[""Julie Andrews""]",1982,Classical,Calm,english,3.130496388492726
5bzcOvH44AGWMae2OA6X3e,In the Bleak Midwinter,Harold Darke: In the bleak midwinter,"[""Harold Darke"", ""Choir of King's College, Cambridge"", ""Daniel Hyde"", ""Matthew Martin"", ""Owen Elsley""]",2021,Classical,Calm,english,2.552354540971248
4a0npy6TddlwGKXNQI0Ixx,In the Bleak Midwinter (Arr. Gjeilo),Winter,"[""Gustav Holst"", ""VOCES8""]",2016,Classical,Calm,english,2.0011786585932647
0KGkv53JTo90pwIcxadgQN,"In the Bleak Midwinter, H.73, No. 1","Holst: St. Paul's Suite, Fugal Concerto f. Flute, Oboe and Strings","[""Gustav Holst"", ""Ross Pople"", ""London Festival Orchestra""]",1996,Classical,Calm,english,1.9795648980397047
5tyyRvtxt9nnOk6ryP2s4i,In the Dirt,All We Grow,"[""S. Carey""]",2010,Folk,Calm,english,2.0880107859482395
55l3BjenyQ5vX2tgfSO5ZY,In the Garden,Suspicious Minds: 60 Greatest Hits of Elvis Presley,"[""Elvis Presley""]",2020,Rock,Calm,english,2.9063006950628854
1P3H253BnD2CIxRqcqBdhb,In the Ghetto,Burning Love: 40 Greatest Hits of Elvis Presley,"[""Elvis Presley""]",2020,Rock,Calm,english,1.7279881029520945
6sey6J5JcJ3eQf9iIfhtog,In the Ghetto,Suspicious Minds: 60 Greatest Hits of Elvis Presley,"[""Elvis Presley""]",2020,Rock,Calm,english,1.7279881029520945
4Ki4zCLUwUPmIbBRZqOCMl,In the Ghetto - Take 1,American Sound 1969,"[""Elvis Presley""]",2019,Rock,Calm,english,2.434303948370862
3iKvWwDxVxJzJPTSuQWTfr,In the Gloaming,Heartsick,"[""Lonesome Wyatt and the Holy Spooks""]",2011,Rock,Calm,english,1.8759757550876064
1udTQWXcQVjKVoUx8yrVyw,In the Hate of Battle,Nocturnal Poisoning,"[""Xasthur""]",2002,Rock,Calm,english,3.2624315866340323
0WRyYwH60dI9pJSS3JIhgk,In the Light of Time,Further,"[""Flying Saucer Attack""]",2000,Rock,Calm,english,3.3404182732068763
3v2BUFoE3vKUHdv4sL6W1E,In the Night,Loved,"[""Cranes""]",1994,Rock,Calm,english,2.200250384145705
3vqGSm12cnsQ737WNzSAxZ,In the Sun,Cranberry,"[""Hovvdy""]",2018,Electronic,Calm,english,2.159361956176929
0juTTPOjGBsL3th755EVF5,In the Void,Offertorium,"[""Talsur""]",2017,Rock,Calm,english,2.4719473042865934
7EtZ0I5uTvbLDMvDrCMQXg,In the Wake of Moments Passed By,Wistful,"[""Sylvaine""]",2016,Rock,Calm,english,3.662623411796111
6Gtup6gYzYfaZVG8rOikj2,In the bleak midwinter,Christmas Chill - The Ultimate Collection,"[""Gustav Holst"", ""Worcester Cathedral Choir"", ""Donald Hunt""]",2008,Classical,Calm,english,3.568357700588153
7h70fwvnBPA1JmqmMSQvi5,In the bleak midwinter,"Fair with Her Firstborn: Carols, Chant, and Polyphony for Christmas","[""Gustav Holst"", ""The Tudor Choir"", ""Doug Fullington""]",2010,Classical,Calm,english,3.06346048571464
4oPhtspO3MGLfKfRRB2nMd,Inclined,Another Day Down,"[""Tapping The Vein""]",2009,Rock,Calm,english,2.466568710463548
4xJafs0SCHPApvX2YYVU3N,Incubation/Metamorphosis,Touched,"[""Nadja""]",2007,Rock,Calm,english,2.7261723204395003
0cvGFSUtfUjDyJFoklvUFx,Incubo 1,Nightbreed of Macabria,"[""Theatres Des Vampires""]",2004,Rock,Calm,english,2.116982051257626
7lh7wdpUrihOxndegGEwly,Incunabula,Love Songs,"[""Winterpills""]",2016,Rock,Calm,english,1.645822307059122
4zFZ60DJSpMlR0MEhM8p8M,Indescribably Blue,The Home Recordings,"[""Elvis Presley""]",1999,Rock,Calm,english,1.3992499358444237
0UqJ6MI4b2oCiMopuhK9aS,Indian Queen - Demo,Flashback,"[""Electric Light Orchestra""]",1972,Rock,Calm,english,1.3414109928003457
31AIppJ3ugz3F0wmdtYy45,Indian Summer,Indian Summer,"[""Dave Brubeck""]",2007,Jazz,Calm,english,2.51094158617276
4KQFsGKcdepGYkCyfXv1Cx,Indian Summer,Skylark,"[""Paul Desmond""]",1973,Jazz,Calm,english,1.6114715030275832
6DMhDhBkFMQswwdg7V4IPV,Indian Summer,Duke Ellington Presents… (Remastered 2014),"[""Duke Ellington""]",2014,Jazz,Calm,english,1.6384869030199345
4jeVin6X9A0QI4f8GYGl1D,Indian Summer - 1989 Remastered,Popular Recordings,"[""Victor Herbert"", ""Al Dubin"", ""Glenn Miller""]",1989,Jazz,Calm,english,1.8622767082799765
42d2MJdMq7wzdiKG5J5c0Z,Indian Summer - alt. take,Skylark,"[""Paul Desmond""]",1973,Jazz,Calm,english,1.424322139742315
5S1Dx0DalOtXpvR4nNZfwR,Indigo,Indigo,"[""Voyageur""]",2022,Folk,Calm,english,1.7848381577965615
0fZC1Ao8CtNYp545g2v0lp,Infamous Butcher,Volume 1,"[""Amigo the Devil""]",2018,Folk,Calm,english,2.6040479308951947
5ZFkSU8hrMzsIdn3F2cMXR,"Infant Holy, Infant Lowly",Carols from King's,"[""Traditional"", ""Choir of King's College, Cambridge"", ""Stephen Cleobury""]",2012,Classical,Calm,english,3.11607333465808
40qVhkRS0yLMMaQedxU2PU,Infatuation (Midnight Zone),OIL OF EVERY PEARL'S UN-INSIDES NON-STOP REMIX ALBUM,"[""SOPHIE""]",2019,Electronic,Calm,english,2.59975036035177
2Nqn5AvS7xrQP8K1kTe4WE,Inferno,From the Graveyard,"[""1782""]",2021,Rock,Calm,english,2.599063264729524
0ITJ7JhWNTe5dRFPmGtQ12,Infinite Wisdom Tooth / My Last Night In Bed With You,My Bloody Underground,"[""The Brian Jonestown Massacre""]",2008,Rock,Calm,english,2.2730193322196777
6THV8mOV36xeJMYXbavhlc,Inhale (feat. CoMa),Icarus (feat. CoMa),"[""Synthetic Epiphany""]",2013,Electronic,Calm,english,1.7201072164294091
1bezbp72R72Ft7Nr7OvvDA,Inhale With Da Devil,Season of Da Siccness,"[""Brotha Lynch Hung""]",1995,Hip-Hop,Calm,english,1.949059718573015
4Op0LhQ8hqYTVs0RIH1knC,Inner Prayer,Voyage,"[""Youn Sun Nah"", ""Lars Danielsson"", ""Ulf Wakenius"", ""Xavier Desandre Navarre"", ""Mathias Eick""]",2009,Jazz,Calm,english,1.8657889102180103
24o99q3GGqLklIoVyjSfRv,"Innermost, Lowermost Abyss",Hearts of No Light,"[""Schammasch""]",2019,Rock,Calm,,2.1006714667902857
6pMPPPpLRhVHI0z7mdL61e,Innh Dahhh,Slowdance EP,"[""Matthew Dear""]",2011,Electronic,Calm,english,2.4725602894864664
5gEhete3dUFPQCMuSR8Jtq,Innocence Sleeping,A Distant Bell,"[""Caroline Lavelle""]",2004,Folk,Calm,english,2.807029364367501
2UZzbyTxmeuVtBA8OrFerz,Innocent When You Dream (78),Franks Wild Years,"[""Tom Waits""]",1987,Folk,Calm,english,2.478624009604312
1cagTaV0GXjCDa6vefPQwq,Insanity Reigns Supreme,Retrospective 1988-1991,"[""Prophecy of Doom""]",2019,Rock,Calm,english,3.35931242838788
4AXEV8FKCtuluMYuEOwR04,Inshallah,57TH & 9TH,"[""Sting""]",2016,Rock,Calm,english,1.638578792469087
2TwqLvoeHpWipZn9weYv82,Inside,Co2,"[""Colour Haze""]",2000,Rock,Calm,english,1.086810200239646
4hPmN6lJ6IR6VIf6gXQChH,Inside Fort Meade,The Beyond,"[""Cult Of Luna""]",2003,Rock,Calm,english,2.8601628287500724
47WhS6SrW8kFeJC4XEDEV6,Inside Looking Out,Mark Hollis,"[""Mark Hollis""]",1998,Rock,Calm,english,2.3332959226841905
0Nfh7PQPK6vn7jjkyFd3Nh,Inside Silvia,Working Class Dog,"[""Rick Springfield""]",1981,Pop,Calm,english,1.9572487530532887
7b0daJc3qGLfwBGpNP73Eo,Inside You,One Bad Habit,"[""Michael Franks""]",1980,Jazz,Calm,english,2.0776656526633634
4fSA4Q5wIGKmCkDAKTfwgc,Inspector Gadget,Tangerine Reef,"[""Animal Collective""]",2018,Rock,Calm,english,2.633361002152278
2aTBpRQgcbcIa5XWR1bsB0,Inspirational,Red Apple Falls,"[""Smog""]",1997,Rock,Calm,english,1.4390164008549462
6KtzgMp9buurtR1woK6IeN,Insurgentes,Insurgentes (2016 Remaster),"[""Steven Wilson""]",2008,Rock,Calm,english,1.2619477486360242
1qSNKIVLtI7JI8Mzm8qgbx,Insurgentes (2016 Remaster),Transience,"[""Steven Wilson""]",2016,Rock,Calm,english,1.218919245398296
4vpaz6338VqJIeJHq6z2mU,Interlude,Three Cheers for Sweet Revenge,"[""My Chemical Romance""]",2004,Rock,Calm,english,1.846063332265724
70EXAAMGKW9buT16snbJ0n,Interlude,Let It Go,"[""Jon Regen""]",2008,Jazz,Calm,english,1.5880370848841965
5yaEeAMm4cW3JLQWaHVJ9e,Interlude: Pledge,Rhythm Nation 1814,"[""Janet Jackson""]",1989,R&B,Calm,english,2.6007381879337546
6mZ1dgFe646kPUeYbx2gwP,International,Velocity: Design: Comfort.,"[""Sweet Trip""]",2003,Rock,Calm,english,2.385185539718216
0mpqkHQLBPiiumpQ5MXSwM,"International Lover - Live in Syracuse, NY, 3/30/85",Prince and the Revolution: Live,"[""Prince""]",2020,R&B,Calm,english,4.299885698269169
3p6UKNf7I9kBINNkzxCJlq,Interrupted,What Another Man Spills,"[""Lambchop""]",1998,Country,Calm,english,1.0301551094186658
6Sp2PtfuLpqDKArtGTpy1e,Into the Fields,Ontario Gothic,"[""Foxes In Fiction""]",2014,Pop,Calm,english,1.3200082162448932
0sE5llq6jkO2puFg8EHd2t,Into the Night,Floating Into The Night,"[""Julee Cruise""]",1989,Pop,Calm,english,2.198594550038124
10JOKdy8ynkSiGTWKgfFuE,Into the Night,Soundtrack From Twin Peaks,"[""Julee Cruise""]",1990,Pop,Calm,english,2.198594550038124
5FzErIQq7teYvUhi1wQLii,Into the Night,We Love 80s Pop,"[""Julee Cruise""]",2019,Pop,Calm,english,2.198594550038124
6pZaFhLDyBiqOPWqWa0YP9,Into the Night,Bedtime Music - Good Night,"[""Julee Cruise""]",2019,Pop,Calm,english,2.198594550038124
2qymE3jcKlaxTb5z0lRCc1,Into the Trees,Until the Hunter,"[""Hope Sandoval & The Warm Inventions""]",2016,Pop,Calm,english,3.255076169717824
0gSEyG7pOFuHM05433EibX,Into the West,The Lord of the Rings: The Return of the King (Original Motion Picture Soundtrack),"[""Annie Lennox""]",2003,Electronic,Calm,english,2.409593208381246
6iRjiy8XZ7gvjQL9Wbaaoa,Intro (Leaving),Leaving,"[""Spooky Black""]",2014,Hip-Hop,Calm,english,2.6202014097723803
3q2Bj8kxBIpmXSOlrmPmUu,Intro (The Last Requiem),Burnt by the Light,"[""Corpse Garden""]",2012,Rock,Calm,english,2.215460913173956
0fMyXLaqLLmEA4z8oshcxu,Introit,The Tenth Sub Level Of Suicide,"[""Leviathan""]",2003,Rock,Calm,english,4.763793802854075
0nvwaYPjvj4F2Y4kNNfKjR,Introit,Illumination: Peaceful Gregorian Chants,"[""Dan Gibson's Solitudes""]",2014,Classical,Calm,english,3.4398532285645365
48JhTqs0UOTzEJqoO9sBPd,Inverness,"Meditations for Dreams, Relaxation, and Sleep","[""Suzanne Ciani""]",2002,Electronic,Calm,english,2.746568446727581
7tdFArMkdjBLYnRF9TUUYM,Inverness,The Private Music Of Suzanne Ciani,"[""Suzanne Ciani""]",1992,Electronic,Calm,english,1.0411635070232446
3pegwzmIu6j8rWq6G7z8Np,Invisible,Dragging a Dead Deer Up a Hill,"[""Grouper""]",2008,Rock,Calm,english,1.4862347860331595
64qs1pwt2aVW4V9qmIMRCX,Invisible,Late Night Tales - Friendly Fires,"[""Grouper""]",2013,Rock,Calm,english,2.5723629319715093
7j0vPwrUUEoJgoLwRCXZIQ,Invisible,Late Night Tales: Friendly Fires,"[""Grouper""]",2007,Rock,Calm,english,2.6092180770322893
0dKh0GfITLOShuMdbxkg8d,Invocation,ANÚNA,"[""Michael McGlynn"", ""An\u00fana""]",2005,Folk,Calm,english,2.4012628618581338
4LuEqQcaAWwrGA4dH2YoLJ,Ion Storm,666 International,"[""D\u00f8dheimsgard""]",1999,Rock,Calm,english,1.6613775271779796
4WkftVHUEzLVCQFn6tAxKt,Iris,Pod,"[""The Breeders""]",1990,Rock,Calm,english,2.5349386864641947
6XFzMB1FwRVvP9niqfKILd,Iris's Song For Us,Just Another Diamond Day,"[""Vashti Bunyan""]",1970,Folk,Calm,english,2.890377315624065
4TuWjZKa6bqFWG1OlQesww,Irish Lullaby,Celtic Twilight 3: Lullabies,"[""Bill Douglas""]",1996,Folk,Calm,english,2.134163806465536
1jG776cuNPCywLIdV6wbAm,Irish Tune from County Derry,The Best Ever Sydney Opera House Collection Vol. 3 - Great Choral Masterpieces,"[""Traditional"", ""Percy Grainger"", ""Antony Walker""]",2005,Pop,Calm,english,3.300414687218166
5s1MHBXZnThLRRzixVIVuE,Irish Tune from County Derry (Arr. Percy Grainger) - Live,Ode to Joy: Great Choral Masterpieces,"[""Traditional"", ""Percy Grainger"", ""Sydney Philharmonia Choirs"", ""Antony Walker"", ""Sydney Philharmonia Motet Choir""]",2000,Classical,Calm,english,2.5359317597181734
2MvrBsUFpjNIlLk6kxh4vF,Iron Heart,And We Wept The Black Ocean Within,"[""A Storm of Light""]",2008,Rock,Calm,english,2.409084346531673
68wLppw1FtGFSBDDUX93O1,Irresistible - Instrumental / Live,Forever (Live),"[""Hillsong Worship""]",2003,Pop,Calm,english,1.585209060287883
7wtOV5zujKK4ljS19EcBGq,Is It Out of Our Hands?,The Lone Descent,"["":Of The Wand And The Moon:""]",2011,Classical,Calm,english,1.9960899164120576
7vX227ImDFImBtqGUKx2Q5,Is It Really Love at All,Blue River,"[""Eric Andersen""]",1972,Folk,Calm,english,2.162164779914351
71etQYXNWtQTSIQfoxH8fm,Is That a Terrible Thing to Say?,and Nothing is #1,"[""Up Up Down Down Left Right Left Right B A Start""]",2003,Rock,Calm,english,1.1036122215236128
5HAjss9faCAowGY8dM24r6,Is There Anybody Out There?,The Wall,"[""Pink Floyd""]",1979,Rock,Calm,english,1.8988866659322488
2rKcC5vlTsDM94RWTPoyHV,Is There Anybody Out There? - 2011 Remastered Version,The Wall (Remastered),"[""Pink Floyd""]",1979,Rock,Calm,english,2.283992771690119
7q1uBynJPNyrbCXvOZAtZu,Is There Anybody Out There? - Live,Roger Waters The Wall,"[""Roger Waters""]",2015,Rock,Calm,english,3.3127850840687763
1AkF7wNr1ZLhW8MG120OkC,Is There Anybody There?,Burn of God,"[""Mark Sheeky""]",2020,Electronic,Calm,english,3.452247129808548
4e1tnykDYqOVinDOraP26V,Is This Called Home,Something's Changing,"[""Lucy Rose""]",2017,Electronic,Calm,english,1.5729580427791936
3ufl1EyOA9woP4M6kaFt8L,Is a Woman,Is a Woman,"[""Lambchop""]",2002,Country,Calm,english,4.912365963222308
1AOS4mtXG7RppPQWNIRjOV,Isaiah,"The Violet Sessions, Vol. 1","[""Noah Gundersen""]",2014,Folk,Calm,english,2.333302872859305
2nGuqMjkSITvVIwV0fCcjB,Isengard Unleashed,The Lord of the Rings: The Two Towers (Original Motion Picture Soundtrack),"[""Howard Shore""]",2002,Classical,Calm,english,2.71942074553746
3nBTmv5gstFZuba9op3pzW,Islands,Islands,"[""King Crimson""]",1971,Rock,Calm,english,2.2238195217752943
3008ihAFiSxfedXl8vZnKH,Isn't It Romantic,"Easy Come, Easy Go (1932-1935)","[""Carroll Gibbons"", ""The Savoy Hotel Orpheans""]",2011,Jazz,Calm,english,2.429571125165524
5Z4FtP6ZgFXKabnVTRSbHx,Isn't it romantic,When Sunny Gets Blue,"[""Chet Baker""]",1988,Jazz,Calm,english,3.227330169643559
0qln3EnC1ZS11sTlVRp7zU,Isn’t It Romantic?,Mel Torme:The Complete World Transcriptions,"[""Mel Torm\u00e9""]",2004,Jazz,Calm,english,2.606831659797216
2VUblgP5cmZYMeAlDlr98e,Isolate,Wait for Me (Deluxe Edition),"[""Moby""]",2009,Electronic,Calm,english,1.4352319083605267
7DxwotLgkVN9zOcZ58JFfw,It Amazes Me,Fruit,"[""Marie Bergman""]",2007,Pop,Calm,english,2.330038769683613
0GkDrsI4WMWa0yVQupIoCZ,It Came Upon A Midnight Clear,Christmas With Julie Andrews,"[""Julie Andrews""]",1982,Classical,Calm,english,3.1156081480181914
3cujK8Eqydx6xQjyOWTDOy,It Came Upon A Midnight Clear,Feliz Navidad,"[""Jos\u00e9 Feliciano""]",2002,Pop,Calm,english,1.088475087622646
28njLrZycTveXnYxP5CmbH,It Came Upon The Midnight Clear,Ultimate Calm Christmas Jazz,"[""Charlie Haden"", ""Hank Jones""]",2022,Jazz,Calm,english,1.1590678088572488
7gbZeIU3TGScmZthBfv7n8,It Came Upon The Midnight Clear,Come Sunday,"[""Charlie Haden"", ""Hank Jones""]",2012,Jazz,Calm,english,1.1590743226314082
7kgBkrinjUUCan2juXayQZ,It Came Upon The Midnight Clear,It Came Upon The Midnight Clear / God Rest Ye Merry Gentlemen,"[""Charlie Haden"", ""Hank Jones""]",2011,Jazz,Calm,english,1.145828476149104
2cMpRP96pvsI6feJb8oAEP,It Froze Me,Nothing for Juice,"[""The Mountain Goats""]",1996,Folk,Calm,english,2.268597023179307
5PT2xDqxBTieyH9IapLcsM,It Had to Be You (Trio Instrumental),When Harry Met Sally... Music From The Motion Picture,"[""Harry Connick, Jr.""]",1989,Jazz,Calm,english,3.3190518349882763
0OMgneIZFMU8vbccL3laoF,It Might As Well Be Spring,The Cove,"[""Meredith d'Ambrosio""]",1989,Jazz,Calm,english,2.3882431382156635
248LUw1g3LTSRyVjEc2jWB,It Might As Well Be Spring,The Shearing Piano,"[""George Shearing""]",2001,Jazz,Calm,english,1.2629011090235365
3gCmyNK2lHjv1yF6Bw9m6E,It Might As Well Be Spring,Timeless: Marian McPartland,"[""Marian McPartland""]",2002,Jazz,Calm,english,1.954031943078682
1S5HNKt7omAmSKSGZfTSI7,It Might as Well Be Spring,Soft Lights,"[""Houston Person"", ""Russell Malone"", ""Richard Wyands"", ""Ray Drummond"", ""Grady Tate""]",1999,Jazz,Calm,english,2.469756039308157
5KYYXNRTp2mG85KSXRg5Uz,It Might as Well Be Spring,The Art and Soul of Houston Person,"[""Houston Person""]",2009,Jazz,Calm,english,2.4178529858262863
7457TOgy8jWSIEHdncJLLN,It Never Entered My Mind,In Love Again,"[""Stacey Kent"", ""Jim Tomlinson"", ""Colin Oxley"", ""David Newton"", ""Simon Thorpe"", ""Jasper Kviberg""]",2002,Jazz,Calm,english,2.4187651069990874
26TygN75KlglscpSeAxdSu,"It Only Takes a Moment (from Hello, Dolly!)",Broadway in Love,"[""Charles Nelson Reilly"", ""Eileen Brennan"", ""Shepard Coleman""]",1999,Classical,Calm,english,2.8181932645642247
1wDVl8APH2RbkEVTGtoq8C,It Seemed the Better Way,You Want It Darker,"[""Leonard Cohen""]",2016,Folk,Calm,english,1.4080361011842883
493PB9zEHfYLcH3Azo9q1G,It Was Flood,Navigator (Bonus Track Version),"[""Her Name Is Calla""]",2014,Rock,Calm,english,2.293484150642799
28NT1UuWIxwgATaakVyti2,It Wasn't the Hunting,Dawn,"[""Mount Eerie""]",2008,Folk,Calm,english,1.8136949655640568
6eIVD0ewz7EgAGTUxUHE2V,It Wouldn't Be the Same (Without You),Somewhere over the Rainbow,"[""Willie Nelson""]",1981,Country,Calm,english,2.70898191513456
5gA3FHRe2iD1nKhn4LDIm0,It'S Time,"Blue Light, Red Light","[""Harry Connick, Jr.""]",1991,Jazz,Calm,english,2.669426238656756
2KpyZW8XKFiJPkcSkWYgp4,It's A Blue World,Popular Recordings,"[""Chet Forrest"", ""Bob Wright"", ""Glenn Miller""]",1989,Jazz,Calm,english,1.396141640488616
3iBd1LWDQU7OwRdWdO0f6Q,It's A Game,It's A Game,"[""Edith Frost""]",2005,Country,Calm,english,1.5384615934368628
2sRFg7qcMwGPVEmBREeIja,It's A Lonesome Old Town - Remastered,Concepts,"[""Frank Sinatra""]",1992,Jazz,Calm,english,3.74297118134006
0IQs78HO3ym69mCNFJ0UZp,It's A Wonderful Life,It's A Wonderful Life,"[""Sparklehorse""]",2001,Rock,Calm,english,4.55633160018288
1r9BClXnKmPk7CaNpNvsbc,It's All About Us,Through the 90's: Singles and Unreleased,"[""The American Analog Set""]",2001,Rock,Calm,english,1.7835957467915695
5PhOzhusG2eGmRDx3QClso,It's All About Us,The Golden Band,"[""The American Analog Set""]",1999,Rock,Calm,english,2.6943526699225666
4InUYFs9LV5va01isxlckQ,It's De Lovely,Cole After Midnight,"[""Marcus Roberts Trio""]",2001,Country,Calm,english,2.606841029276685
33ebUiciUQiDvqIXfzIAHk,It's Easy to Remember,Whisper Sweet,"[""Carol Sloane"", ""Houston Person""]",2003,Jazz,Calm,english,2.256829174808744
12krKqZhq8H5vDjMoyLzH6,It's Good to Sleep,Hi My Name Is Jonny (The Demos),"[""Jonny Polonsky""]",1996,Pop,Calm,english,2.4414088386554336
6XqAeqqiv2TJcD5DGztc3P,It's Him,Walking on Sunshine (Original Motion Picture Soundtrack),"[""Anne Dudley"", ""Pete Callard"", ""Paul Dunne"", ""Rolf Wilson"", ""John Parricelli""]",2014,Jazz,Calm,english,1.4670575873791645
0zvzelrd4QL6iEUURGTiYu,It's Love,Mosaics Within Mosaics,"[""Circulatory System""]",2014,Rock,Calm,english,2.068079333040936
0Jue2EKfWtjG3XjdIKR7K2,It's Magic,Once In A Lifetime,"[""Dick Haymes""]",2008,Jazz,Calm,english,4.196977764447707
3uMbvILq8wAaJeJSfx5kvY,It's My Life,"Don't Stop The Music: Complete Recordings, Vol. 1, 1970-1992","[""Trapeze""]",2023,R&B,Calm,english,1.9376407553614063
0GnTLrLCPqfiNljuLbNQtj,It's No Secret - Take 13 (Master),Elvis: Close Up,"[""Elvis Presley""]",2003,Rock,Calm,english,2.5900739901296266
7eQHT2qlJ48PMENHqFijv1,It's Not Easy,Air Supply,"[""Air Supply""]",1976,Rock,Calm,english,2.379478858234509
0GwRPApySiOtZjX3KkPrBm,"It's OK, I Wouldn't Remember Me Either",Narcissist on the Verge of a Nervous Breakdown,"[""Crywank""]",2012,Folk,Calm,english,2.674680870634845
4ywOtnyyKTfAAxSllBfWJG,It's Only A Paper Moon,"The Art Tatum Solo Masterpieces, Vol. 1 [Original Jazz Classics Remasters]","[""Art Tatum""]",2013,Jazz,Calm,english,1.3585024106081698
5Kj2vHerwDwiJ23TH5lzsF,It's Only A Paper Moon - Live,Live At The Village Vanguard,"[""Bill Charlap Trio""]",2007,Jazz,Calm,english,4.464210783772693
7vcBUrOzR5g9Cat6Ym1aOv,It's Over Again,From the Archives - Volume 1,"[""Big Head Todd and The Monsters""]",2007,Rock,Calm,english,1.9940825373765203
2bEWUjvvSlq8DIgmdpCYTR,It's Over Love,Lowedges,"[""Richard Hawley""]",2003,Folk,Calm,english,2.540415829212997
4eTSfX4OWs3Gfb2fRjPbL0,It's The Talk Of The Town,Ballads in Blue,"[""Bennie Wallace""]",1999,Jazz,Calm,english,2.3954619881651924
4BPvbQr4rXSs0WKRWQNhNb,It's The Talk Of The Town - Digitally Remastered 97,The Definitive Art Tatum,"[""Art Tatum""]",2002,Jazz,Calm,english,1.5055690228298897
3kC5K9hOnE4TAoIHAV3FXt,It's You Or No One,The Ultimate Jazz Archive 31 (3 Of 4),"[""Tal Farlow""]",2007,Jazz,Calm,english,2.1881460988639496
34Re9Zp0VqLqa0L2d5i2tT,It's in This Lie,Love in the Void,"[""Hammock""]",2023,Electronic,Calm,english,2.5985557922986646
0Vzyo8ucCoGV5dYge89IUO,It's the Talk of the Town,Body & Soul,"[""Erroll Garner""]",1991,Jazz,Calm,english,2.1759637669023264
6TNULxDb3xKj0lq66PrME2,It’s All Over,You’ll Never Get to Heaven,"[""You'll Never Get to Heaven""]",2012,Pop,Calm,english,2.761107327212581
6oNmSG8JbMa4jG5UQC5Fr2,It’s Your Own Body And Mind,A Beginner's Mind,"[""Sufjan Stevens"", ""Angelo De Augustine""]",2021,Classical,Calm,english,2.140499474993325
6K8c4Tyy6KG2MqiC4wMmLq,I’m Getting Sentimental Over You,Masters Of The Last Century: Best of Tommy Dorsey,"[""Tommy Dorsey""]",2013,Jazz,Calm,english,1.4158380758797862
5DXRsdvm0PDF4kq3xVfIsZ,I’m Hardly Me,FOREVERANDEVERNOMORE,"[""Brian Eno""]",2022,Electronic,Calm,english,2.5547118312521464
4mBL2TXTKvSJbgtXfwFtfJ,I’m Not Worried at All,18 & 18 B-Sides,"[""Moby""]",2002,Electronic,Calm,english,2.339745975292569
7CCSNr1SqFdOTHiTW7hiY5,I’m Not Worried at All,18 & 18 B-Sides,"[""Moby""]",2002,Electronic,Calm,english,2.3416097845414274
39uaSctR69D6qDd4yVgT4r,Ja-Da,Body & Soul,"[""Erroll Garner""]",1991,Jazz,Calm,english,2.5137777428854062
0fRorMdYYMndunw9d2NY3v,Jack O' Diamond Blues,The Complete Classic Sides Remastered: Chicago 1926 Disc A,"[""Blind Lemon Jefferson""]",2002,Blues,Calm,english,1.8405736331371008
3qUbzcOhTkV9DnMO2fqzyo,Jade Like Wine,Shelter From The Ash,"[""Six Organs Of Admittance""]",2007,Rock,Calm,english,1.438384196352012
0W4XqAeh2BFaTT7UIX7XZa,Jadu Temple,Wanderflower,"[""Jadu Heart""]",2016,R&B,Calm,english,3.365139134425785
59PncxIAZUccmoTVfw1rFV,Jake And Me,Tangerine Reef,"[""Animal Collective""]",2018,Rock,Calm,english,2.590853795189921
0FVGrGOnhoVsxr1l0fDl0n,James Riot,Suitcase - Failed Experiments and Trashed Aircraft,"[""Guided By Voices""]",2000,Pop,Calm,english,4.724053653248907
3vB6QvRFG9erS5QN81wGGL,Jasmine,Closer Than They Appear,"[""Sara K.""]",1992,Jazz,Calm,english,2.438772083245824
1odZyHWcMsD1joF9jRiZy3,Jayne's Blue Wish,"Orphans: Brawlers, Bawlers & Bastards (Remastered)","[""Tom Waits""]",2006,Folk,Calm,english,2.529650467755254
5Wvp9KBEEXoZAdtVt1XNSh,Jeanie With The Light Brown Hair,Passion,"[""Stephen Foster"", ""Ang\u00e8le Dubeau"", ""La Piet\u00e0""]",2004,Classical,Calm,english,2.727058405609508
2Mnl9pJtUPX8yqr99bszJo,Jeanie with the Light Brown Hair,Blue Wheat,"[""Dale Warland Singers""]",1996,Classical,Calm,english,3.123708524794002
71WhsFMZI3JhEczyfbaq9d,Jennifer - 2006 Digital Remaster,Faust IV (Deluxe Edition),"[""Faust""]",1973,Rock,Calm,english,2.8146794713318126
1NmgTjVcq1oZm8N0cDWrO1,Jennifer 2 (Remix),Prowler in the Yard (Deluxe Reissue),"[""Pig Destroyer""]",2015,Rock,Calm,english,2.2602526152057694
1r65QhZcekR3BWfwkjIf6I,Jenny Put the Kettle On,Long Time To Be Gone,"[""Nora Brown""]",2022,Country,Calm,english,1.7557393775908463
04JH0rfPh6v6VoWLozGb9B,Jerusalem,Tears From Heaven,"[""Hubert Parry"", ""The Choir Of Trinity College, Cambridge"", ""Richard Marlow"", ""Philip Rushforth""]",1996,Classical,Calm,english,2.369334465045841
0BsGHG0hkomFZcpcxistVt,Jerusalem,The Last Night of the Proms Collection,"[""Hubert Parry"", ""Royal Choral Society"", ""BBC Concert Orchestra"", ""Barry Wordsworth""]",1996,Classical,Calm,english,2.18565411528834
2ZQm3FH7O3jrGeiz1oKyka,Jerusalem,Music For Weddings,"[""Hubert Parry"", ""The Choir Of Trinity College, Cambridge"", ""Richard Marlow"", ""Philip Rushforth""]",2006,Classical,Calm,english,2.122347309359612
4Yvwmzuxvs3rwxjSB14CTq,Parry: Jerusalem (Orch. Elgar),Last Night of the Proms,"[""Hubert Parry"", ""Royal Philharmonic Orchestra"", ""Goldsmith's Choral Union"", ""Owain Arwel Hughes""]",2007,Classical,Calm,english,2.069489536873119
53EuiHI2xjVywu4p93VUGj,Jerusalem,ANÚNA,"[""Michael McGlynn"", ""An\u00fana""]",2005,Folk,Calm,english,1.8814573055474288
5hSYJpuvAPc6B82vekCGlA,Jerusalem,"Parry, H.: Choral Masterpieces - Songs of Farewell / I Was Glad / Jerusalem","[""Hubert Parry"", ""Manchester Cathedral Choir"", ""Jeffrey Makinson"", ""Christopher Stokes""]",2009,Classical,Calm,english,1.853308379739748
6DlfqmaSP99OWDp3UAJkWA,Jerusalem - 1996 Remastered Version,The Best Classical Album in the World...Ever!,"[""Hubert Parry"", ""Andrew Davis"", ""Royal Choral Society"", ""London Philharmonic Orchestra""]",2012,Classical,Calm,english,2.3284286388543363
37OU7bduRI2bgjbBdsJbdf,Jerusalem the Golden,Far from the Madding Crowd (Original Motion Picture Soundtrack),"[""Traditional"", ""The Dorset Singers"", ""Yeovil Chamber Choir""]",2015,Pop,Calm,english,2.718183020471101
1rtCDpuecz3nHdg5qa0XOf,Jerusalem: And did those feet in ancient time (Jerusalem),Abide With Me And Other Favourite Hymns,"[""Hubert Parry"", ""The Choir of St George's Chapel, Windsor Castle"", ""Marlowe Brass Ensemble"", ""Timothy Byram-Wigfield""]",2005,Classical,Calm,english,1.929356228326787
1UlZBwba2oeoGFj1IZ6uBA,Jesu Joy of Man's Desiring,Walking in the Air,"[""Chloe Agnew""]",2005,Folk,Calm,english,2.554417334320802
0kqmijKakSwUI2Bn9xIuuS,"Jesu, Joy Of Man's Desiring",Northern Lights (Live),"[""Sissel""]",2007,Pop,Calm,english,1.853302024034864
3hQoWBPkpKP2MQSOg2ns6A,"Jesu, Joy Of Man's Desiring",A Winter Symphony,"[""Sarah Brightman""]",2008,Classical,Calm,english,2.279539930179471
2DuYIq8kK3FC4RJg21oI0N,Jesus / Pop,Sings Reign Rebuilder,"[""Set Fire To Flames""]",2001,Rock,Calm,english,2.352675431806654
1zp7MpqEE0SECsyWXg9UEL,Jesus Christ is Risen Today,The Power and the Glory,"[""Traditional"", ""Sir David Willcocks/King's College Choir, Cambridge/Ian Hare""]",2007,Pop,Calm,english,2.392163574362266
3jUQHsWbcTbL2QA9b2C09C,"Jesus Christ, Bread of Life",Mane nobiscum,"[""Taiz\u00e9""]",2010,Classical,Calm,english,1.9144054791591425
5bIW3tE9YxvhtFYep11WhO,Jesus In Furs,Otto Spooky,"[""Momus""]",2005,Classical,Calm,english,1.6983632167277578
6oSEpyNdiNRRXPWluWn5EL,"Jesus My Lord, My God, My All",Adoration at Ephesus,"[""Frederick Faber"", ""Benedictines of Mary, Queen of Apostles""]",2016,Classical,Calm,english,2.232003136529624
1Z8VPaU74B96RQNmFaQzPe,Jesus and Hitler,On Vacation,"[""The Robot Ate Me""]",2005,Folk,Calm,english,3.975063721720365
2mshx7bCXPfOM3adYvq5VN,Jewel,Hellzapoppin,"[""3Ds""]",1992,Pop,Calm,english,1.5460430127519715
3VPnVM26qDc616OYI9FHRg,Jill,"Blue Light, Red Light","[""Harry Connick, Jr.""]",1991,Jazz,Calm,english,2.275775727322766
4ugWzS3acl74zTtdcDgE9A,Jj,Tell Me I'm Not Dreamin',"[""Sara K.""]",1995,Jazz,Calm,english,2.5836012514883984
3DLaBdbfAINkga0km3xMRv,Jltf,Wait for Me (Deluxe Edition),"[""Moby""]",2009,Electronic,Calm,english,1.5234862675321337
2XoUYIgCpYVkh8Pv3Qgep4,Joe Luke,White Rabbits,"[""Neotropic""]",2015,Electronic,Calm,english,1.359102793472017
0o1QswfJuzdDglyn85qdPz,"Johanna (From ""Sweeney Todd"")",100 Best Songs from the Musicals,"[""Stephen Sondheim"", ""Lambert Wilson"", ""Monte-Carlo Philharmonic Orchestra"", ""John McGlinn""]",2012,Classical,Calm,english,2.0527890583623774
2Gd0rjwK2wDYcyGXwoh7fx,John,Death Stranding (Original Score),"[""Ludvig Forssell""]",2019,Classical,Calm,english,2.119344787249951
5TncZ4WD12WZjYF38RvO1X,John Prine,Trust,"[""Low""]",2002,Rock,Calm,english,2.969504549851964
0V2VCTEq0ZqTOfMA44WK3Z,John the Revelator,"Sunset of a Clown, Vol. 1","[""Nicolas Jaar""]",2013,Electronic,Calm,english,2.3680088578783423
1t31F4Kf1tm4C0GILtoJ6E,John the Revelator,"Sunset of a Clown, Vol. 1","[""Nicolas Jaar""]",2013,Electronic,Calm,english,2.376316778224256
4iyHsFZsLECwTIdsF39Dkn,"Johnsburg, Illinois",Swordfishtrombones,"[""Tom Waits""]",1983,Folk,Calm,english,2.346025005898281
5DZcZpICcuskldjcwTQdzt,Jordan - Version II - Piano,Stop Torturing Yourself,"[""Athletics""]",2012,Rock,Calm,english,1.6641515616583973
0lMq0ucXPRTynartmAl7X0,Joseph and His Amazing Technicolour Dreamcoat: Close Every Door,Julian Lloyd Webber plays Andrew Lloyd Webber,"[""Andrew Lloyd Webber"", ""Julian Lloyd Webber"", ""Rod Argent"", ""Michael Copley"", ""Paul Keogh"", ""John Mole"", ""Royal Philharmonic Orchestra"", ""Barry Wordsworth""]",2001,Classical,Calm,english,1.6195110205797665
2QQspRHCrk6tJpZosqgGCV,Jubilate Deo,Libera: The Christmas Album (Standard Edition),"[""Libera"", ""Robert Prizeman""]",2011,Classical,Calm,english,2.1086406058069254
406bICj3JKKqQGvg31w187,Judas As Black Moth,How I Devoured Apocalypse Balloon - Disc one,"[""Current 93""]",2005,Rock,Calm,english,2.790312148385177
0Mr0u7kcDLVe5xjgbZ5RLf,Judas As Black Moth II,Soft Black Stars,"[""Current 93""]",2005,Rock,Calm,english,1.4723844307627834
32v8beBvMq16P6XzSUgEpv,"Judgement, In Fire: I – Garden (Of Blooming Ash)",Four Phantoms,"[""Bell Witch""]",2015,Rock,Calm,english,2.6666732987251924
2tBfrhUvroTREqCo4QFvTZ,Julie With - 2004 Digital Remaster,Before And After Science,"[""Brian Eno""]",1977,Electronic,Calm,english,2.0844614639809413
4KXnXMoNxZjcvpT7wZWCmy,July,Things We Lost in the Fire,"[""Low""]",2001,Rock,Calm,english,1.7371432214661566
2Un5uLiQ0WJLe9EDd8I8YO,Junco Partner,30,"[""Harry Connick, Jr.""]",2001,Jazz,Calm,english,1.4581625877628044
5lzjZu79kRVHrQdxp9f2MZ,June Eyes,The Light Divides,"[""Winterpills""]",2007,Rock,Calm,english,1.839175556153316
3Uxcbkwz46Frg3hRWaxTyt,Jungle Fever,Four Boys And A Guitar,"[""The Mills Brothers""]",1995,Jazz,Calm,english,2.211843367629387
5OJiBuXiuRVK0wKb8jK7Gb,Just (After Song of Songs),Just (After the Song of Songs),"[""David Lang"", ""Trio Medi\u00e6val"", ""Garth Knox"", ""Agn\u00e8s Vesterman"", ""Sylvain Lem\u00eatre""]",2015,Jazz,Calm,english,2.696532960937446
6fcJCdlx1AOBFCD1lIJcrf,Just (After Song of Songs),Just (After the Song of Songs),"[""David Lang"", ""Trio Medi\u00e6val"", ""Agn\u00e8s Vesterman"", ""Garth Knox"", ""Sylvain Lem\u00eatre""]",2015,Jazz,Calm,english,2.655257959974961
2v4TFY9czZnDwQnLh1RFX7,Just Friends,The Capitol Vaults Jazz Series,"[""Joe Pass""]",2013,Jazz,Calm,english,2.1797597498125247
49TbPhqVq1A5Bl2F2T9IPA,Just Friends,Solo,"[""Jimmy Bruno""]",2004,Jazz,Calm,english,3.000744643349032
6zV2zxRQV7Mod69tkOVmbS,Just Friends,Savoring Every Note,"[""Jimmy Amadie""]",1997,Jazz,Calm,english,1.886051722212063
3g5BqJsAhuuikXhNpbUsSE,Just Might Run,The Lone Gunman,"[""Idaho""]",2005,Rock,Calm,english,2.423960216133242
5CcnBG6Sqf6s217yDNGX1B,Just You Wait (reprise)* - Voice,My Fair Lady Soundtrack,"[""Frederick Loewe"", ""Marni Nixon"", ""Andr\u00e9 Previn"", ""My Fair Lady Original Motion Picture Cast"", ""The Warner Bros. Orchestra""]",1992,Classical,Calm,english,3.353600483945841
0crCWOYbMWjlC4pnbMqSyV,Just a Closer Walk With Thee,New Orleans Jazz Collection - French Quarter Favorites,"[""Pete Fountain""]",2012,Jazz,Calm,english,1.9364958372847008
5jk1srRXNFysdu5o8jzCxS,Just a Faint Line,November,"[""Azure Ray""]",2002,Pop,Calm,english,1.97076580032434
1cFBWbobFihq8hugWWzXn6,Just for a Moment,Just for a Moment,"[""Heretoir""]",2014,Rock,Calm,english,1.8006964941494337
0h6gTi13eFkl6BmV2DIupM,Just the Same But Brand New,Actor,"[""St. Vincent""]",2009,Pop,Calm,english,1.9080932855105428
42obJgk55Hw9mSR1x6Cbs4,Just the Two of Us,Some Things Don't Come Easy,"[""England Dan & John Ford Coley""]",1978,Pop,Calm,french,2.2058644522232744
2DVQmedpXTVdlLzu5SWiky,Just to See You Smile - Orchestral Mix,Recurring (Original),"[""Spacemen 3""]",2004,Rock,Calm,english,2.467001880882349
3n80BiWrZv5u3S6UtkIQta,K-stars,Peng!,"[""Stereolab""]",1992,Rock,Calm,english,2.296785693476308
0s7TjXv4xupHpITjClr9Pv,KINDRED II,Blood,"[""Kelsey Lu""]",2019,Pop,Calm,,0.761743854507096
5Ego6GL1vELZbdnD2wh3Lw,"Kama Sutra - Live At MGM Grand, Las Vegas/2004",The Harem World Tour: Live From Las Vegas,"[""Sarah Brightman""]",2004,Classical,Calm,english,2.0576677313954246
4Y24q11VjXIKggGg7W33l9,Kansas Regrets,Terminal Twilight,"[""White Willow""]",2011,Rock,Calm,english,1.395945405733102
5LUmo8CndZvKcSba4Yp3yI,Karnak's Dream of Life,Ride the Cyclone: The Musical (World Premiere Cast Recording),"[""Emily Rohm""]",2021,Classical,Calm,english,3.168587131215373
39yMDT5PWhKhimQ15l3kZF,"Kashif: So Deep is the Night (arrangement for Voice, Piano and Strings of Chopin's ""Etude in E Major, Op. 10 No. 3, ""Tristesse"")",The Very Best of Lesley Garrett,"[""Lesley Garrett"", ""Paul Daniel"", ""London Session Orchestra"", ""Zoe Mather""]",2009,Classical,Calm,english,2.4283143254107364
5WNmoRl3CwFxQ5jGGMhTAH,Katie Cruel,1966,"[""Karen Dalton""]",2012,Folk,Calm,english,2.4695542200438774
31Ujv6hjMHW5YdwPxOa19u,Keel,Repave,"[""Volcano Choir""]",2013,Folk,Calm,english,1.898807122858449
4Kvrvnl9sEoZIXyIoSoTUn,Keening Song,The Mysts of Time,"[""Aine Minogue""]",2016,Folk,Calm,english,2.8960543817964783
5nPV023owFHdMQfJRgjKsg,Keep Me Here,The Hallowing,"[""Autumn Tears""]",2007,Electronic,Calm,english,1.8296027338368783
6dYcUcj1TyZZES5ivtjLdk,Keep On Loving You,Affection,"[""Cigarettes After Sex""]",2015,Pop,Calm,english,2.3115312162540262
6gCD2fJaEHWobNznqqrMk0,Keep Rising (Audiotree Live Version),James Tillman on Audiotree Live,"[""James Tillman""]",2015,Jazz,Calm,english,2.391772921671681
0M4ZMuApbfz0efQ0l7CAzG,Keep Up the Good Work,The Magic Place,"[""Julianna Barwick""]",2011,Electronic,Calm,english,2.6181793588483524
7M5XR7MM57NX5Vf4ReHHR3,Keep Your Lamps! (Arr. A. Thomas),i thank you God,"[""Traditional"", ""Messiah College Concert Choir"", ""Linda L. Tedford""]",2012,Classical,Calm,english,2.4515310697239943
5VYBergVrUDcb8QyEg70cF,Keep on Loving You,Affection,"[""Cigarettes After Sex""]",2015,Pop,Calm,english,2.312639888721694
6ghjByyAlC8B2gxIcDk9ew,Keepin' Out Of Mischief Now,The Very Best of Fats Waller,"[""Fats Waller""]",2000,Jazz,Calm,english,1.765070839472595
2UwEsElI92eeTCFh6jEoYz,Keepin' Out Of Mischief Now - Remastered 2002,At The Piano (Bluebird's Best Series),"[""Fats Waller""]",2002,Jazz,Calm,english,1.4902101416036762
5GErNoJFiZGkmEREKDug5T,Keeps Coming Back,Ascend,"[""Manual""]",2002,Electronic,Calm,english,1.928843782781427
098xefsp69d3KtceJGNGhE,Kells,ANÚNA,"[""Michael McGlynn"", ""An\u00fana""]",2005,Folk,Calm,english,3.5324389766939865
5gJOdVKBXmyXLHQzLxNDbD,Kelso (Blue sky),Shade,"[""Grouper""]",2021,Rock,Calm,english,1.7571579883193444
5xOqM33PADyR75kgJZAMaT,Kentucky,What the Brothers Sang,"[""Dawn McCarthy"", ""Bonnie Prince Billy""]",2013,Country,Calm,english,2.6516204921690427
3eYTBlZKPjfavr8fYYowjj,Key,Heavy Rocks (2011),"[""Boris""]",2011,Rock,Calm,english,4.509242742783613
6oEK5NofO3DzMasxPdprYT,Kill Me In My Sleep,Infiniheart,"[""Chad VanGaalen""]",2005,Rock,Calm,english,0.887437884806164
2zIckq3jC0XsbCJvPNZGTN,Killers with the Cross - Orchestral Version,The Symphony Of Sin,"[""Powerwolf""]",2020,Rock,Calm,english,2.0105797169702897
3dFeedLxqllQxLak8GYwaV,Kimbie,Family Tree,"[""Nick Drake""]",2007,Folk,Calm,english,1.5256948002016886
1OmdGh7uYT9m9grTbXRtiZ,Kind of Girl,Things We Lost in the Fire,"[""Low""]",2001,Rock,Calm,english,1.5433583104571913
5HB4WvWNSafQ5ZfgZgIOHR,"Kinderszenen, Op. 15 : 10. Fast zu ernst",Classical Study Music,"[""Robert Schumann"", ""Claudio Arrau""]",2015,Classical,Calm,english,2.27464578652664
5Io8MK5CNEUyCrI235MuIz,Kindle My Heart,A Little Princess (Original Motion Picture Soundtrack),"[""Patrick Doyle""]",1995,Classical,Calm,english,2.4143831700551823
6CGhArjFha9P2cN8mpTqfS,"King Earth, King Earth",Fag Patrol,"[""Xiu Xiu""]",2006,Pop,Calm,english,2.542580480922436
294OK73Urvg6C2yBqqdk7K,King Fish,Among The Leaves,"[""Sun Kil Moon""]",2012,Rock,Calm,english,2.980536181321946
26gykO1LdAsBHUK3dlYoOM,King Jesus Hath a Garden,The Mystery of Christmas,"[""The Elora Singers"", ""Noel Edison""]",1998,Classical,Calm,english,2.553019842618668
2CUd1TDF4Ts5vYPFGPJCB9,King Jesus hath a Garden,My First Christmas Album,"[""Traditional"", ""The Elora Singers"", ""Noel Edison""]",2016,Classical,Calm,english,2.553019842618668
4cuI804v1BQPBKS68vBKHU,King Jesus hath a Garden,The Mystery of Christmas,"[""Traditional"", ""Elora Festival Singers"", ""Noel Edison""]",1998,Classical,Calm,english,2.9517272103449126
6hSt60UgeWRJiFnY2isD40,King Jesus Hath a Garden,Christmas Chill - The Ultimate Collection,"[""Traditional"", ""The Elora Singers"", ""Noel Edison""]",2008,Classical,Calm,english,2.553019842618668
24xmFCREF5JiqKBhLHqgKL,King of Kings,Shaka Zulu,"[""Ladysmith Black Mambazo""]",1987,Pop,Calm,english,2.652629116095987
5XAXRiYVsYjkr4ZIy3Rwht,King of Kings,World Music,"[""Ladysmith Black Mambazo""]",2017,Pop,Calm,english,2.652629116095987
7Bxgvj0kNfVSBjSg4gBOly,Kings of the Sea,Jets 'n' Guns (Original Soundtrack),"[""Machinae Supremacy""]",2004,Rock,Calm,english,2.5172982780108315
3Nb1WGVQKJ3lnOFjO9LkZS,Kiri and Me,Wonderful Little Seed of Joy and Chaos,"[""Autumn Orange""]",2019,Electronic,Calm,english,2.224416270614112
68nTx9JsVMGaKLtMT4I1RC,Kirsten Supine,To Be Kind,"[""Swans""]",2014,Rock,Calm,english,3.629510404928989
56ZYrbgwxMpZvTKyQMHDs8,Kiss me Kate : So in love [Kiss me Kate],Classical Crossover 101,"[""Kiri Te Kanawa""]",2015,Classical,Calm,english,2.0092940337699314
0U3CVc9Ai6yZ6VXRZeXSbz,Kite,The Lone Gunman,"[""Idaho""]",2005,Rock,Calm,english,1.2155235634421289
4K7zcUcpzBYIkGTfsKl1iK,Kitty Winn,Nephew in the Wild (Deluxe Edition),"[""Advance Base""]",2015,Folk,Calm,english,1.7211450987930963
4ikXpsmxwzYKZpSLGwrqNC,Kitty Winn (Live),In Bloomington,"[""Advance Base""]",2016,Folk,Calm,english,4.422961208376095
4BmtCb6sdMqECAItGmFDvU,Knife,Yellow House,"[""Grizzly Bear""]",2006,Pop,Calm,english,2.1603389702144327
3j90iJSu6pcWXFTqfmOHwJ,Knights Blood,Empire Of Blood,"[""Black Funeral""]",2006,Rock,Calm,english,2.237097432364526
4roMdSmnJyOxADXzTlzA0C,Knives Out,Day Is Done (Deluxe Version),"[""Brad Mehldau""]",2005,Jazz,Calm,english,2.014457176842879
3mHkPIdviK5fzEhyr601WP,Knockturne,I See A Darkness,"[""Bonnie Prince Billy""]",1998,Country,Calm,english,3.1129139930310767
16QcqyiNj7m5jbFGBVo4df,Know,Pink Moon,"[""Nick Drake""]",1972,Folk,Calm,english,2.74060001628692
3AQxvd6qxvsRKvTlDv3wRM,Komm Susser Tod,Sacred Treasures III: Choral Masterworks from Russia and Beyond,"[""Gunnar Eriksson"", ""Erik Westberg Vocal Ensemble""]",2000,Classical,Calm,english,2.157463639502752
0AigJh7ev5dr19RhNOsDJE,Kykeon,Ardor [Remastered Reissue],"[""Love Spirals Downwards""]",2007,Pop,Calm,english,2.5635899460621863
13tdFV8jER5Mimof884ClE,Kylie,Motions,"[""Kerala Dust""]",2016,Electronic,Calm,english,3.004992246924569
13zmvaF3BbwK1LcY1mIyWz,Kyrie Eleison,Burn of God,"[""Mark Sheeky""]",2020,Electronic,Calm,english,1.573689165789865
1bs7Igp2djzz9aWDbEkfYA,L'Inconnue,7,"[""Beach House""]",2018,Pop,Calm,english,2.943556980098212
2VUxvWxmUJXp2neuoOq1zx,L'appel Du Vide,"Atoms Aligned, Coming Undone","[""Sylvaine""]",2018,Rock,Calm,english,2.9181831538544003
2x2vWoX6pGghjnAdohugaH,"L'histoire de Babar, le petit elephant (The Story of Babar, the Little Elephant), FP 129 (narrated in English): The Story of Babar, the Little Elephant (English version)",Poulenc: Histoire De Babar (L') / Leocadia,"[""Francis Poulenc"", ""Natasha Emerson"", ""Alexandre Tharaud""]",2001,Classical,Calm,english,4.762873262981754
7npQjukEKQQYiqSWtqeCvW,"Life, Life",async,"[""Ryuichi Sakamoto""]",2017,Classical,Calm,english,2.139236739037261
50ZlNLfa2PJ6jN9HGOFLAF,LOSING MY RELIGION,Higher Learning: Music From The Motion Picture,"[""Tori Amos""]",1995,Folk,Calm,english,2.238118923959363
4TXVuIAvpDcrxw2DcOj3v3,LUX - Nicolas Jaar Remix,Brian Eno x Nicolas Jaar x Grizzly Bear,"[""Brian Eno"", ""Nicolas Jaar""]",2013,Electronic,Calm,english,1.529204705224259
6MIlVV5cP65GBl2sWPxGnJ,"Puccini: La Bohème / Act 1: ""O soave fanciulla""",Moonstruck (Original Motion Picture Soundtrack),"[""Giacomo Puccini"", ""Carlo Bergonzi"", ""Renata Tebaldi"", ""Ettore Bastianini"", ""Orchestra dell'Accademia Nazionale di Santa Cecilia"", ""Tullio Serafin""]",1988,Classical,Calm,english,2.6375290063178096
3Fou4O94pyR80OxdSj3pI8,La La Lu,Lady and The Tramp and Friends,"[""Peggy Lee""]",2006,Jazz,Calm,english,2.814905511101464
45YnoT8DrAzWnXfZ0LxVjh,La chute de l'ange,Thoughts : 9 Years In The Sanctuary,"[""Dark Sanctuary""]",2005,Electronic,Calm,french,1.6050911539330244
3crG5ujW8N8uLxKfHEO1LD,La princesse perdue,The Snow Goose,"[""Camel""]",1975,Rock,Calm,english,3.13999200338614
1G8uVsW3fmxq0x1MGYHU0G,Lablakely Dress,Danse Manatee,"[""Animal Collective""]",2001,Rock,Calm,english,2.613389667638641
3pFd9A26HBn5e1qXjHqdTC,Labradors,Holding,"[""Hailaker"", ""Lowswimmer"", ""Jemima Coulter""]",2020,Folk,Calm,english,1.5095229975141002
3pFAmU5kPnKp6lHKryX5Kv,Lack,Still Water,"[""Told Slant""]",2012,Folk,Calm,english,1.45946452179957
7xGIz4VFdJOOWdMZXOrdwt,"Lack of Comprehension (Riffs) - Rehearsal January, 1991",Human (Deluxe Version),"[""Death""]",2011,Rock,Calm,english,2.6470637366842222
6PV2IS1T5LjaFMFR1xv58m,Lady Down On Love,The Closer You Get...,"[""Alabama""]",1983,Country,Calm,english,2.466808711744573
0eHRiORRpK1WCkIoWHPLXx,Lady of the Dancing Water,Lizard,"[""King Crimson""]",1970,Rock,Calm,english,2.638016153497236
3JdaLGTxR1kdE59Ds4Fhjf,Lady of the Island - 2008 Remaster,Reflections,"[""Crosby, Stills & Nash""]",2009,Folk,Calm,english,2.6989825810547856
3GQy2mp2lzn3QtEj2AbUbv,Lake Isle of Innisfree,A Place Called Morning,"[""Bill Douglas""]",2001,Folk,Calm,english,1.87362365174444
2uBuNWZX9vO9kA6i1c8J5J,Lament,Lament,"[""Hayien""]",2022,Rock,Calm,english,2.2971779858965142
3UfKlvfwOcGgkaFvNfBVak,Lament for Boromir,Lament for Boromir,"[""Clamavi De Profundis""]",2018,Folk,Calm,english,2.36295430385424
3ZWo89QOzpCJdVUZhzWFPC,Lament for Thorin,Lament for Thorin,"[""Eurielle""]",2015,Folk,Calm,english,2.3548460238262736
4VJj1H9cNHPuf2IyC1dlof,Lamento D'arianna (Vocal): Lamento D'arianna,"Lamenti Barocchi, Vol. 3","[""Anna Caterina Antonacci"", ""San Petronio Cappella Musicale Soloists"", ""Ottavio Rinuccini"", ""Claudio Monteverdi""]",1996,Classical,Calm,english,2.7301826986318978
2Cnb1IV8rSdeKL4P0E4xtz,Land Of Anaka,Exile,"[""Geoffrey Oryema"", ""Brian Eno""]",1990,Electronic,Calm,english,1.5520706559219426
5DQ5ZMjgWtneRfrrdLEaV1,Lark,Dyad of Larks,"[""Kid Indigo""]",2015,Pop,Calm,english,2.7775620829016976
4qAxrei7gxjbQs2NNuSH6N,Larkspur And Lazarus,Soft Black Stars,"[""Current 93""]",2005,Rock,Calm,english,1.9946091145125373
48Gvw1J68dy0pxHsETKM5b,"Lascia ch'io pianga (Let Me Weep) from ""Rinaldo""",Charlotte Church (US version),"[""George Frideric Handel"", ""Charlotte Church"", ""Sian Edwards""]",1999,Classical,Calm,italian,2.6183782882643
5alqFfqGE6bdMnK5k4Nh4D,Last Atmosphere,Significant Others,"[""Rachel's""]",2002,Rock,Calm,english,2.61138651162031
6pShmzDlyggckqUqheYIUP,Last Classic,Ever,"[""Love Spirals Downwards""]",1996,Pop,Calm,english,4.2309069157459
3LfczMsys32hW0t6c4PPxt,Last Light,Last Light,"[""Zero 7"", ""Jos\u00e9 Gonz\u00e1lez""]",2015,Electronic,Calm,english,1.8784240589543264
6KnRvlOpASG1xPXbNYOxSA,Last Light,Last Light,"[""Zero 7"", ""Jos\u00e9 Gonz\u00e1lez""]",2015,Electronic,Calm,english,1.8956593905293888
3XOf0xlTLNzajUyoDcTgMi,"Last Man Standing (From ""The Order: 1886"" Video Game Soundtrack)",The Order: 1886 (Video Game Soundtrack),"[""Jason Graves""]",2015,Classical,Calm,english,1.9525237608275188
71gRPupgchmgvgqi6URzU1,Last Night,The Essential Recordings,"[""Lightnin' Hopkins""]",2000,Blues,Calm,english,2.224240902579133
5egqT30FDjvOd8xMNiFGRs,Last Night I Dreamt That Somebody Loved Me,A Lifetime of Temporary Relief: 10 Years of B-Sides & Rarities,"[""Low""]",2016,Rock,Calm,english,2.4131524623966456
4smvPL55RNWcOY1XkQ88lN,Last Night When We Were Young,Plays The Music Of Harold Arlen,"[""Tommy Flanagan""]",2016,Jazz,Calm,english,2.0200284498251686
6DJ0VDTro8O80I0Ghgnj5R,Last Night When We Were Young,By Himself,"[""Dave Frishberg,Dave Frishberg""]",1998,Jazz,Calm,english,1.1509186406280267
7BBYv4MQTXgKXyzEF7gxdq,Last Night When We Were Young - Live,Live At The Village Vanguard,"[""Bill Charlap Trio""]",2007,Jazz,Calm,english,2.1561490657349527
07FM3f04OMmgzIwYFtXPF4,Last Secret Of The Sea,Sirena,"[""CousteauX""]",2002,Classical,Calm,english,2.1420051022040814
3Wab2zZAj7FCKRuEEBdYXj,Last Song (feat. Matt Berninger),Last Song EP,"[""Clogs"", ""Matt Berninger""]",2010,Folk,Calm,english,1.904488612874245
0KfgeblCASbw5jXJrt2Ldi,Last Train to Clarksville,The George Benson Collection,"[""George Benson""]",1981,Jazz,Calm,english,1.6305412940158477
2OLOQnVA7T76HdqhVKyNWC,Last Year,RELAXER,"[""alt-J""]",2017,Pop,Calm,english,1.643114869235098
6SX2KWmIbh9Zqhx2VSZaOY,Last Year,RELAXER,"[""alt-J""]",2017,Pop,Calm,english,1.6480347557526238
5lR1gSD7YTY2nXm93cJiRQ,Late Night Song For The Lonely,Teenage Hurt,"[""Oscar Lang""]",2018,Pop,Calm,english,1.569878907236888
1plisGeYI03JVxtwEKI7Ha,Lately,Lookaftering,"[""Vashti Bunyan""]",2005,Folk,Calm,english,1.2977551667741076
6ou8Lgpnpq3pfG6vsUW8gq,Lately (Deuxième),The Years,"[""Memoryhouse""]",2010,Pop,Calm,english,2.55447385070209
4gcQGWruSxPMyevTKKHO07,Laudanum,To Damascus,"[""Phantom/Ghost""]",2003,Rock,Calm,english,2.0992091141384024
1889TnDcybWk5bxDf0Gymb,Laughing Boy,The Complete Atlantic Albums,"[""Daryl Hall & John Oates""]",2019,Pop,Calm,english,2.4592709213624566
3ql3Ob1HM23hNuwfw35GOb,Laughing Boy,Abandoned Luncheonette,"[""Daryl Hall & John Oates""]",1973,Pop,Calm,english,2.4592709213624566
0sa8vtI8v0lA6DiUkd68I0,Laughing Guest,Shadow Weaver,"[""The Legendary Pink Dots""]",2002,Rock,Calm,english,2.894777244049102
3Tm6srHVF3aHS2nWCRaXo0,Laughter,Closer,"[""Nathaniel Rateliff""]",2015,Folk,Calm,english,1.1217828715563471
0ZsNQisETmdZlKoIpGzgdu,Laura,The Complete Savoy Master Takes,"[""Erroll Garner""]",1998,Jazz,Calm,english,2.1509882354396064
1R4ao6Uib5E7dcYM4ZqgUi,Laura,My Romance,"[""Houston Person""]",1998,Jazz,Calm,english,0.7486507929657215
3q3cb1Zb7x859njHAd3gfk,Laura,Sinatra Sings His Greatest Hits,"[""Frank Sinatra""]",1997,Jazz,Calm,english,3.5804716469751217
54CCE06uL4l1jReCe8pFae,Laura,Plays For Lovers,"[""Barney Kessel""]",2003,Jazz,Calm,english,1.7506058771596225
6OraZs2JYnnGeFzpIZh3dj,Laura,Tenor Giant,"[""Don Byas""]",1996,Jazz,Calm,english,1.2913895980037429
7KqOL9uR9WRVbQvapGFDLd,Laura,Blues For A Gypsy,"[""Frank Vignola""]",2001,Country,Calm,english,2.796810906724457
5hcDPGwHf11Qsfc098YBaO,"Lay Lay Off, Faselam",Pullhair Rubeye,"[""Avey Tare"", ""Kr\u00eda Brekkan""]",2007,Rock,Calm,english,2.946430983443308
0SxYKtZLczNCiyzgml3LSa,Lazy Love Days,Long Way From Home,"[""Lovespirals""]",2007,Pop,Calm,english,2.3539847614833027
5jouOO0oCTG0wlmAQl2gKT,Lazy Rain,Rain On Lens,"[""Smog""]",2001,Rock,Calm,english,2.1534881475514904
1UYIP72zToEOWvPi2bKz15,Lazy River,Magnolia,"[""Kevin Krauter""]",2015,Pop,Calm,english,1.3702352126547528
3mF7VgpHN7FvLv6CU3HOhK,Lazy River,Magnolia,"[""Kevin Krauter""]",2015,Pop,Calm,english,1.3655417371227256
488bHSvJSZvc5E7mn4hdYG,Lazy River,20,"[""Harry Connick, Jr.""]",1988,Jazz,Calm,english,1.5490561257986464
35kyf1sus3TW7ot6wqqjun,"Le Roi Est Mort, Vive Le Roi!","Le Roi Est Mort, Vive Le Roi!","[""Enigma""]",1996,Classical,Calm,english,3.922081905810358
4xOBbooiYvjCjksJc1w6ho,Lead A Normal Life,Peter Gabriel 3: Melt (Remastered Version),"[""Peter Gabriel""]",1980,Rock,Calm,english,1.573639675286321
2x18lczH9jrPlF6fTE9gm1,Lean,Dawn,"[""RY X""]",2016,Folk,Calm,english,1.783309443161491
1TOvPZU6dqthFkN1sr9nOl,Lean on Me,Grandma's Hands,"[""Al Jarreau""]",2014,Jazz,Calm,english,1.9314847434082123
7o0oTD64nHyiKDKFZxrNM8,Learning,Learning,"[""Perfume Genius""]",2010,Pop,Calm,english,2.332425801445029
7uH47hDTleGaYT45wMC8xb,Leary Blues,Texas Bluesman,"[""Zuzu Bollin""]",2012,Blues,Calm,english,3.0007055667501508
4NUgMG0zEQvlbJ1pEVnCFQ,Leave,Set My Heart On Fire Immediately,"[""Perfume Genius""]",2020,Pop,Calm,english,2.2595454342955748
1bG44dMnIIXZZdcHlxwz4v,Leave Her Johnny,"Rogue's Gallery: Pirate Ballads, Sea Song And Chanteys","[""Lou Reed""]",2006,Rock,Calm,english,1.537866153919242
3PGF0JZepRdyyD8N6Lnm59,Leave Your Effects Where They're Easily Seen,Get Nice!,"[""Spoon""]",2007,Rock,Calm,english,3.1626792734842284
49KFsWNk76yNtWEqM6nvLp,Leaves Eclipse The Light,Similes,"[""Eluvium""]",2010,Rock,Calm,english,1.2199098237092505
4vIUgO5pK5XdBhdourC1Yr,Leaves Eclipse The Light,Similes,"[""Eluvium""]",2010,Rock,Calm,english,1.2086321745387778
6bNuR0O76T3C7G0oOON4dH,Leaves Eclipse the Light,Leaves Eclipse the Light,"[""Eluvium""]",2010,Rock,Calm,english,1.3109322369158949
0wp2uTU203q0pwxYmdsUfa,Leaving,Home,"[""Hania Rani""]",2020,Classical,Calm,english,1.7414456565346408
7lagoTHY68xS8RQMxLvBsl,Leaving Meaning,leaving meaning.,"[""Swans""]",2019,Rock,Calm,english,2.1240949227847343
7y3gtTNvlla76gXpapybzm,Leaving Watership Down,Poison,"[""I Shalt Become""]",2010,Rock,Calm,english,3.4495283740322296
1kgqh0ddUF2JTlJvpGrFLA,Leeech,Ozma / Gluey Porch Treatments,"[""Melvins""]",1989,Rock,Calm,english,3.702507244879841
5qc2KC6bmWc8hQEE3jE81M,Left,Queen of Pain,"[""Devil Doll""]",2002,Rock,Calm,english,2.558451830376306
1S3iCPwpLZGi2Usp3fJWpy,Left Alone,Cat Walk,"[""Mal Waldron""]",2010,Jazz,Calm,english,2.4577140211092643
5O3fsEG10OEvVAVMVlJkJu,Left Bank,Pocket Symphony,"[""Air""]",2007,Electronic,Calm,english,1.32070033218808
2WCq9fX8lGXejoQKmlEN6G,Left Behind,Nailed.Dead.Risen,"[""Impending Doom""]",2007,Rock,Calm,english,3.332610335451564
3sMMEbYnSqWPRb8lgFVUen,Left Only With Love,Knock Knock,"[""Smog""]",1999,Rock,Calm,english,7.285303875979455
0f84S4bGqZ6biYTs2Zreo8,"Lento e Largo from Symphony No.3, op.36 (Symphony of Sorrowful Songs)",Dreamchaser,"[""Sarah Brightman""]",2013,Classical,Calm,english,2.153177177731314
72DxIGCEAp0mEn4hLFY7G7,Lençóis (Love Me),Lençóis (Love Me),"[""RY X""]",2022,Folk,Calm,english,1.5064129297361086
2GuDgGY2TmwVo3uMlp1iW3,Whitacre: Leonardo Dreams Of His Flying Machine,Light & Gold,"[""Eric Whitacre"", ""Eric Whitacre Singers""]",2010,Classical,Calm,english,3.105794885405844
0v6wYdDmryUARMGOoFoHjW,Lepers and Roses,Balaklava,"[""Pearls Before Swine""]",2018,Rock,Calm,english,0.8505849961435622
08zgxJGnMCWlTPrG1fsgEf,"Adoramus te, Christe","Catholic Classics, Vol. 4: Catholic Latin Classics","[""Th\u00e9odore Dubois"", ""The Cathedral Singers"", ""Richard Proulx""]",2000,Classical,Calm,spanish,1.9362854218270464
55FKLRppdWCUJeQTvifACa,Let It Snow,"Christmas With the 101 Strings Orchestra, Vol. 1","[""101 Strings Orchestra""]",2008,Classical,Calm,english,2.009888958413677
3JmFWxqo76kItdLb4FE2zK,Let It Snow! Let It Snow! Let It Snow!,Out Of This World,"[""George Shearing""]",2001,Jazz,Calm,english,1.3546983495951597
3qqCUDTPBKR8wTsoVl0sjV,Let It Snow! Let It Snow! Let It Snow!,Personal Christmas Collection,"[""Doris Day""]",1994,Jazz,Calm,english,2.625921523716244
6RrcEwvih3oiUlldQ2f8ji,"Let It Snow, Let It Snow, Let It Snow",Christmas with the 101 Strings Orchestra & Singers,"[""101 Strings Orchestra""]",2013,Classical,Calm,english,2.009888958413677
3Y0aH6PGDDJCzKIw2pKJkM,Let Me Come Closer to You,Some Years: It's The Time Of Colin Blunstone,"[""Colin Blunstone""]",1995,Classical,Calm,english,2.5253763375622915
2Rp8CEtTzk6pcIwiKnGwB5,Let Me Die,"Discography, Vol. 1","[""VELVETEARS""]",2018,Hip-Hop,Calm,english,2.984213153450612
46T7puWlH8ptC6lx7bQ3TY,Let Me Die,Let Me Die,"[""Lil Happy Lil Sad""]",2017,Hip-Hop,Calm,english,1.654661839870144
0lImSLCWoi9V1PxldVsFYq,Let Me Live In Your City - Work In Progress,There Goes Rhymin' Simon,"[""Paul Simon""]",1973,Folk,Calm,english,2.6972487501712883
1UAxPc9uZpHXjNDQ2ycJYR,Let Me Love Tonight,To See You,"[""Harry Connick, Jr.""]",1997,Jazz,Calm,english,2.712996351201324
65YN48Hq8ZANkw80rd9n6C,Let the Water Wash Away Your Sins (Reinterpretation),Far Cry 5 Presents: We Will Rise Again (Original Game Soundtrack),"[""Hammock""]",2018,Electronic,Calm,english,2.0247109473528133
6es0P4VRO2kQwjyFwPBiXW,Let's Do It Wrong,There's A Riot Going On,"[""Yo La Tengo""]",2018,Pop,Calm,english,2.102535566700927
3jeqmVBnl8Ix18DbhEWVVu,Let's Go To The Sea,You Won't Remember Dying,"[""Bulbous Creation""]",2014,Rock,Calm,english,2.365814399909808
6IBZ7ZRgaw0JJREUcKT31z,Let's Go Walking,The Braille Night,"[""Ida""]",2001,Rock,Calm,english,1.8795604655109988
5QXp2JjmRRAKXIW4kmzIO4,Let's Part in Style,Let's Part in Style,"[""Michelle Gurevich""]",2014,Rock,Calm,english,2.3339188051225004
24j6YXFaOkhGreq618nvtW,Letter to the Boy,Letter to the Boy,"[""Roo Panes""]",2022,Folk,Calm,english,1.541103002292186
75KlQv5b6YpGi5DKsr9zPA,Letters Don't Count,Nazz vs. Toddzila,"[""Nazz""]",2009,Rock,Calm,english,1.74817170564361
48hWZmVnAPX7esOq6UxqCL,Letting Go,Songs from the Valley,"[""Sandra McCracken""]",2018,Folk,Calm,english,2.709683623503497
7BANnFdD9hKSPVdcY4HqDu,Levee Blues,Lucille Bogan & Walter Roland (1927-1935),"[""Lucille Bogan""]",1992,Blues,Calm,english,2.198631490285632
7DitEePsNJa0B7gnwTnZ5O,Life #2,What Another Man Spills,"[""Lambchop""]",1998,Country,Calm,english,1.989458820881398
1YXF514rEiB72F9LFATyWu,Life After Lisa,"A Nice Night for an Evening, Vol. 2","[""Bowling For Soup""]",2019,Pop,Calm,english,1.532360222978673
6KYRdbUIpr9NnPhIGRG71C,Life Is A Gamble,Trouble Man,"[""Marvin Gaye""]",1972,R&B,Calm,english,1.4567126926071892
4vxsJyTGsAxnXWDuYseeQP,Life Time Warranty,Amy Locust Whatever,"[""Cyberbully Mom Club""]",2015,Electronic,Calm,english,1.898631829005426
22aXYw92dSg0a6vOVYW7TN,Life's Alright,Life's Alright,"[""Silicon Estate""]",2018,Pop,Calm,english,2.387571106226401
6IbenzmrDE9UFmmDgWFYXe,"Life, Life",async,"[""Ryuichi Sakamoto""]",2017,Classical,Calm,english,2.139236739037261
0YGHTxydVF22ibIwrWfEpZ,Lifeboy,Hoist,"[""Phish""]",1994,Rock,Calm,english,1.4744926446863216
0rXiynEHQGQDEykmFbuQ60,Lift Every Voice and Sing,A Splash of Pops,"[""J. Rosamond Johnson"", ""Keith Lockhart""]",1999,Classical,Calm,english,3.045796200834281
7q4rlo4HRlaKKIKaQLzuyc,Lift Every Voice and Sing,American Anthem,"[""J. Rosamond Johnson"", ""Keith Lockhart""]",2001,Classical,Calm,english,2.8964106358941004
7LP2IqTB6dCUxoyQSJaRZ0,Light + Space,Quarantine,"[""Laurel Halo""]",2012,Electronic,Calm,english,2.3814277174789287
3MjJRSbFVkbiRJpJWOXVKX,Light My Fire,Light My Fire,"[""Eliane Elias""]",2011,Jazz,Calm,english,2.111146676775528
5oCEVL7k4CcCoREXisJM7T,Light My Fire,Light My Fire,"[""Eliane Elias""]",2011,Jazz,Calm,english,2.111146676775528
6DWPgp4LiL31f8nF1xWLPE,Light My Fire,One By One,"[""The Free Design""]",2004,Classical,Calm,english,2.234202834570808
7DQlpetMVVz93f2EdyKh2i,Light Song,Particles & Waves,"[""Cranes""]",2005,Rock,Calm,english,1.4760566812362812
7LpEotX5nSacwXSuNOmJ1k,Light Up,Rooms on the Ark,"[""nimino""]",2021,Electronic,Calm,english,1.1483092514950066
3AS0Ti3oz0MpBa7UIoQxd2,Light Years,"Apex, Trance-Like","[""Duster""]",1998,Rock,Calm,english,2.2633754983723664
3dfCp479GJZit934cyQ2zG,Light Years,Capsule Losing Contact,"[""Duster""]",2019,Rock,Calm,english,2.2633754983723664
2vUgngjGZi4sgllRVcBRxN,"Light and Shadow (From ""League of Legends - Star Guardian"")","Light and Shadow (From ""League of Legends - Star Guardian"")","[""PianoPrinceOfAnime""]",2021,Pop,Calm,english,2.166990687237596
0O44lAoHhGnFvr3vAvUZ4x,Lights in the Sky,The Slip,"[""Nine Inch Nails""]",2008,Rock,Calm,english,0.8801987310099229
1ug2hcQ3QKLZtqTpZlq2MJ,Like An Angel,For The Stars,"[""Anne Sofie von Otter"", ""Benny Andersson"", ""Fleshquartet""]",2001,Classical,Calm,english,2.6987710047590148
2uRyDsrzIg3kb4Ns3wzh5Q,Like An Angel,Love Moods - The Most Romantic Classics,"[""Benny Andersson"", ""Bj\u00f6rn Ulvaeus"", ""Anne Sofie von Otter"", ""Fleshquartet""]",2003,Classical,Calm,english,2.7856400999624045
27UNiUSmKHj8eitfxqWLsn,Like An Angel Passing Through My Room,Waterloo - Abba's Greatest Hits In A Classical Style,"[""Benny Andersson"", ""Bj\u00f6rn Ulvaeus"", ""Sissel""]",2014,Pop,Calm,english,2.341889645908452
73dTWOnHVcbrlt8zHmxuWh,Like An Hourglass - Phonovisions Symphonic Version,Phonovisions Symphonic Orchestra,"[""Wax Tailor""]",2014,Electronic,Calm,english,4.107636073444794
1uoswgp0iFqFUOGxpMfniQ,Like Dust I Have Cleared from My Eye,Grace for Drowning,"[""Steven Wilson""]",2011,Rock,Calm,english,2.28330104402978
7bVX2oSKP90dvanXS7iQvt,Like It Was (From Merrily We Roll Along),Sondheim: Putting It Together (Original Off-Broadway Cast Recording),"[""Julie Andrews"", ""Scott Frankel""]",1993,Classical,Calm,english,2.930299955340171
7qztBdZO1X2DSJIEUMDJOR,Like Lovers,Berlin,"[""ROME""]",2010,Classical,Calm,english,1.9742856594109424
0FXG5rZpjjfAVqVKRciqKD,Like Music,Shadows of the Sun,"[""Ulver""]",2007,Rock,Calm,english,1.9550949663398065
7ld6gIWQFZIFziRFN3izO3,Like Music - Live,Live at the Norwegian National Opera,"[""Ulver""]",2013,Rock,Calm,english,1.9950755183359288
0L0DuSA0LlBCENahPXIyQt,Like Rats,Like Rats,"[""Mark Kozelek""]",2013,Rock,Calm,english,1.3246115507825276
1irS6wtXCUUF5ytfPqOzpM,Like Spinning Plates,Amnesiac,"[""Radiohead""]",2001,Rock,Calm,english,2.0533035508345487
1qVP3GP1pUhJxogteiIi78,Like Spinning Plates,Amnesiac,"[""Radiohead""]",2001,Rock,Calm,english,2.0549990669737013
1mw5MkaBQwKfz4ecH9IW7D,Like Statues in the Garden of Dreaming,Dark Age of Reason,"[""Arcana""]",2010,Electronic,Calm,english,1.0037790784549854
7LyBNNg9CrrPzLTRjzE9qM,Like a Clock,Collected Recordings,"[""Gareth Dickson""]",2013,Folk,Calm,english,0.4109956615403269
7HTDpbjtRXebiPTEdRrVV3,Like a Dream (feat. Vangelis),I Love You,"[""Montserrat Caball\u00e9"", ""Vangelis""]",2003,Classical,Calm,english,2.46535370122807
4ciG2CJy5aV01M3f3EeTSf,Like a Lamb to the Slaughter...,Poison,"[""I Shalt Become""]",2010,Rock,Calm,english,2.707574544912297
0LqcdN6104AK55dUCiYF1a,Like a River,Like a River,"[""Ocie Elliott""]",2021,Folk,Calm,english,2.4033203860870733
5VryGYYxjqTe5rPg91UZSi,Like a River,The Middle,"[""Mree""]",2019,Electronic,Calm,english,1.1278655870173904
0YR90yCMQ46dTmG3NHs7GE,Like an Old Fashioned Waltz,White Shoes,"[""Emmylou Harris""]",1983,Country,Calm,english,2.311544018454464
7ijHwpd8USKhXBmU0TlAjU,Like an Old Fashioned Waltz,The 80's Studio Album Collection,"[""Emmylou Harris""]",2014,Country,Calm,english,2.311544018454464
08o5I2MCy7KtZ4ypGDxJ1v,Like someone in love,Introducing Doug Raney,"[""Doug Raney""]",1991,Jazz,Calm,english,1.7894381537607669
34tNkOf2LNQ2gMgA8ZLfex,Lil Darlin,All Blues,"[""George Benson""]",2012,Jazz,Calm,english,1.4497752485716835
742Le9hIKhmATOP1zXn3oi,Lil Darlin',Lil Darlin',"[""George Benson""]",2007,Jazz,Calm,english,3.105096160251468
0iogR2IYEk9RiJUQcvC4ba,Lil Darlin' (Live),Essential George Benson (Live),"[""George Benson""]",2012,Jazz,Calm,english,1.442145758995568
3lWRimAQsHM420LsSEZG9z,Lil Darlin' (Live),George Benson Shows Us How (Live),"[""George Benson""]",2013,Jazz,Calm,english,1.442145758995568
6FKxTL7VW160QscbtSFmrA,Lil Darlin' (Live),Live at the Casa Caribe Vol. 2,"[""George Duvivier"", ""George Benson - Al Harewood"", ""Mickey Tucker""]",2011,Jazz,Calm,english,1.442145758995568
4cZv8U8oTMHZTxI0JfE1hc,Lil' Darlin',Benson's Best,"[""George Benson""]",2009,Jazz,Calm,english,1.4505231794823603
0VlJPmRvF0Vj7Md9fWNoei,Limbo,The Cocoon,"[""Richard Henshall""]",2019,Rock,Calm,english,1.4296643650193537
4R4APotmse8E1qZztFJPpW,Lions - Acoustic,Acoustic Sessions,"[""William Fitzsimmons""]",2014,Folk,Calm,english,2.2815272508960507
3f2bHdl1cwIeEiM9JpHA6r,Lisa's Separation,The Golden Age,"[""The Legendary Pink Dots""]",2001,Rock,Calm,english,2.343077341828126
5CuWFn8LTE9UazQuZMuwGy,Listen,Songs From The Big Chair (Super Deluxe Edition),"[""Tears For Fears""]",1985,Pop,Calm,english,2.5193401537985083
6eAPuRbhPyTwY0xTBkHHtH,Listen,Songs From The Big Chair,"[""Tears For Fears""]",1985,Pop,Calm,english,3.165920531139479
0NztO4G55mbnYQgvUjuMLm,Listen to the Hummingbird,Thanks for the Dance,"[""Leonard Cohen""]",2019,Folk,Calm,english,1.789363723807441
3Ulan7E0FZxQC0IQPDUICu,Little Bit of Rain,1966,"[""Karen Dalton""]",2012,Folk,Calm,english,0.9378183990985366
1h9SEiJEqR6A7LFZJFUYTT,Little Blue Bird - Live,Live at the Norwegian National Opera,"[""Ulver""]",2013,Rock,Calm,english,3.057666750205485
3Gjj8LeMagv4Ou2p7kgQHT,Little Changes,Sling,"[""Clairo""]",2021,Pop,Calm,english,2.723502497114566
5MjxV03vafnAonUHKzv0Xr,Little Deschutes,July Flame,"[""Laura Veirs""]",2010,Folk,Calm,english,1.9775702659818275
1bKRkiT7RdtyO5G6Q05IJj,Little Drummer Boy,Ultimate Calm Christmas Jazz,"[""Scott Hamilton""]",2022,Jazz,Calm,english,2.025623646204451
0hIy3U1BoNA28NRBzU6ECp,Little Fall Of Rain,Les Misérables: The Motion Picture Soundtrack Deluxe (Deluxe Edition),"[""Eddie Redmayne"", ""Samantha Barks""]",2013,Classical,Calm,english,2.903478118423537
1RWLH9fInRDT0lK1ccmnWg,Little Girl (Rerecorded),Wild Thing - The Best of the Troggs (Rerecorded Version),"[""The Troggs""]",2002,Rock,Calm,english,1.431511308779379
5v8Ni83qMPCsfXqhGDo88Q,Little Girl Blue,With A Smile And A Song,"[""Doris Day""]",2012,Jazz,Calm,english,2.7502755653112514
632CP1h7k6lrc1vconGzPr,Little Girl Blue,The Very Best Of Diana Krall,"[""Diana Krall""]",2007,Jazz,Calm,english,2.323891170753605
7KWPvoqajOTdDsQfFPAVbT,Little Girl Blue,With A Smile And A Song,"[""Doris Day""]",2012,Jazz,Calm,english,2.7502755653112514
2vCXL2y23bxv5AopsNLllL,Little InVitro,Pure,"[""Gary Numan""]",2000,Rock,Calm,english,1.544223666134802
4dSQkisRRJNPntkETvHtKQ,Little K,I've Been Trying To Tell You,"[""Saint Etienne""]",2021,Pop,Calm,english,1.648593566480787
5lXdWuoOlqoxq4Rsu1yDlF,Little Leaf,Goodbyes,"[""The Bilinda Butchers""]",2012,Pop,Calm,english,1.7601755158388237
2vhv6QhlBbwJ1caVctYnr6,Little Panda McElroy,Fabulous Muscles,"[""Xiu Xiu""]",2004,Pop,Calm,english,2.377004857931858
7p3AeUfrHFKdBuyVTXwXKW,Little Paradise,Dance Of Time,"[""Eliane Elias""]",2017,Jazz,Calm,english,1.433535221387807
45zlIlHtm9DUYnEBYw8Lkq,Little Person,Weltentraum,"[""Michael Wollny"", ""Tim Lefebvre"", ""Eric Schaefer""]",2014,Jazz,Calm,english,0.7804699248709378
1RXk35YTrEYsdJH7jFjqda,Little Tree,Byu Choirs and Eric Whitacre 2,"[""Eric Whitacre""]",2009,Classical,Calm,english,2.410781385068638
4RJPKjztR8aoj5P6GToXFC,Live As If Someone Is Always Watching You,Rain On Lens,"[""Smog""]",2001,Rock,Calm,english,2.783889486738879
4dFxVq5kNFarIoNToTHCvh,Live Jack,Ghost of Your Guitar Solo,"[""MJ Lenderman""]",2021,Country,Calm,english,1.9765835865789343
1YS667hlmXFaIHW7t13B8K,Live Like You Were Dying,"Pickin' On Tim McGraw, Vol. 2","[""Pickin' On Series"", ""The Sidekicks""]",2006,Country,Calm,english,1.8927985810693528
76nQPzjNbMFt770NrZsllE,Living In A Daydream,Teenage Hurt,"[""Oscar Lang""]",2018,Pop,Calm,english,2.1530722972472525
1nJV1JGWf61WRJy851LO34,Living Room,The Man Who Died in His Boat,"[""Grouper""]",2013,Electronic,Calm,english,0.6165037800050265
7mFb4JKUxg9AejE8X4O6Tz,Living on the Inside,Tiger In The Rain,"[""Michael Franks""]",1979,Jazz,Calm,english,2.3702155096819104
66MNEC6GF5DEP3utyagq0J,Liza,'Justments,"[""Bill Withers""]",1974,Blues,Calm,english,2.2430818354116537
2pnu2daFVs2wgasI1BGdU8,Liza (All the Clouds'll Roll Away),Gershwin Fantasy,"[""George Gershwin"", ""Joshua Bell"", ""London Symphony Orchestra"", ""John Williams""]",1998,Classical,Calm,english,1.9800596591341864
569ecgJTNA8gKN7waHdCKi,Ljudet Av Gud,Full of Hell & Merzbow,"[""Full Of Hell""]",2014,Rock,Calm,english,3.983002622330238
2yDvudQsPuoywwCbxtaDJW,"Llangloffan ""We Praise Thy Name, All-Holy Lord""","The Complete New English Hymnal, Vol. 15","[""Traditional"", ""Liverpool Metropolitan Cathedral Choir"", ""Richard Lea"", ""Mervyn Cousins""]",2003,Classical,Calm,english,2.183484236688242
0PO5Xtyi2pdyn18FnKLOf5,Lo! How A Rose E'er Blooming,Songs For Christmas,"[""Sufjan Stevens""]",2006,Classical,Calm,english,1.764076208601494
2MX3r0cSA4xbT53aelD2Cj,"Lo, How A Rose",Modern Masters,"[""Octarium""]",2009,Classical,Calm,english,2.7572053869207265
1i7T3TVwxStl7GsYmADdZe,"Lo, How A Rose E'er Blooming",Alfred Deller: The Complete Vanguard Classics Recordings: Music For The Christmas Season,"[""Alfred Deller and the Deller Consort""]",2008,Folk,Calm,english,3.3242309520274578
2k7JgxRa8vwYAe6oev7L6k,"Lo, How A Rose E'er Blooming",Shout the Glad Tidings,"[""The Singers - Minnesota Choral Artists""]",2005,Classical,Calm,english,2.345314022146668
2fMIpPDEGpHoiHxeExLS1p,"Lo, How a Rose E'er Blooming",What Hand Divine,"[""The Compline Choir""]",2015,Classical,Calm,english,3.1891428510886333
3BS658jjE4Os7pl8mZ1JK0,"Lo, How a Rose E'er Blooming",The Wonder of Christmas,"[""Michael Praetorius"", ""Jan Sandstr\u00f6m"", ""The Elora Singers"", ""Noel Edison""]",2014,Classical,Calm,english,4.088506790890492
52nLrDmEzjZokAekKIlMtZ,"Lo, How a Rose E'er Blooming",Christ Was Born to Save: Christmas with the Dominican Friars,"[""Dominican House of Studies""]",2016,Classical,Calm,english,2.095066737202423
6C1kSouh83IPwDjVRlMgdG,"Lo, How a Rose E'er Blooming",A Christmas Festival,"[""E. Power Biggs"", ""Gregg Smith Singers"", ""Gregg Smith"", ""The Texas Boys Choir""]",1999,Classical,Calm,english,2.5169587381178062
7BpEUnCvEqCULdHH4Ja3z8,"Lo, How a Rose E'er Blooming",The Wonder of Christmas,"[""Michael Praetorius"", ""Jan Sandstr\u00f6m"", ""The Elora Singers"", ""Noel Edison""]",2014,Classical,Calm,english,4.088506790890492
6RD3LBDyVT2BKZ9adGnu2A,Loch Lomond,Let Your Voice Be Heard,"[""Cantus""]",2001,Classical,Calm,english,2.756482575677586
26AhgCPP2OKAnF4AyBf2Kg,Locket,Locket,"[""Crumb""]",2017,Rock,Calm,english,1.8937592218532195
2vfPsGhqMbqmhjMGQ52dYf,Locket,Locket,"[""Crumb""]",2017,Rock,Calm,english,1.8956998807228584
7ePJDGh6zM0XrOslnnz1Rj,"Locus iste, WAB 23",Bruckner: Mass in E Minor & Motets,"[""Anton Bruckner"", ""Collegium Vocale Gent"", ""Philippe Herreweghe""]",2002,Classical,Calm,spanish,3.5197716552712457
6lLEcf38K418iK8km3JHLO,Locust Star,Official Bootleg.01.Lyon.France.11.02.99,"[""Neurosis""]",2002,Rock,Calm,english,2.750317572836053
3vw16Q66U7RoEEFmrDbLRC,London Bridge Is Falling Down,Baby Lullabies with Soothing Night-time Sounds,"[""Nursery Rhymes ABC""]",2022,Folk,Calm,english,3.5548607594581587
6VTMSz0cRHYR2MWEKd5uQ6,Lonely Angel,LET THE WORLD BURN,"[""PRXJEK""]",2017,Hip-Hop,Calm,english,1.771800999303465
5PuRmB6TSDNVQQqUasstiT,Lonely Wanderer,Panda Bear Meets The Grim Reaper,"[""Panda Bear""]",2015,Rock,Calm,english,2.831487870167129
3KmSkkjC7c6QStwKyNfgpo,Lonesome Home Blues,Jackson Blues (1928-1938),"[""Tommy Johnson""]",2013,Blues,Calm,english,2.78078349528807
5bvRtf3UPjSDVAuUaBuGjx,Long After the Embers Are Cold,Tickling the Dragon's Tail,"[""Misled Convoy""]",2014,Electronic,Calm,english,2.8441339292576555
4gLvlxgkdfhTjrrbFyewDB,Long Ago and Far Away,The Nearness of You,"[""Red Garland""]",2014,Jazz,Calm,english,1.2659350250072483
3xHAGOLnm7d7mYJk7p3U58,Long Before,There Is No One What Will Take Care of You,"[""Palace Brothers""]",1993,Country,Calm,english,2.185035898371612
4SKQQPhhCVpRUUlpGd7ynF,Long Way,"Tonight, I'm Leaving...","[""Vello Leaf""]",2009,Rock,Calm,english,2.472021234091445
21XLpLMgeceanOUazSsRLp,Long Way Away (Intro),Splendor & Misery,"[""clipping.""]",2016,Hip-Hop,Calm,english,2.941271089045685
3XwTmoLSKn3NjnnO78EW1d,Long Way From Home,Masters Of The Delta Blues: The Friends Of Charlie,"[""Louise Johnson""]",2005,Blues,Calm,english,1.88989459819398
44c7ji5PhTUxQP3hnL8jaI,Long Ways From Home,Juke Joint Saturday Night: Piano Blues Rags & Stomps,"[""Louise Johnson""]",2005,Blues,Calm,english,2.1052609338717985
6TgmeL1lwwBrkxg9dRMxGf,Long ago and far away,When Sunny Gets Blue,"[""Chet Baker""]",1988,Jazz,Calm,english,2.678242648055382
6eJuqFAFE4u6BKGo9k5ZtV,"Look Mummy, No Hands","It, Wit, Don't Give a Shit Girls","[""FASCINATING AIDA""]",1997,Pop,Calm,english,4.994132711887014
010ALbbh5KlQ4fKWgSdhRd,Look On Down From The Bridge,Among My Swan,"[""Mazzy Star""]",1996,Rock,Calm,english,0.9709559232806272
5QG6wl5TKBveTl8V72AHQf,Look Outside,The Noise Made By People,"[""Broadcast""]",2000,Rock,Calm,english,3.444850302957015
5n7LL6AiqF2wPswKKROptA,Look for Me,Hidden Gems,"[""Nico Muhly"", ""Calefax Reed Quintet""]",2018,Classical,Calm,english,2.206877213301853
7zkoQ2o4ODQTDPmPpNxpAl,Looking Back to Me,Elk-Lake Serenade,"[""Hayden""]",2004,Rock,Calm,english,2.2023514181270687
69Pp5WPoB0K1a4mBs7JqN5,Looking Through the Eyes of Love (Arr. for Trombone and Big Band),Eternal Gratitude,"[""Melissa Manchester"", ""Domingo Pagliuca"", ""Big Band Jazz de la Americas""]",2019,Pop,Calm,english,2.268427186258181
4wCg95zm652wWBnryX9oS6,Loom — piano reworks,some kind of peace — piano reworks,"[""Eyd\u00eds Evensen"", ""\u00d3lafur Arnalds""]",2022,Classical,Calm,english,1.9779828830625288
5z326NHauet8u9sA2legEb,Lords of Tresserhorn,Sea of Worry,"[""Have A Nice Life""]",2019,Rock,Calm,english,4.006326167673135
4tRDKkskZ93SPTNLkePXF0,Lost,Official Bootleg.01.Lyon.France.11.02.99,"[""Neurosis""]",2002,Rock,Calm,english,3.244034022416077
4yj7GbrRYKWu6uRxvnA8or,Lost,Funerals From The Astral Sphere,"[""Midnight Odyssey""]",2015,Rock,Calm,english,1.0926366461935777
6t6wMkIsaloQCyvYXmWMDz,Lost In Dreams,The Outside Room,"[""Weyes Blood""]",2011,Pop,Calm,english,1.9906723488580704
4BJrICCE8mLHncGMm42TN6,Lost In Meditation,Columbia Original Masters,"[""Duke Ellington""]",1972,Jazz,Calm,english,1.2094186383972838
2jOC5aQHBRbB7edIElnf2h,Lost In Nothingness,The Fall Of A Rebel Angel,"[""Enigma""]",2016,Classical,Calm,english,1.9067024808390545
1ma3Eqg37RW6WZsrhlTIYU,Lost In The Stars,The Best Of Patti Austin,"[""Patti Austin""]",1994,Pop,Calm,english,2.5718028260967807
1eZfMt7r4l33HkFHJ6ffJo,Lost Inside of You,A Star Is Born,"[""Barbra Streisand"", ""Kris Kristofferson""]",1976,Country,Calm,english,1.8753033201430704
32wyGBvPVy4RvMXrOgrDIS,Lost Inside of You,Duets,"[""Barbra Streisand"", ""Kris Kristofferson""]",2002,Country,Calm,english,2.4409545982846668
0PLtBp8VchqMaJMl4abJaZ,Lost Keys (Blame Hofman),"10,000 Days","[""TOOL""]",2006,Rock,Calm,english,3.458155288393848
2YXPzXlKw3O7O6m71B0H4K,Lost and Forgotten,Dust To Dust,"[""Steve Roach"", ""Roger King""]",1998,Electronic,Calm,english,2.674528125374384
0wfNdMJMIduTUoWcyRiEwU,Lost in Mystic Woods and Cursed Hollows,Galdrum,"[""Stormkeep""]",2020,Rock,Calm,english,2.0398107460814754
63CXPpiEiW7JnXvZ1cUXcp,"Lothlorien (feat. ""Lament for Gandalf"")",The Lord of the Rings: The Fellowship of the Ring (Original Motion Picture Soundtrack),"[""Howard Shore"", ""Elizabeth Fraser""]",2001,Classical,Calm,english,1.7726877194627917
33p7jMh4ThQdZ3fe6scpfI,Lotus Blossom,One Bad Habit,"[""Michael Franks""]",1980,Jazz,Calm,english,2.605060700055528
1nU25TMVjJriLVH2VJ1gAp,Lou,Death Stranding (Original Score),"[""Ludvig Forssell""]",2019,Classical,Calm,english,2.839596845786151
4QdXm5C9xS6p3DxRrOuss9,Loud as Hope,Around the Well,"[""Iron & Wine""]",2009,Folk,Calm,english,2.266365891983462
0Jia1PI6ynoKQn9mQ5kDwR,Louisiana,Barking,"[""Underworld""]",2010,Electronic,Calm,english,1.6334712157149052
08c0NFltDfl807ci9XGA4Y,Louisiana Bound,Juke Joint Saturday Night: Piano Blues Rags & Stomps,"[""Charley Taylor""]",2005,Blues,Calm,english,1.4104635705197224
3E7SFhUUqvbUEgHVkdstOF,Love,Return To Pooh Corner,"[""Kenny Loggins""]",1994,Pop,Calm,english,3.172099389134229
6xctHZIHDfTMx9g3QRvPPk,Love And Mercy - From The Walking Dead,Love And Mercy (From The Walking Dead),"[""Gazelle Twin""]",2015,Electronic,Calm,english,1.0364827032892587
6yvQ2IbIrlwiMNwZU66XoR,Love Calls You By Your Name,Songs Of Love And Hate,"[""Leonard Cohen""]",1971,Folk,Calm,english,2.531258218305
0CDvrR0uaTowzlImDRt2DV,Love Can Build A Bridge,Serene Classics,"[""Phil Coulter"", ""Judd /Jarvis /Overstreet""]",2014,Folk,Calm,english,2.321395935224626
6eYbvmgYBrNt4C4WW46Ot5,Love Comes To Me,The Letting Go,"[""Bonnie Prince Billy""]",2006,Country,Calm,english,1.5988770527954217
4hpRjhnatDooOtbPuG1Vmj,"Love Divine, All Loves Excelling (Arr. J. Rutter for Choir & Organ)","Sing, Ye Heavens: Hymns for All Time","[""Rowland H. Pritchard"", ""The Cambridge Singers"", ""John Scott"", ""John Rutter""]",2000,Classical,Calm,english,3.274126685685481
6cvKWfzh1NTJMWXaAIVt63,Love Farewell,Good and Green Again,"[""Jake Xerxes Fussell""]",2022,Country,Calm,english,1.501482424622932
51D6yk3vpSE6s82N9YCrNt,Love For Sale (Live),Live at the Casa Caribe Vol. 1,"[""George Benson""]",2011,Jazz,Calm,english,2.660348984283879
0lenidP4Dn0eeY5j5NbFKK,Love Hungry Man,What's Next To The Moon,"[""Mark Kozelek""]",2001,Rock,Calm,english,2.1662357807617925
0guF5Cur7hPyCygl7AkbNk,"Love In a Home - From the Broadway Musical, ""Lil' Abner""",A Perry Como Christmas,"[""Perry Como""]",2001,Pop,Calm,english,3.0165362046054933
4rYyHOBp50zEluztNe8fkS,Love Is Blue,Marty Robbins' All-Time Greatest Hits,"[""Marty Robbins""]",1991,Country,Calm,english,1.326653917924151
2WNuH4hEPV1zAInYfuDXBu,"Love Is Dead, All Love Is Dead",Grave of a Dog,"[""Sightless Pit""]",2020,Rock,Calm,english,1.3608255011262858
2QzijvknkVWvfsN07RIeAn,Love Is Here To Stay,"Harry Connick, Jr.","[""Harry Connick, Jr.""]",1987,Jazz,Calm,english,2.173331637611488
7duMo5Qom9NRBI2gp2usVO,Love Is Here To Stay,Gershwin For Lovers,"[""Marcus Roberts""]",1994,Jazz,Calm,english,3.648694373959141
7jK7PxrwaLC2HWGUvqXewU,Love Is Here to Stay,My Romance,"[""Houston Person""]",1998,Jazz,Calm,english,2.1091374016978848
03HCWn4yeY9sPbUcLOvlKL,"Love Is Here to Stay (From ""An American In Paris"")",Film Soundtrack Classics,"[""George Gershwin"", ""The John Wilson Orchestra"", ""Curtis Stigers""]",2019,Jazz,Calm,english,2.4921639938346734
191Gqh385Fes6lqE8kd5Ve,Love Is Rare,Tom Day & Monsoonsiren (Deluxe Edition),"[""Tom Day"", ""Monsoonsiren""]",2018,Electronic,Calm,english,3.3587811969381005
7tdxNH6aO1hHt2uELXbwPa,Love Is Strong,Tell Me I'm Not Dreamin',"[""Sara K.""]",1995,Jazz,Calm,english,2.681914146160233
4ia62L0TPezUJmDiyAAVpI,Love Is a Mighty Big Word,Draining Love Story,"[""Sewerslvt""]",2020,Electronic,Calm,english,3.652032460092261
53DvB2DH6Fj4RU2SZ5VDu3,Love Is the Sweetest Thing,Britain's First Pop Star - The Best of Al Bowlly,"[""Al Bowlly""]",2014,Jazz,Calm,english,1.766325360810483
630WdwmabOS8mMAZCmm2or,Love Isn't a Right,Bambi,"[""Momus""]",2013,Classical,Calm,english,2.643035508532834
2drnrigYRSKsWVWbLSCd1t,Love Letters,The Look Of Love,"[""Diana Krall""]",2001,Jazz,Calm,english,1.912180244403276
24Axpf2jGwlzCrddAEiLgl,Love Like This,Love Like This,"[""RY X""]",2014,Folk,Calm,english,1.2263264901269164
4lpbUwE8PPBIhaBK3hJcpJ,Love Me Tender,Movie Love Songs,"[""Linda Ronstadt""]",2018,Country,Calm,english,2.669170540879153
6pL4NYZhDHpzULZlLuX8u5,Love Me Tonight,"My Secret Heart: Songs of the Parlour, Stage and Silver Screen","[""Rudolf Friml"", ""Ben Heppner"", ""Jonathan Tunick"", ""Duncan Riddell""]",1999,Classical,Calm,english,2.7237208219835938
2NUL9ydXQPZhDqWei9G4yF,Love Me or Leave Me (78rpm Version),"The Essential Count Basie, Vol. I","[""Basie's Bad Boys""]",1987,Jazz,Calm,english,3.6115113620470334
01PEOPCuzG5bYVNdPWbbP1,Love Some1,Held,"[""Holy Other""]",2012,Electronic,Calm,english,2.4633781182169376
0kVj9qG7wa8PLKoTZjBZ2V,Love Song,Just Another Diamond Day,"[""Vashti Bunyan""]",1970,Folk,Calm,english,2.749368938868145
1EBJmhL6BHccHZAaYe8ore,"Love Story (From ""Love Story"")",100 Greatest Film Themes,"[""The City of Prague Philharmonic Orchestra""]",2007,Classical,Calm,english,1.4531577235236386
5X7ZrJifNZtPMI6zFZUmui,Love Story (You and Me),Nilsson Sings Newman,"[""Harry Nilsson""]",1970,Classical,Calm,english,2.288143046720984
06JM3tfixqVhSO48XbDRUJ,Love Walked In,"Rhapsody In Blue: Saint-Säens, Ravel, Gershwin","[""George Gershwin"", ""Benjamin Grosvenor""]",2012,Classical,Calm,english,0.937176174628404
2zLFQEJp0AwkSgTQljPQtu,Love Walked In,This Is Jazz #2,"[""Chet Baker""]",1996,Jazz,Calm,english,1.8697207920933767
6IvtJDdMNkIdll2VJ2jAEC,Love Walked In,Laidback Benson - [The Dave Cash Collection],"[""George Benson""]",2011,Jazz,Calm,english,2.9183418267652432
5FoZBYbQSrtXg7fNiCY7Ly,Love Walked In (Live),George Benson Shows Us How (Live),"[""George Benson""]",2013,Jazz,Calm,english,1.6159599852408368
33z70kPS4Iwxyd1KKpxMQk,Love Will Tear Us Apart,Melody Mountain,"[""Susanna"", ""Susanna and the Magical Orchestra""]",2006,Pop,Calm,english,2.5642784094267257
609Ijq9qJNxxLfJL7SUCNf,Love at Home - Live,Voices In Harmony,"[""John Hugh McNaughton"", ""The Tabernacle Choir at Temple Square"", ""Vocal Majority"", ""John Longhurst"", ""Jerold D. Ottley""]",1987,Classical,Calm,english,3.561912992168648
1WxKj5NiBykUYvbCL6paM7,Love for Sale,Back To Back Legends,"[""George Benson""]",2008,Jazz,Calm,english,2.6435278330304834
1kpKKhYrPneyAX2F5tByI6,Love for Sale,The Best of George Benson,"[""George Benson""]",2010,Jazz,Calm,english,2.514947266314306
53p9QVALEwiyy5NEa996hz,Love for Sale,All Blues,"[""George Benson""]",2012,Jazz,Calm,english,2.514947266314306
34RspYXD2HwAiMESyJh3uZ,Love for Sale (Live),Essential George Benson (Live),"[""George Benson""]",2012,Jazz,Calm,english,2.660348984283879
6we95sbyar0SSHOlWk0VJC,Love to Me,The Light in the Piazza,"[""Matthew Morrison"", ""Adam Guettel""]",2005,Classical,Calm,english,2.6969653343229862
31L5UB9HKtadbvVEGhkLGp,Lovelier Girl,Beach House,"[""Beach House""]",2006,Pop,Calm,english,0.897278124793116
2YxXBLWd39JelHf6LhxZ2o,Lovely Head,Felt Mountain,"[""Goldfrapp""]",2000,Electronic,Calm,english,1.899470040355551
3uOxi3XD2dfSlUy3q1r73V,Lovestain,Veneer,"[""Jos\u00e9 Gonz\u00e1lez""]",2006,Folk,Calm,english,2.1159104293442974
0SsZ0QgwK4B3wGL2GNCsA7,Lovestain - Kyss Mig - With Every Heartbeat OST,Kyss Mig - With Every Heartbeat,"[""Jos\u00e9 Gonz\u00e1lez""]",2011,Folk,Calm,english,2.163341450729625
1WoomT0pTIiZVhSyvn9xTb,Lovin' And Touchin' - Remastered,Freaky Styley,"[""Red Hot Chili Peppers""]",1985,Rock,Calm,english,1.6020762797659538
3tF5AEoePZ368JwIAAcYuj,Lovin' On Borrowed Time,Dreamer,"[""Bobby \""Blue\"" Bland""]",1974,Blues,Calm,english,3.166256195536379
5hXDmvBdmSaF2QmXAhvqyf,Loving U Thru It All,Pure Guava,"[""Ween""]",1992,Rock,Calm,english,2.426112507692412
6qAdwuEo0iZJqHHnelNaLy,Lozenge of Love,My Iron Lung,"[""Radiohead""]",1994,Rock,Calm,english,2.160570111285887
7hM1ua6Wvp9Z0Zzxkt8gOV,Lucifer,Lucifer,"["":Of The Wand And The Moon:""]",2003,Classical,Calm,english,1.675890226949221
6vjw4szqBnPOwFGy9Ej8pk,Lucky,Strung Out On OK Computer: VSQ Performs Radiohead,"[""Vitamin String Quartet""]",2001,Classical,Calm,english,2.292190007068116
2OzXmfyJJ8VxaODYHX5T1C,Lucy,The Vault: Pure Gold,"[""Ari Mason""]",2018,Electronic,Calm,english,1.977775388508341
1lIfLgpNqkLA26BXrbGVnp,Lullaby,Skyscraper National Park,"[""Hayden""]",2001,Rock,Calm,english,2.0901208445876875
3CAcB5CkOTwKouLSN6IDTr,Lullaby (Roses whisper goodnight),Charlotte Church (US version),"[""Johannes Brahms"", ""Charlotte Church"", ""Sian Edwards""]",1999,Classical,Calm,english,2.10497300242854
4y86Ebtv0KlPg0agjKXinf,Lullaby No. 2,Trophy,"[""Made Out Of Babies""]",2005,Rock,Calm,english,1.803630280424618
6Gy3iAkLTqeljmlhZSgZ6T,Lullaby Of Birdland,Guess Who's In Town,"[""Daryl Sherman""]",2007,Jazz,Calm,english,2.0710317133303784
7F5PRVMoi3FbXDFQVAJ8Nb,Lullaby Of Birdland - Live,Live At The Sticky Wicket,"[""Dick Wellstood""]",1997,Jazz,Calm,english,4.043148364189844
7JJeHc9n8Pqoml5pRMd2Iq,Lullaby Of Birdland,Hi-Fly,"[""Jaki Byard""]",1996,Jazz,Calm,english,3.109995708397192
4SFcuHDFVPjBFSJwi2YcIr,Lullaby Of Woe,Lullaby Of Woe,"[""Marcin Przyby\u0142owicz""]",2015,Classical,Calm,english,2.573765352290722
3uwIT0RAjr6rPbDYhZscgy,Lullaby from Your Cells to Your Mind,Burn of God,"[""Mark Sheeky""]",2020,Electronic,Calm,english,1.991357570906548
4A3xaD4iayHnfWJ3iTSxWU,Lullaby in Ragtime,A Little Touch of Schmilsson in the Night,"[""Harry Nilsson""]",1973,Classical,Calm,english,2.67478914218698
1SsooEmhrsUFL1UaawzDkv,Lullaby of Birdland,The Essence Of...,"[""Erroll Garner""]",1991,Jazz,Calm,english,2.4628707089832176
32ruFNP2hO8fPpfmRewbwV,Lullabye (Goodnight My Angel),The King's Singers Collection,"[""The King's Singers""]",2008,Classical,Calm,english,2.42894453361967
5IH3g2BW7Jw5yRSMPyZTL4,"Lully, Lulla, Lullay",Carols from Queen's,"[""Philip Stopford"", ""Caroline Halls"", ""Owen Rees""]",2015,Classical,Calm,english,2.1179181220624748
7p2W7BMcYZY403BhImtoEQ,Luminous Night of the Soul,Ola Gjeilo: Dark Night - Luminous Night,"[""Cantare Houston, Kevin Riehle & Ola Gjeilo""]",2013,Classical,Calm,english,1.41771393354712
1RVnDjlYSfoc5bIUtqwoAZ,Luna,Luna,"[""shinigami""]",2017,Hip-Hop,Calm,english,1.8117856491643989
1awKegnW0zipffZ38RwZt1,Lundsten Coral,Tangerine Reef,"[""Animal Collective""]",2018,Rock,Calm,english,2.870944261155328
4sOhdL3Yp15r5anJ5D8MhL,Lung Shadows,Dusk,"[""The The""]",1993,Pop,Calm,english,2.61235512651469
4xPO2pWQUBPCcGXCCKswRS,Lush Life,The Gentle Side Of John Coltrane,"[""John Coltrane"", ""Johnny Hartman""]",1975,Jazz,Calm,english,1.9098554215171968
2axxtiNMyeVFdd6ys2r7mx,Lux Aurumque,The Best of The King's Singers,"[""Eric Whitacre"", ""The King's Singers""]",2012,Classical,Calm,english,2.9859415017862965
7fn0B7FUXu1vbe7P5qNLeq,Lying In The Sunshine,Free (Remastered / Bonus Track Edition),"[""Free""]",2001,Rock,Calm,english,1.013324263197929
05Q93eOy5IEgJMsyvAbquu,Lyla,The 50 Gold Selection,"[""Avishai Cohen"", ""Yosvany Terry"", ""Diego Urcola"", ""Avi Lebovich"", ""Yagil Baras"", ""Eric McPherson"", ""Lola"", ""Jeff Taylor""]",2020,Jazz,Calm,english,1.7526611027657677
4raK8KGN7ML18hgQ06iwhm,Lynn's Theme,Another Happy Day (Original Motion Picture Soundtrack),"[""\u00d3lafur Arnalds""]",2012,Classical,Calm,english,2.333519474918789
7Es7VPoDlwTzEudJYwh9C2,Lyra,The Golden Compass (Original Motion Picture Soundtrack),"[""Kate Bush""]",2007,Pop,Calm,english,2.477908694339668
2CQELcjBpJVhBwQagNvx6a,"Lyric Pieces, Book 1, Op. 12: Albumblad (Album-Leaf)","Grieg: Lyric Pieces, Books 1 - 4, Opp. 12, 38, 43 and 47","[""Edvard Grieg"", ""Einar Steen-N\u00f8kleberg""]",1995,Classical,Calm,english,1.7601617681343833
2kI6R0TRg0VIlsJC2uxZEN,"Lyric Pieces, Book 1, Op. 12: Canon, Op. 38, No. 8",Grieg: Lyric Pieces,"[""Edvard Grieg"", ""Balazs Szokolay""]",1991,Classical,Calm,english,1.2253837785935031
6jCdDL4TKoUqpKqdI3Dj8B,M & O Blues,"Complete Recordings, CD D","[""Charley Patton""]",2002,Blues,Calm,english,2.2379858759826936
31T93onltAjRxJ6I8MqsHT,M.R.,Jinx,"[""Crumb""]",2019,Rock,Calm,english,2.1867634634915127
5R8OYPcs5JmxoiIPbECUeU,M62 Song,The Last Broadcast,"[""Doves""]",2002,Pop,Calm,english,2.416812001282941
1sNbvV7cNerOQ5UZkEjpFj,MIdnight Christmas Eve - 2003 Remaster,The Christmas Trilogy,"[""Trans-Siberian Orchestra""]",2004,Pop,Calm,english,2.692633235814504
6gSxZ31erlvzR0gZKa2HBm,MIdnight Christmas Eve - 2003 Remaster,The Christmas Attic (20th Anniversary Edition),"[""Trans-Siberian Orchestra""]",1998,Pop,Calm,english,2.6947401330574143
14zY0huTkvhaNajT5rZDJ2,MK Ultra,Quarantine,"[""Laurel Halo""]",2012,Electronic,Calm,english,1.813125658697586
4z8mVrBIdpu3Og33nAIrC3,MLK,The Unforgettable Fire,"[""U2""]",1984,Rock,Calm,english,2.851948302649645
1rtnrxJ8RL1ua1de63MzS5,Ma Fleur,Ma Fleur,"[""The Cinematic Orchestra""]",2007,Electronic,Calm,english,1.997209921576076
6sbZNeGOLDz7WqLk0Nd51J,Mad About The Boy,Helen Forrest: The Complete World Transcriptions,"[""Helen Forrest""]",2004,Jazz,Calm,english,2.9674389433268185
5zMumltZC2zr4asO8jhgsv,Mad Lucas,Last Splash,"[""The Breeders""]",1993,Rock,Calm,english,2.16207887504469
0I93PshNmTCdikPLAQrV64,Madam,Mount the Air,"[""The Unthanks""]",2015,Folk,Calm,english,3.0612446484500206
7oea1S9vTEn3L0b0bXGreZ,Madeline,"They Shoot, We Score","[""Yo La Tengo""]",2008,Pop,Calm,english,1.855648195391004
185UIxdTwSlEk03G936doz,Madness,Madness,"[""Mlelm""]",2022,Rock,Calm,english,2.6446919009375707
51LKwS75hFuZpTxVSWVPJn,Magic Mountain,Misery Is a Butterfly,"[""Blonde Redhead""]",2004,Rock,Calm,english,1.9039326065946305
7egD3vWokabEvOB2TD7iCl,Magical Lasso,The Phantom Of The Opera,"[""Andrew Lloyd Webber"", ""Charles Hart"", ""Richard Stilgoe"", ""Phantom Of The Opera Original London Cast"", ""Janos Kurucz"", ""Janet Devenish"", ""Mary Millar""]",1987,Classical,Calm,english,2.6560407059181577
79szzfujmyfRttEyHLwX7k,Magnolia Blues,"Complete Recordings, CD B","[""Charley Patton""]",2002,Blues,Calm,english,2.667913808400321
1FlxqJmoZWS2q1uRlyZVur,"Main Title ""Somewhere in My Memory"" (From ""Home Alone"" Soundtrack)",Home Alone (Original Motion Picture Soundtrack),"[""John Williams""]",1990,Classical,Calm,english,2.468928880700012
6FxCPvx8Ovm9y77DO6vuy5,"Main Title ""Somewhere in My Memory"" (From ""Home Alone"" Soundtrack)",John Williams - Greatest Hits 1969-1999,"[""John Williams"", ""Boston Pops Orchestra""]",2014,Classical,Calm,english,2.347471847561381
6imurX7g4lyZRxvfyDivyp,"Main Title ""Somewhere in My Memory"" (From ""Home Alone"" Soundtrack)",Home Alone - Soundtrack,"[""John Williams"", ""Boston Pops Orchestra""]",1990,Classical,Calm,english,2.032795543168149
4xhJn9vHBrFSd5P0SkUXHC,Majesty/Magic,C'mon,"[""Low""]",2011,Rock,Calm,english,2.386233489793928
10XurJhmXjGJnBNJIR6GjV,Make Believe,Closer Than They Appear,"[""Sara K.""]",1992,Jazz,Calm,english,2.703391794103606
4TTW2gICCfM1QGsHKFXdur,Make Believe,The Home Recordings,"[""Elvis Presley""]",1999,Rock,Calm,english,1.6041977493581414
2rNQL1oqNv3PazVnmvp5QR,Make It Good,Sail On Sailor – 1972 (Deluxe),"[""The Beach Boys""]",2022,Classical,Calm,english,2.245985924022268
1hlmlgcqkLNohGWCo7R3Ba,Make Someone Happy,When I Fall In Love,"[""Chris Botti""]",2004,Jazz,Calm,english,1.264233765691849
6nCx0VhKoarmZGQNuzTlkL,Make Someone Happy,When I Fall In Love,"[""Chris Botti""]",2004,Jazz,Calm,english,2.5894438215048416
64jyePmVR60zWPh1DlKJf6,Make The World Go Away,The Very Best Of John Gary,"[""John Gary""]",1997,Pop,Calm,english,2.484997791019984
5G41VSAT23g9fw5aslza2z,Make Them Kiss,Thee Hounds of Foggy Notion,"[""Thee Oh Sees""]",2008,Rock,Calm,english,1.7765198607870911
0IUhX0zV0G5sVRax0D3voU,Making Enemies in the New Age,The Lone Furrow,"[""ROME"", ""Joseph D. Rowland"", ""Pallbearer""]",2020,Rock,Calm,english,1.3479908723841016
0hp8yAeMzJaIshaE68sV98,Making It Real,Fifty Shades Darker (Original Motion Picture Soundtrack),"[""Danny Elfman""]",2017,Classical,Calm,english,1.9259786982204503
2IDdtHZnkUgEy56F4Jv68a,Making Up Ways,A Class Act: A Musical About Musicals (Original Cast Recording),"[""Lonny Price""]",2001,Classical,Calm,english,2.3268684454713924
5zC2wwW0YxXuhHNRYXa25f,Malleco,Sea Monster,"[""Joey Pecoraro""]",2020,Electronic,Calm,english,1.7003769325435751
1cyDg3f8oVsyHuJIMPEhRq,Malleus Maleficarum,"The Metal Opera, Pt. I","[""Avantasia""]",2001,Rock,Calm,english,4.143440206818752
6a0t5aOb0dNfetZURclxpX,Manic Expressive (enter),Manic Expressive,"[""Her Space Holiday""]",2001,Rock,Calm,english,2.2307803333143226
5SkskDQLwzoLdIklwaquRo,Manifold Lens,Myopia,"[""Mizmor"", ""Thou""]",2022,Rock,Calm,english,3.60957325837529
6JTlQTOHF8q8imraz0yF59,Mantra,Music for People in Trouble,"[""Susanne Sundf\u00f8r""]",2017,Pop,Calm,english,2.7263513230728416
1bWHNlvBDJYJDjviGeDT7G,Marble Halls,Shepherd Moons,"[""Enya""]",1991,Folk,Calm,english,2.4357685303668024
3smqY3VDKQ4HLfvdFMCEuG,Marble Halls - 2009 Remaster,Shepherd Moons,"[""Enya""]",1991,Folk,Calm,english,2.491331188618169
5vKKI4ZQuDCVONEn2PtI0F,March,Elements,"[""Hopeless""]",2009,Rock,Calm,english,2.8121793772963164
3ErQ70EnmmU1cNYJw3Zcva,March 2011,Ontario Gothic,"[""Foxes In Fiction""]",2014,Pop,Calm,english,1.6103559612118243
5dqXN8P4bzFiSKzO9wnkPQ,Maria (From West Side Story),Stage Heroes,"[""Colm Wilkinson""]",1989,Classical,Calm,english,2.787848799438608
1bj6ez8rRc3cab0R70Ag69,Marie,On The Track,"[""Leon Redbone""]",1975,Pop,Calm,english,2.32914571040324
7KuFqO7LgXjeB7C853LBvL,Marie,Mandy Patinkin,"[""Mandy Patinkin""]",1989,Classical,Calm,english,3.842469653638684
3ZXuwT3zDWjoVsSuZknYtT,Marigolds,Get Fixed,"[""Cursive""]",2019,Rock,Calm,english,1.7437136228180794
3MzmMlvgGRndF0nBc4krrb,Marla,Yellow House,"[""Grizzly Bear""]",2006,Pop,Calm,english,1.730263168557823
2wqyUVbcUr5WZSXRSqbzIt,Marooned - 2006 Remastered Version,Chairs Missing (2006 Remastered Version),"[""Wire""]",1978,Rock,Calm,english,1.7753969685532398
70Ou47cZfdYfkReGp2mrPl,Marrow,Clearing the Path to Ascend,"[""YOB""]",2014,Rock,Calm,english,3.059501080240453
4sRXPJK9THyxJMwvDKrtDm,Marry Me / A Quiet Thing,And the World Goes 'Round (Original Off-Broadway Cast Recording),"[""Jim Walton"", ""Karen Ziemba""]",1991,Classical,Calm,english,2.507279144622546
7E1mr8PwzpVWKw0Ql6prFu,"Marry Me / Quiet Thing (from And The World Goes 'Round, The Songs of Kander and Ebb)",Broadway in Love,"[""Jim Walton"", ""Karen Ziemba""]",1999,Classical,Calm,english,2.4944799637243458
75QoXqTlvBwuITzow9egCB,Martha,Closing Time (Remastered),"[""Tom Waits""]",1973,Folk,Calm,english,1.7349837254172535
1WJLS6QFqosNjYcgjwCU27,Martha / Act 2: Last Rose of Summer,Renée Fleming - The Beautiful Voice,"[""Friedrich von Flotow"", ""Ren\u00e9e Fleming"", ""English Chamber Orchestra"", ""Jeffrey Tate""]",1998,Classical,Calm,english,3.2355753522410367
597YV6hFEhptERDD5V0cQB,Flotow: Martha / Act 2 - Last Rose of Summer,"Three Billboards Outside Ebbing, Missouri (Original Motion Picture Soundtrack)","[""Ren\u00e9e Fleming"", ""English Chamber Orchestra"", ""Jeffrey Tate""]",2017,Classical,Calm,english,2.5072640742873515
4OrmdkXGuAEpAEvaeJDZSw,Martha My Dear,Day Is Done,"[""Brad Mehldau""]",2005,Jazz,Calm,english,1.9641685843063457
3mrQ8urn5F1yOtUorJboZ5,Mary,Julie Blue,"[""Joe Purdy""]",2004,Folk,Calm,english,2.388161037801479
5gJ0IsGbuCkZQ8tRXW66GK,Mary and Levi,Hidden Figures - Original Score,"[""Hans Zimmer"", ""Pharrell Williams"", ""Benjamin Wallfisch""]",2017,Classical,Calm,english,1.5518448383513432
2TBjbsH2EhmFeZlP8tjNY5,Mask,Natural Part,"[""Horse Jumper of Love""]",2022,Rock,Calm,english,2.4250895066001488
1tSy0oJooJHDgObhg6ZKVR,Mask Therapy,HausMo Mixtape I,"[""Eartheater""]",2018,Pop,Calm,english,1.868442973392657
3BP11D1jBYyeSk6SIiBdnD,Mason's Apron,Don't Burn the Water,"[""The Kells""]",2007,Folk,Calm,english,2.192311549542261
3ttr2Y9E6zg1NrtNx4A56m,Mass & Volume,Mass & Volume,"[""Pig Destroyer""]",2014,Rock,Calm,english,3.910568006618524
4XfYMXnOhC8d2Z1aBZcSEH,Mass Locked,Progenitor,"[""Mechina""]",2016,Rock,Calm,english,4.135093770038344
3vhW2KjVzYMD63XH9kjWS4,"Mass in B Minor, BWV 232: Gloria in excelsis Deo","J.S. Bach: Mass in B Minor, BWV 232","[""Johann Sebastian Bach"", ""The Monteverdi Choir"", ""English Baroque Soloists"", ""John Eliot Gardiner""]",2015,Classical,Calm,portuguese,2.713010374730067
7AlsTK8960lE6do5gui8Yh,Masters of the Earth,The Lone Furrow,"[""ROME"", ""Aki Cederberg""]",2020,Classical,Calm,english,4.760604572814022
1XzEREFOj5lce5uMLPOe5U,Match Box Blues,The Complete Classic Sides Remastered: Atlanta & Chicago 1926 Disc B,"[""Blind Lemon Jefferson""]",2002,Blues,Calm,english,1.7325520681615905
0ldWZU0B3rvAelTQ7xCjZk,Matter & Motion,Empiricism,"[""Borknagar""]",2002,Rock,Calm,english,1.8406312415864825
3icFy8tUFi18GqajbncAXR,May 1st (Piano),The Other Side of Life: Piano Ballads,"[""Beach Fossils""]",2021,Rock,Calm,english,1.9411716597098605
3ypiXR7hRILJd585tPwvpU,May Be a Price to Pay - Intro - Demo,The Turn Of A Friendly Card (Expanded Edition),"[""The Alan Parsons Project""]",1980,Rock,Calm,english,3.804350329075251
6fECWLbe75SLdeJvqFUWBJ,May I Kiss Your Wound?,Songs from the Inverted Womb,"[""Sopor Aeternus & The Ensemble Of Shadows""]",2001,Rock,Calm,english,2.0591504072226523
64DkUADFBHKvEjEbh0cXcl,May I? - 2003 Remaster,Shooting At The Moon,"[""Kevin Ayers""]",1970,Rock,Calm,english,1.5334496408582714
0zvv76DEro0MMox8eLbK7D,May It Be,The Very Best of Enya (Deluxe Edition),"[""Enya""]",2009,Folk,Calm,english,2.8901849257872785
1wIQ2Nm0raqOapHK4bCD3J,May It Be,May It Be,"[""Enya""]",2002,Folk,Calm,english,3.3185315018360697
7LAJWSKK8JMIZAcblgUMS6,May It Be,The Lord of the Rings: The Fellowship of the Ring (Original Motion Picture Soundtrack),"[""Enya""]",2001,Folk,Calm,english,2.5814751906301754
0WsN4e22dZwzalICmHM0mw,May This Be Love,Wrecking Ball,"[""Emmylou Harris""]",1995,Country,Calm,english,2.6798984503542265
0k65qQ4jL0tMxMNoqIfXil,May Your Void Become as Deep as My Hate!,Telepathic with the Deceased,"[""Xasthur""]",2004,Rock,Calm,english,3.710386375656333
0fPcXu5xrmkDxmcxB6z6lV,May it be (Arr. M. Sheeran),Enchanted Isle,"[""Howard Shore"", ""Roma Shane Ryan"", ""Enya"", ""Nicky Ryan"", ""VOCES8""]",2019,Classical,Calm,english,1.7139704821846338
68UFOrZmQWN6vonS14KaN3,May it be (Arr. M. Sheeran),"Shore, Ryan, Enya, Ryan: May it be (Arr. M. Sheeran)","[""Howard Shore"", ""Roma Shane Ryan"", ""Enya"", ""Nicky Ryan"", ""VOCES8""]",2018,Classical,Calm,english,1.7139704821846338
1XDGbnepd3c3kqYsy6E0fx,Meadow Song,Hundred Acres,"[""S. Carey""]",2018,Folk,Calm,english,2.206747089041024
4Bao0062TdGxvcU8gBOZm9,Meadow Song,Hundred Acres,"[""S. Carey""]",2018,Folk,Calm,english,2.7020133901583336
6jLk3WmxCVkRsbXjT8WmNI,Mechanics,Adore Life,"[""Savages""]",2016,Rock,Calm,english,2.213787463147689
3WtE4Zdt3JoBTBqGz8SCdp,Meditation is the Practice of Death,God is Good,"[""OM""]",2009,Rock,Calm,english,1.765907061438555
2EcfgLlcDCCLkNjdWYUhN5,Silent Night/O Holy Night/O Little Town Of Bethlehem,A Merry Mancini Christmas,"[""Henry Mancini""]",1988,Pop,Calm,english,2.8059108021573667
3FgpwaN0k8fLuNNVHlRust,"Caroling, Caroling / The First Noel / Hark! The Herald Angels Sing / Silent Night",Christmas Classics,"[""Alfred Burt"", ""N/A - See Medley Segments"", ""Traditional"", ""Wihla Hutson"", ""Perry Como"", ""Nick Perito""]",2016,Pop,Calm,english,2.975275912141432
5D30yNI3b0HAuaBWAGOImI,"Caroling, Caroling / The First Noel / Hark! The Herald Angels Sing / Silent Night",A Perry Como Christmas,"[""Perry Como""]",2001,Pop,Calm,english,2.975275912141432
1AYsdRx4Vlit2DNLDVbv1l,Medley: For Sentimental Reasons / Tenderly / Autumn Leaves,Unforgettable: With Love,"[""Natalie Cole""]",1991,R&B,Calm,english,2.9310523574901506
4PEGMOcnClKNqIQv8kfJ1Q,"Medley: I Have Dreamed / We Kiss in a Shadow / Something Wonderful (From, ""The King and I"")",The King and I - Original Animated Feature Soundtrack,"[""Richard Rodgers"", ""Barbra Streisand"", ""Bob Esty"", ""Jeremy Lubbock"", ""Philharmonia Orchestra"", ""William Kidd""]",1999,Classical,Calm,english,2.965564333480268
0jYQ2uSEPYIQZBPZqqhZp3,Megin Runar,Lucifer,"["":Of The Wand And The Moon:""]",2003,Classical,Calm,english,1.606512968456235
0DcaMpeV1EhnHl4QTf1GFt,Melancholia - Bonus,Café del Mar Vol. 24,"[""40 Winks""]",2018,Electronic,Calm,english,2.7070556530872047
0OBDDYlvUm2I3T0gTxvC2J,Melankoli,"Music for Dreams: Best Of, Vol. 1 (Compiled and Mixed by Phil Mison)","[""Lulu Rouge""]",2014,Electronic,Calm,english,2.3377424535418254
7wKhNfY9fEXupAQpRJVboH,Melatonin High,Hypnagogia,"[""Dan Mason \u30c0\u30f3\u00b7\u30e1\u30a4\u30bd\u30f3""]",2019,Electronic,Calm,english,2.147623132999541
2YvNxJp9Vvs2j0mzdLX5qL,Mellow Fellow,The Family That Plays Together,"[""Spirit""]",1996,Rock,Calm,english,1.966913232178
3oPg8F0mPbID6SV0Glfouf,Memoreyes,Duracraft,"[""The Prids""]",2000,Rock,Calm,,3.440720959972092
4mtTi2rqh24WXxfxID10OZ,Memorial,Ten Love Songs,"[""Susanne Sundf\u00f8r""]",2015,Pop,Calm,english,1.7479608456707298
4eVVVUFdZQuGNbzwLKhOyM,Memories,Angels of Love,"[""Yngwie Malmsteen""]",2009,Rock,Calm,english,1.9220068614667327
7rHxsP248Fal4y3YOazeVl,Memories - Alternate Version,Not Fade Away: The Complete Studio Recordings And More,"[""Buddy Holly""]",2008,Rock,Calm,english,2.746795214694572
45Wm3iIJOrCj8rEPB0GWXm,Memories on a Deck Part I,The Bitter End,"[""Right Away, Great Captain!""]",2007,Folk,Calm,english,2.804965819422403
5JCxcCEiK8PtpFvZcBFZty,Memories of You,16 Most Requested Songs,"[""Kate Smith""]",1991,Pop,Calm,english,3.0252705786094616
2GGkXContcq2SZpXuEAlyf,Memory,Cats (Original London Cast Recording / 1981),"[""Andrew Lloyd Webber"", ""\""Cats\"" 1981 Original London Cast"", ""Elaine Paige""]",1981,Classical,Calm,english,2.7187991219714256
3CgcUlwAlu5AK084KfUMNH,"Memory - From ""Cats""",Falling In Love,"[""Andr\u00e9 Rieu"", ""Johann Strauss Orchestra""]",2016,Classical,Calm,english,3.269958760929144
7MrjaJHmec2CdieH0Mqkey,Memory - Original London Cast Recording / 1981,Musical Hits,"[""Andrew Lloyd Webber"", ""\""Cats\"" 1981 Original London Cast"", ""Elaine Paige""]",2020,Classical,Calm,english,2.6775468083180343
5Yhrq6qnG8GUq0Hbjfhywl,Mental Funeral,Mental Funeral,"[""Autopsy""]",1991,Rock,Calm,english,1.6904182504767036
6Ewu3IK1Bx4nRwkaeXEm7s,Merciless Reflection,Nightmares At Dawn,"[""Xasthur""]",2012,Rock,Calm,english,2.983586583107961
3guCiFyHrkbEVQdhy6boxQ,Mercury,Planetarium,"[""Bryce Dessner"", ""James McAlister"", ""Nico Muhly"", ""Sufjan Stevens""]",2017,Classical,Calm,english,2.127083680533973
2zpX4LHoTgTZ4SmtTPzZhR,Mercy,The Brilliance Original Mixtape,"[""The Brilliance""]",2018,Folk,Calm,english,3.012098936869739
7eYDuhteaIONrstHRLCHrQ,Requiem: IIa. Dies irae,Work From Home With Opera Hits,"[""Giuseppe Verdi"", ""Berliner Philharmoniker"", ""Carlo Maria Giulini"", ""Ernst Senff Chor""]",2020,Classical,Calm,english,2.131302064150037
3gBXKbzLisqAAaru1wUwqe,Message for the Queen,300 Original Motion Picture Soundtrack (U.S. Version),"[""Tyler Bates""]",2007,Classical,Calm,english,3.0019780497761634
13aTOYQ4xvj84VACPu9zur,Message To Harry Manback,Ænima,"[""TOOL""]",1996,Rock,Calm,english,2.2697710241447098
39okAfqm3jfxk2RLDUFCfB,Messed Up,This Empty Town,"[""Jaguar Sun""]",2020,Pop,Calm,english,1.5897038058319923
2xsJMHhM0Slr0W9hR63sSw,"Messiah, HWV 56 / Pt. 1: He Shall Feed His Flock Like A Shepherd",The Messiah (Platinum Edition),"[""George Frideric Handel"", ""London Philharmonic Orchestra"", ""London Philharmonic Choir"", ""John Alldis"", ""Alfreda Hodgson"", ""Felicity Lott""]",2013,Classical,Calm,english,3.0062348356705
1FTsR7lFOetRF4WQf1IcK9,"Handel: Messiah, HWV 56 / Pt. 2 - XLII. ""Hallelujah""",Classical Christmas 2022,"[""George Frideric Handel"", ""The English Concert"", ""Trevor Pinnock"", ""The English Concert Choir""]",2022,Classical,Calm,english,1.474779130277693
3F5DccNp39Waj4QjZBUPGO,"Messiah, HWV 56 / Pt. 2: XLII. ""Hallelujah""",Weihnachten Klassik 2022,"[""George Frideric Handel"", ""The English Concert"", ""Trevor Pinnock"", ""The English Concert Choir""]",2022,Classical,Calm,english,1.474779130277693
4EsUANL1RYsCUaWuIZchEf,"Messiah, HWV 56 / Pt. 2: XLII. ""Hallelujah""",Classical Christmas,"[""George Frideric Handel"", ""The English Concert"", ""Trevor Pinnock"", ""The English Concert Choir""]",2022,Classical,Calm,english,1.474779130277693
7rv1A22deyudkO1o6vszCK,"Messiah, HWV 56 / Pt. 2: XLII. ""Hallelujah""",The Ultimate Baroque Album,"[""George Frideric Handel"", ""The English Concert"", ""Trevor Pinnock"", ""The English Concert Choir""]",2004,Classical,Calm,english,1.5070159331417077
1EL7CfOK8aPljkiIQRwfKY,"Messiah, HWV 56 (1751 Version), Pt. 1: No. 8, Behold, a Virgin Shall Conceive, and Bear a Son","Handel: Messiah, HWV 56 (1751 Version)","[""George Frideric Handel"", ""Iestyn Davies"", ""Academy of Ancient Music"", ""Edward Higginbottom""]",2006,Classical,Calm,english,3.3953022768967607
04AiTomHlstINfTSu6nphH,"Messiah, HWV 56: Hallelujah Chorus",The Ultimate Christmas Collection,"[""George Frideric Handel"", ""The Tabernacle Choir at Temple Square"", ""Royal Philharmonic Orchestra"", ""Richard P. Condie""]",2016,Classical,Calm,english,1.895280495353607
4TTbqXwBmAWm5L7Y1HXS5K,"Messiah, HWV 56: Part 2: Hallelujah (Chorus)",Händel: Messiah,"[""Nikolaus Harnoncourt""]",2005,Classical,Calm,english,1.440639016234862
1avqDhY8JFKuGq9ZBuskPB,"Messiah, HWV 56: Pt. 3, Amen","Handel: Messiah, HWV 56","[""George Frideric Handel"", ""Karina Gauvin"", ""Robin Blaze"", ""Rufus M\u00fcller"", ""Brett Polegato"", ""Tafelmusik Chamber Choir"", ""Tafelmusik Baroque Orchestra"", ""Ivars Taurins""]",2012,Classical,Calm,english,1.8990622152604348
00uPKMWBgZoaAQrpMf1bkX,Met Her on a Plane,Sweet Soft Rock & Guilty Pleasures,"[""Jimmy Webb""]",2017,Folk,Calm,english,1.562674140542894
7j1e4h1jbg621a69TAmCBJ,Meteor,Dark Matter,"[""SPC ECO""]",2015,Rock,Calm,english,0.9247973159471728
2nlq1DrBkjTnxCW3iOfHsg,Metropol 47 (Demo Version) 1999,Nights Lp,"[""Mark Kozelek""]",2008,Rock,Calm,english,1.416893031883512
0jLlRrpCTcdMqgtd8l46WV,Mettle,Curve,"[""Our Lady Peace""]",2012,Rock,Calm,english,2.09748236712144
4wxaEgPlUbEUwiAnThBUkw,Mhysa,Game Of Thrones: Season 3 (Music from the HBO Series),"[""Ramin Djawadi""]",2013,Classical,Calm,italian,2.13366160776473
5L8WbHmA5rhh9EKs0PThzw,Mhysa,Game of Thrones (Music from the HBO® Series) Season 3,"[""Ramin Djawadi""]",2013,Classical,Calm,italian,2.13366160776473
7jnEVqyvscIaGLsJ8ezkEV,Mhysa,Game Of Thrones (Music from the HBO® Series) Season 3,"[""Ramin Djawadi""]",2013,Classical,Calm,italian,2.13366160776473
4Bdf9JDWqz0GyWyZMA2tjJ,Mice Eat Cheese,Sad Sappy Sucker,"[""Modest Mouse""]",2001,Rock,Calm,english,1.543609947581393
5ixu6blEg718Jy1D4V1Cf6,Mice Eat Cheese,Sad Sappy Sucker,"[""Modest Mouse""]",2001,Rock,Calm,english,1.538588235824704
5xzXldd7RTT9Nlt4bFj655,"Michael, Row The Boat","Woody Guthrie, Pete SeegerAnd Leadbelly - The Original Folkways Recordings","[""Pete Seeger""]",2006,Folk,Calm,english,2.631363304187422
4mzqGJ1ziwpCTJIcO0iDXc,"Michael, Row The Boat Ashore","Folkways: A Vision Revisited - The Original Peformances Of Leadbelly, Woody Guthrie, Pete Seeger","[""Pete Seeger""]",2006,Folk,Calm,english,2.418704914992902
3sl35m0ttzTGWy7mjGUR6v,"Michael, Time to Wake Up",Telepathic Surgery,"[""The Flaming Lips""]",1989,Rock,Calm,english,2.792846437619843
3niXFa4G32F7hsNIsRvn3y,Michelle,A Capella I,"[""The Singers Unlimited""]",2014,Jazz,Calm,english,2.5393166663580145
6nbEAEwMMTMFkifxQQPovY,Michelle,Solo Piano Lullabies,"[""Brian Crain""]",2013,Classical,Calm,english,0.6014008473793236
7HMMOkSubtQHO2i3lLqW9n,Mid-Winter Songs: I. Lament For Pasiphaë,Lauridsen: Mid-Winter Songs,"[""The Singers - Minnesota Choral Artists""]",2010,Classical,Calm,english,2.75837356404002
5gxVY94QEgBy1MJJSnf8k0,Mid-Winter Songs: IV. Mid-Winter Waking,Lauridsen: Mid-Winter Songs,"[""The Singers - Minnesota Choral Artists""]",2010,Classical,Calm,english,2.3639603320180136
79JXhe1QAbP89K4rW3hxo2,Midheaven,As The Crow Flies,"[""Steve Von Till""]",2000,Rock,Calm,english,1.9681456362944287
0i2FThXohzb2X1yxxSptQ8,Midnight,"Modern Sounds in Country and Western Music, Vols 1 & 2","[""Ray Charles""]",2009,Blues,Calm,english,2.5571835372403613
0n99w431rfHgwZ5KMCtNbs,Midnight,Behind the Closed Eye,"[""An\u00fana"", ""Michael McGlynn""]",2003,Folk,Calm,english,1.46641527726886
2fZ1Anxp0dHqQ4lSUJc6lB,Midnight Blues,"The Complete Recordings, Vol. 1","[""Bessie Smith""]",1991,Blues,Calm,english,1.896916670208309
5cfC0C55lXnFThQhy0oCkW,Midnight Moon (feat. GDRN),Bylur,"[""Eyd\u00eds Evensen"", ""GDRN""]",2021,Classical,Calm,english,3.52722180344878
5Y13YlqHo7qrjR9XRiaUyp,"Midnight Rider - Live at Fillmore West, San Francisco, CA 1/29/71",Fillmore West '71,"[""Allman Brothers Band""]",2019,Rock,Calm,english,2.8101819477039203
4L57y0C9XnDb0xVI4qmLbp,Midnight Rose,Midnight Rose,"[""ELIZA""]",2023,R&B,Calm,english,1.7053248021373344
1YmTsBtaz3K6sazwsXkYWW,"Midnight, The Stars and You",The Shining - The Complete British Dance Band Soundtrack,"[""Al Bowlly"", ""Ray Noble & His Orchestra""]",2013,Jazz,Calm,english,2.070744416731872
6wCRGOb73x8pfHoGaIVw3g,Miles Apart,Miles Apart,"[""Late June"", ""Idealism""]",2019,Electronic,Calm,english,1.7528058508300142
177sqIhTfzg8PSioaKQ4WI,Milk And Honey,Family Tree,"[""Nick Drake""]",2007,Folk,Calm,english,1.4555151035596736
1udXQbsXnGPSgfmOmu2ZpG,Milkshake,A Hairshirt of Purpose,"[""Pile""]",2017,Rock,Calm,english,2.047775874894336
74uxGYW8I4rppX9SZOFTem,Milky Eye,Angel Lust,"[""Eartheater"", ""LEYA""]",2019,Electronic,Calm,english,2.242366910198536
5psygs8eHnp61vrhZEQosz,Millions of Stars,Metamorphoses,"[""Jean-Michel Jarre""]",2000,Electronic,Calm,english,2.569871656901538
4ADJKnx3WZ3v2aOGpaQvj6,Mind the Gap,Spoke,"[""Calexico""]",1997,Country,Calm,,2.909855584279008
3wDu1mw9KfIYOcLrN2KqTf,Mindcracker,Kill the Action,"[""East River Pipe""]",1996,Pop,Calm,english,2.25729225296585
4ioNMlb4p8RcvA3cC8KEXi,Minus Something,Soundtracks For The Blind,"[""Swans""]",2001,Rock,Calm,english,2.7771084590282644
2mNCBWZk23MHjSbE7yyUf2,Mirage Of Bliss (part I),"청춘시대 Age of Youth (Official Music from the Korean Tv Drama, Pop Album)","[""Maximilian Hecker""]",2017,Rock,Calm,english,1.7291608821767346
43Xii0I1xPQAmrmdVM5Z83,Mirror Me,Mug Museum,"[""Cate Le Bon""]",2013,Pop,Calm,english,1.802259112975193
7nxtZrbhyjI8R0VLq0XEO1,Mirror Reaper,Mirror Reaper,"[""Bell Witch""]",2017,Rock,Calm,english,3.2829547795077785
5N1jirQJOGCGPKCagzNfL3,Misere Mei,Harem,"[""Sarah Brightman""]",2003,Classical,Calm,english,3.1310307356837934
7IKbC1zeFTPvq21c1NzCUj,Missing Person,Darklife,"[""death's dynamic shroud""]",2022,Electronic,Calm,english,2.673477179118156
14xVnufNuEIAjoO5GKEZj6,Missing Sibling,It's Immaterial,"[""Black Marble""]",2016,Electronic,Calm,english,1.7145254264812355
23WyTqbF99wJB82Xe4T9J1,Missing Sibling,It's Immaterial,"[""Black Marble""]",2016,Electronic,Calm,english,1.7870549050416362
3amc4ZTa9M9w59RaFf08In,Misspent Youth,The Origin of My Depression,"[""Uboa""]",2019,Electronic,Calm,english,2.082205692231041
2q0PNDZjWW9T1RJ064nrcl,Mistress,Live at Phoenix Public House Melbourne,"[""Mark Kozelek""]",2013,Rock,Calm,english,5.196195539464394
3DP5yDxRuGOiDPRmW6VW6G,Misty,The Poll Winners: Exploring the Scene,"[""Barney Kessel"", ""Shelly Manne"", ""Ray Brown""]",1998,Jazz,Calm,english,2.579365626282623
75Zl1SiHavoGUS8RbLTA5k,Misty,Winners / On a Clear Day,"[""Steve Lawrence""]",2005,Pop,Calm,english,2.542421941281713
4MdRPb5iKrshLPOB5J9gaq,Misty - 2018 Remaster,50 Words for Snow (2018 Remaster),"[""Kate Bush""]",2011,Pop,Calm,english,1.8741181921510115
1yaEIBb1Ify3Yrun7Dbcb0,Misty Roses,One Year,"[""Colin Blunstone""]",1971,Classical,Calm,english,2.3673817353497872
4VeoFvIFJtISqdrXImcVzi,Mo Ghile Mear - Arr. for choir by Desmond Earley,Invisible Stars: Choral Works of Ireland & Scotland,"[""Se\u00e1n Cl\u00e1rach Mac Domhnaill"", ""The Choral Scholars of University College Dublin"", ""Mark Waters"", ""Tristan Rosenstock"", ""Desmond Earley""]",2015,Folk,Calm,english,2.634124258559658
0i9psBZQDCtXhi1PgjWeB8,Modern Romance,New Health Rock,"[""TV On The Radio""]",2004,Rock,Calm,english,2.033990144372114
55bUODL1tWYpadIPsKrC1d,Moments Of Pleasure - 2018 Remaster,Director's Cut (2018 Remaster),"[""Kate Bush""]",2011,Pop,Calm,english,2.1328164444253472
1PCOnGj5eBarHTmCpLFLxP,Mona Lisa,Late Night Guitar,"[""Earl Klugh""]",1980,Jazz,Calm,english,2.824403225005385
6Ab2SaAV5U224gWrWvPbLJ,Mona Lisa,The Home Recordings,"[""Elvis Presley""]",1999,Rock,Calm,english,0.7165556312050311
6xxNNYaPQHKMgNxX2hsaWu,Mona Lisa,The Very Best Of Earl Klugh (The Blue Note Years),"[""Earl Klugh""]",2011,Jazz,Calm,english,2.8877052793809224
76kRWGyUYvFxQyO8bm5CRD,Mona Lisa,Kiss And Tell,"[""Martin Taylor""]",2000,Jazz,Calm,english,1.5616801076573836
1mRpGUUBZEMjeXP1nnNpcJ,Monachopsis,Now We Live in Peace,"[""Varada""]",2020,Rock,Calm,english,3.656676148544454
0vY9J5pBTSH0Kxg7uzUxEP,Money Honey - Live,Sunrise,"[""Elvis Presley""]",1999,Rock,Calm,english,3.957127546500611
0vJCTpP1FwJvkpgZ3AI0AB,Money Is Everythign,Wow Cool,"[""Richie Woods""]",2015,Electronic,Calm,english,2.032148700056927
4V7g8sktSoVUNXWlBnwz1E,Monica,Baby Prayers,"[""Coma Cinema""]",2009,Electronic,Calm,english,2.419475804354796
5UqBr9pp2Ce5w4vV2CuD6r,Montana,The Year of Hibernation,"[""Youth Lagoon""]",2011,Pop,Calm,english,2.17239242357552
5y0OU0k3AolnAiQ6xUxIJN,Montana,The Year of Hibernation,"[""Youth Lagoon""]",2011,Pop,Calm,english,2.130755624066302
0RtxeqEBWoxJvhkGgfmaJp,Mood Indigo,Slow Jazz,"[""Joe Sample""]",2019,Jazz,Calm,english,1.464203769347046
35oUgP0JkprdSrxsYr4zE0,Mood Indigo,Tone Poems II,"[""David Grisman"", ""Martin Taylor""]",1995,Country,Calm,english,1.9738803786082288
3TdWwB5bJs2Qgikw3cO45q,Mood Indigo,Bravissimo - 50 Years Ndr Bigband,"[""NDR Bigband""]",1996,Jazz,Calm,english,1.9303969492075672
47ihBz8APXnZASQBkCizvi,Mood Indigo,"Blues, Gospel and Ragtime Guitar Instrumentals","[""Mike Bloomfield""]",2005,Blues,Calm,english,1.6631506669771408
4FbyGU4nbHHioKAoCpYRzH,Mood Indigo,Duke Ellington Meets Coleman Hawkins,"[""Duke Ellington"", ""Coleman Hawkins""]",1995,Jazz,Calm,english,1.7933333746840583
5wWeyG4Bb8xLzwc5qeVwSZ,Mood Indigo,The Capitol Vaults Jazz Series,"[""Joe Pass""]",2013,Jazz,Calm,english,1.0993275145303667
6msqnePsTVzXDpZBMcXO4a,Mood Indigo,Ken Burns Jazz-Duke Ellington,"[""The Jungle Band""]",2000,Jazz,Calm,english,1.970716149070236
6xCSm0nfI7YJwEo8gDH4S6,Mood Indigo,Clayton-Hamilton Jazz Orchestra - Live at MCG,"[""Clayton-Hamilton Jazz Orchestra""]",2005,Pop,Calm,english,4.734393297050519
77ZLViJWYOjr6sshWLIfg4,Mood Indigo,Magic Moments 3,"[""NDR Bigband""]",2005,Jazz,Calm,english,1.9303969492075672
1Fo98RNzO78WnMtkZKZXMW,Mood Indigo - 1990 Remaster,The Great Summit - The Complete Sessions-Deluxe Edition,"[""Louis Armstrong"", ""Duke Ellington""]",2000,Jazz,Calm,english,1.453684574472026
3RheLrFuBpwQxDy0afQ29i,Mood Indigo - Live,Meditation,"[""Joe Pass""]",2002,Jazz,Calm,english,4.692215005932316
5uNcaeMvKD21rfAxUSQYdv,Moody Fucker,Tools in the Dryer,"[""Lambchop""]",2001,Country,Calm,english,2.570185681628403
67qKLmCZgjmztfiz33nC4Y,Moog Island,Who Can You Trust? / Beats & B-Sides,"[""Morcheeba""]",1996,Electronic,Calm,english,1.2988053946795055
7q8gPzfrSyIWoZM5eyJBWz,Moog Island,Parts of the Process,"[""Morcheeba""]",2003,Electronic,Calm,english,1.2988053946795055
4EXwgaAqp9aRhS3q7CF6eT,Moon,Holy Fire,"[""Foals""]",2013,Pop,Calm,english,2.037976254382553
5WcaeBrTVjaJS9mdIpog2H,Moon & Sand,Nothing for Juice,"[""The Mountain Goats""]",1996,Folk,Calm,english,1.6465873895654464
5OSFLqvpocXF4qMvmnGaEz,Moon Glow,All Star Jazz Quartets 1928-1940 - Disc B,"[""Benny Goodman Quartet""]",2006,Jazz,Calm,english,1.6804982552678234
5LP10C87Y5YnToBtwsxojk,Moon In June,Third,"[""Soft Machine""]",1970,Rock,Calm,english,1.1589114136672212
16CMp2RKshLATGZnpjPPgB,Moon Is Sharp,A I A: Alien Observer,"[""Grouper""]",2011,Electronic,Calm,english,2.241183366923698
25UE9NxIijgwnI44dSeEzj,Moon Over Kara-Shehr,Nordic Metal - A Tribute To Euronymous,"[""Emperor""]",2008,Rock,Calm,english,3.7886425095626888
1n1Cr82fHJ7dg1n6VPGD5V,Moon Over Trees - Digitally Remastered 1999,Nouveau Flamenco (1990-2000 Special Tenth Anniversary Edition),"[""Ottmar Liebert"", ""Stefan Liebert"", ""Jon Gagan"", ""Gary Lyons""]",2000,Folk,Calm,english,1.6100536621598829
01UIEOXKJbk06x0971gWCB,Moon River,This Is Brook Benton,"[""Brook Benton""]",1989,R&B,Calm,english,2.5831644874255804
2Cfd7bf8r8GDoe54gjx1k8,Moon River,It's Impossible,"[""Perry Como""]",1987,Pop,Calm,english,2.802462152689786
55hBaLO7coXd7gQCIivkUT,Moon River,Classical Pop Covers,"[""Jos\u00e9 Carreras"", ""Luciano Pavarotti"", ""Pl\u00e1cido Domingo""]",2017,Classical,Calm,english,2.3551048129836163
6aIvIzXRBeG43fmjJmZFPE,Moon River,La Luna,"[""Sarah Brightman""]",2000,Classical,Calm,english,2.491338498378037
6xAw1TPkoLn12JyHhwtyFw,Moon River,Absolute Cinema,"[""Andy Williams""]",2019,Pop,Calm,english,2.6590785585365144
0QwITLXKX5h7zHc0IljqEq,"Moon River (From ""Breakfast at Tiffany's"")",The Essential Hollywood,"[""Henry Mancini""]",2006,Pop,Calm,english,2.426154378309059
2iw8E2JWe3ThfJPFgUfUF3,"Moon River (From ""Breakfast at Tiffany's"")",John Williams Plays the Movies,"[""Henry Mancini"", ""John C. Williams"", ""Christopher Gunning"", ""Laurence Cottle"", ""Ralph Salmins"", ""Harold Fisher"", ""Ian Thomas"", ""Chris Laurence""]",1996,Pop,Calm,english,1.39957483626784
2zQ7oW1DJCDog4ywzjxPTu,"Moon River (From ""Breakfast at Tiffany's"")",Moon River,"[""Lang Lang"", ""Madeleine Peyroux"", ""Jerry Douglas"", ""Peter Illenyi"", ""Hungarian Studio Orchestra""]",2016,Jazz,Calm,english,2.584882046028498
4KVxiuDdOc8r2AL1fdUmR4,"Moon River (From ""Breakfast at Tiffany's"")",The Pink Panther And Other Hits,"[""Henry Mancini""]",1992,Pop,Calm,english,2.640335937866091
2BpyzY3nIhoqF37Xh5TMr8,"Moon River - From ""Breakfast At Tiffanys""",The Third Man - Cinema Gala,"[""Henry Mancini"", ""Mantovani""]",1988,Pop,Calm,english,2.1929520805552825
3s3vybdkzM8sHztxIEQcYr,"Moon, I Already Know",Dawn,"[""Mount Eerie""]",2008,Folk,Calm,english,1.0779343630946372
0KDn90F0oPMuJ36NaUSOlE,Moonglow,Killer Dillers!,"[""Benny Goodman Quartet""]",2020,Jazz,Calm,english,1.3671532788611254
1T5VLQXmFRM9ShzVUuMMWZ,Moonglow,Greatest Hits,"[""Artie Shaw""]",1996,Jazz,Calm,english,1.8881564557030923
1ve01sble4RGxyO6jnzwsz,Moonglow,The War: A Ken Burns Film - The Soundtrack,"[""Eddie DeLange"", ""Irving Mills"", ""Will Hudson"", ""Artie Shaw""]",2007,Jazz,Calm,english,1.4072115787622523
2M6wHTJAUpKHvex4LRnu5X,Moonglow,"Sentimental Journey, Hits From The Second World War","[""Artie Shaw""]",2007,Jazz,Calm,english,1.401355571896125
4vnwyjFqvZQPAwJ7m0bM8p,Moonglow,From the Age of Swing,"[""Dick Hyman""]",2012,Jazz,Calm,english,2.2499611842217204
5OxesorQA2Gu1r0bGRTkX0,Moonglow,Begin The Beguine,"[""Artie Shaw""]",1987,Jazz,Calm,english,2.087329186621813
7wVBu26M0gQftdzO7pO9fl,Moonglow,With Benny In Mind,"[""Allan Vach\u00e9""]",2007,Jazz,Calm,english,1.87215989293846
0Hwa97bNBzDPEdo3toBdfd,Moonglow - Take 1,After You've Gone:The Original Benny Goodman Trio And Quartet,"[""Benny Goodman Quartet""]",1987,Jazz,Calm,english,1.5350506576913427
2EKQPQXhwk5mGSGDSZGbWX,Moonglow - Take 1,Falling In Love With Benny Goodman,"[""Benny Goodman Quartet""]",1999,Jazz,Calm,english,1.7273221741299625
2SjoGda5pnubMqvfeRnwfq,Moonglow - Take 1,The Centennial Collection,"[""Benny Goodman Quartet""]",2004,Jazz,Calm,english,1.80197462972309
7uyZDmvtrj60HzN1OmV3ZC,Moonglow - Take 1,Ultimate Big Band Collection: Benny Goodman,"[""Benny Goodman Quartet""]",2010,Jazz,Calm,english,1.5908940770425914
1b7ZzozLNfQGuff64lgxwr,Moonglow - Take 2,The Aviator Music From The Motion Picture,"[""Benny Goodman Quartet""]",2004,Jazz,Calm,english,1.735416631574824
31QuXhy09js64az8vRvAKc,Moonlight,Maps,"[""Message To Bears""]",2013,Rock,Calm,english,1.5193088489217157
7Ed0gUU4Qwa8lOVs1QujcT,Moonlight,Duct Tape Messiah,"[""Blaze Foley""]",2011,Country,Calm,english,2.058296081669471
486Q3Ep6vNSWqrEjFKzPrn,Moonlight Dancing,Magnum Opus,"[""Mexican Slum Rats""]",2018,Rock,Calm,english,2.161375123676162
0YIr0EWqHv5lK9nPH0E1Aq,Moonsmoke,By and By,"[""Caamp""]",2019,Folk,Calm,english,1.9593005317781889
27cDul68C4vySG66wjEQTU,More,Dreams and Daggers,"[""C\u00e9cile McLorin Salvant""]",2017,Jazz,Calm,english,2.5821853345981425
09Jn9v6JPlPRNpX5HYdQIA,More I Cannot Wish You,This One's for Tedi,"[""Johnny Hartman""]",1989,Jazz,Calm,english,2.345000020630248
39VnnGHo2tceczhv5bBNgW,More Pretty Girls Than One,"Folkways: A Vision Revisited - The Original Peformances Of Leadbelly, Woody Guthrie, Pete Seeger","[""Woody Guthrie""]",2006,Folk,Calm,english,1.289698814275332
7sA7SS7JBnSTuXSSEZhsNI,More Than I Can Say,Rainbow,"[""Dolly Parton""]",1987,Country,Calm,english,3.407279596040085
06gjwquCtoUMvDCccdjiPs,More Than You Know,In Hamburg,"[""Joe Pass""]",1997,Jazz,Calm,english,1.2258224145145242
4iAPfCNHPScgCulLu0lNf3,More Than You Know,South To A Warmer Place,"[""Meredith d'Ambrosio""]",1989,Jazz,Calm,english,1.5044508890274444
7Ft6tm0fgHRUU2SHpqmIyT,More Than You Know,Happy Songs,"[""Audra McDonald""]",2002,Jazz,Calm,english,2.9587251647034494
0NtYPa7UyRfY8lkBPQvi5w,More Than You Know - Live,Meditation,"[""Joe Pass""]",2002,Jazz,Calm,english,4.47969350636211
4OFouL4AwmylL8W2ap299f,"More Than You Know - Live at Carnegie Hall, New York, NY - September 1978",Dexter Gordon-Live At Carnegie Hall,"[""Dexter Gordon""]",1979,Jazz,Calm,english,1.442740651143176
03uU71ZdPmJ75nmPk6KAS6,More than you know,More Than You Know,"[""Dexter Gordon""]",1986,Jazz,Calm,english,3.223663789232548
46l1bAdQk0UFNsakc67LML,"Morning Dew - Live at Lyceum Theatre, London, England 5/26/72; 2018 Remaster",The Best Of The Grateful Dead Live (2018 Remaster),"[""Grateful Dead"", ""Merle Saunders""]",2018,Rock,Calm,english,1.2674906217342774
6PwhwLboKlaPt3bfrfw5iA,"Morning Dew - Live at Winterland, San Francisco, CA 10/22/67",Anthem of the Sun (50th Anniversary Deluxe Edition),"[""Grateful Dead""]",2018,Rock,Calm,english,2.457576953413896
3ntlx2d71a4kh0oB2pEXO3,"Morning Dew - Live in London, 1972; 2001 Remaster",Live Albums Collection,"[""Grateful Dead"", ""David Nelson"", ""Debbie Eisenberg"", ""Marma-Duke"", ""Merle Saunders"", ""Mouse"", ""Pete Grant"", ""WENDY""]",2013,Rock,Calm,english,1.148473435411633
4TaDnIQ6UmD8BW07VCH0ie,Morning Has Broken,Piano Portraits,"[""Rick Wakeman""]",2017,Rock,Calm,english,1.3941753087344964
7f6BZneOzXslVLWYpgpMHD,Morning Has Broken,Piano Portraits,"[""Rick Wakeman""]",2017,Rock,Calm,english,1.4601455295782997
0hIgFgjIVFgtikd9oCSE6v,Mornings,Master Of Pigeons,"[""Japanther""]",2005,Rock,Calm,english,3.509727103908564
0gA5VkbVtMevjxnaJLOD3A,Morningwatch,Not Exotic,"[""Dolorean""]",2003,Country,Calm,english,1.7516946954673174
70WFneHhMwbmCrWlW3DTep,Morphine,The August Division,"[""Pop Unknown""]",2002,Rock,Calm,french,1.6417671709513568
4vAc6riEe1vL4sWuElELQH,Morphos,The Enigma II,"[""Shinnobu""]",2017,Classical,Calm,portuguese,1.849925892917297
0Lj9J3ggwcGQexhutHttFq,Mos E17ley,The Empire Strikes Back,"[""Country Teasers""]",2006,Rock,Calm,english,1.9507468374769243
6MxXfzQ2r1JZ4BkwMZwekL,Most Clear Of Colour,Music For Tudor Kings: Henry Vii & Viii,"[""The Hilliard Ensemble""]",2008,Classical,Calm,english,2.972319963416624
2EHAlLKr7vhMSPaxt8zMnd,Mother No Longer Awaits Me At Home,Earliest Recordings - The Complete Rich-r-tone 78's,"[""The Stanley Brothers""]",1997,Country,Calm,english,2.2096602276937527
4Rh2UIuK3A0Mu9buL4GfRd,"Mother Of God, Here I Stand",Lux,"[""John Tavener"", ""VOCES8""]",2015,Classical,Calm,english,2.120039251319332
0upFgOmRj9juBVeY2l2Qki,Mother of God,Beyond,"[""Libera""]",2018,Classical,Calm,english,2.734484580659058
1F8hQyq6MJSzDCMrn6Wa2b,Mother's Milk,The Great Annihilator (Remastered),"[""Swans""]",2017,Rock,Calm,english,1.6358763579906923
70zs0DTulvoTOwVhJrS1Ti,Mother's Milk,Great Annihilator,"[""Swans""]",1995,Rock,Calm,english,2.058283392467022
7mzbAXvwMnQnc9uMgRJA4M,Mothers Of The Disappeared - Remastered 2007,The Joshua Tree,"[""U2""]",1987,Rock,Calm,english,2.14842766348282
4SrRrB27n7fiRkQcPoKfpk,Motion Picture Soundtrack,Kid A,"[""Radiohead""]",2000,Rock,Calm,english,2.165016692952145
3iURgkltoANXq7VMhRIGkc,Mount Doom (feat. Renée Fleming),The Lord of the Rings - The Return of the King - The Complete Recordings (Limited Edition),"[""Howard Shore"", ""Ren\u00e9e Fleming""]",2003,Classical,Calm,english,2.132505196040364
2yxzbONaBesk2VEjFccJcZ,Mountaineers,Music for People in Trouble,"[""Susanne Sundf\u00f8r"", ""John Grant""]",2017,Pop,Calm,english,2.716995185662718
0eWMg1QQjwIY7qgzRAruGa,"Mountains of the Moon - Live at Electric Theater, Chicago, IL, April 26, 1969","Dick's Picks Vol. 26: Electric Theater, Chicago, IL 4/26/69 / Labor Temple, Minneapolis, MN 4/27/69 (Live)","[""Grateful Dead""]",2002,Rock,Calm,english,2.552702776124553
7KPocJv6tv8V9oMAc5Za52,Mountainside,Mountainside,"[""Deradoorian""]",2017,Rock,Calm,english,1.6677012330671093
592OzkkritxWErBl1AIjzR,Mountaintop,Anywhere But Where I Am,"[""Foreign Fields""]",2012,Electronic,Calm,english,1.6434150843207995
40WXdZDdjnEIMiQynWYF8U,Move,All We Grow,"[""S. Carey""]",2010,Folk,Calm,english,1.3416423644794886
5ziCX8Rx9PhLpd8bNQMuGl,Move,"Chance, for Us","[""Ajai""]",2017,Rock,Calm,english,2.5028710414094446
06DiMYis4solHYcFXzmjJy,Move On,Sunday in the Park with George (Original Broadway Cast Recording),"[""Mandy Patinkin"", ""Bernadette Peters""]",1984,Classical,Calm,english,2.4129686230246583
1NXOMC3V9pndQHM0aGxx3R,Moved Beyond Murder,Horizonless,"[""Loss""]",2017,Rock,Calm,english,2.739238950409325
6uguZvVarfaz9ghvvAqUcA,Movement of Fear,Pop,"[""Tones On Tail""]",1984,Rock,Calm,english,1.8731395059348568
5VDpMZqmUDBrXrqomsQUJj,Movement of Fear,Everything!,"[""Tones On Tail""]",1998,Rock,Calm,english,3.128656013326061
0A7UaBhcG7mZxkOXPoAWxX,Mr. Lucky - Remastered - 1995,The Days Of Wine And Roses,"[""Henry Mancini""]",1995,Pop,Calm,english,1.9909724402016549
76LqdJi48Hlzpthde7sSLD,Mr. Met,Mr. M,"[""Lambchop""]",2012,Country,Calm,english,1.3706606480855268
3JJXz7g4Uq8nilp9DkWyex,Mr. Peterson,Learning,"[""Perfume Genius""]",2010,Pop,Calm,english,3.724007817217252
5OyGHh6CRf8c4PYIay00k2,Mr. Radio,No Answer,"[""Electric Light Orchestra""]",1971,Rock,Calm,english,2.207636185706394
6nTwbGRjt0FpHUaavyI5Nd,Mr. Selçuk,Heavens Above,"[""Eric Vloeimans' Gatecrash"", ""Jeroen Van Vliet"", ""Gulli Gudmundsson"", ""Jasper Van Hulten""]",2009,Jazz,Calm,english,1.3760465229298002
0mnyQBShSLarQckTRU98D2,Mrs. Bartolozzi,Aerial,"[""Kate Bush""]",2005,Pop,Calm,english,1.895246964623572
4d203weATlKsTdq7wkjX8n,Mrs. Bartolozzi - 2018 Remaster,Aerial (2018 Remaster),"[""Kate Bush""]",2005,Pop,Calm,english,2.416339397020544
6RYnTnUSj8uTZhIJUoOuC8,Muddy Funster,Knock Knock,"[""DJ Koze"", ""Kurt Wagner""]",2018,Country,Calm,english,1.3599696126791667
5TAsKm10VQoQuYW0fnqnsP,Mulago,Structuralism,"[""Alfa Mist""]",2019,Electronic,Calm,english,1.182784300487727
3UOUvqmWMlQJGWsY2PMTqP,Murder Your Memory,Hyperview,"[""Title Fight""]",2015,Rock,Calm,english,1.9138438233921533
5imSIRUGtX4aeRRA81UakE,Murder Your Memory,Hyperview,"[""Title Fight""]",2015,Rock,Calm,english,2.5002924364939085
2PdQTngPFw2oBrgd6NueK0,Murdered Echoes of the Mind,Telepathic with the Deceased,"[""Xasthur""]",2004,Rock,Calm,english,3.5754487726440907
09SPlF47uMPiK5zB3HuE8v,Muriel,Used Songs (1973-1980),"[""Tom Waits""]",2001,Folk,Calm,english,2.405645536546427
6LVg0JrvZlu2qNRNMO8o3g,Music Box,Ma Fleur,"[""The Cinematic Orchestra""]",2007,Electronic,Calm,english,2.289621865652197
39xp3CuNfoQzl1xXdzgoqJ,Music Down In My Soul,"Repertoire for Womens Voices, Vol. 7","[""Traditional"", ""arr. Moses Hogan"", ""Manitou Singers""]",2011,Pop,Calm,english,2.475281859789366
5mV5oHWZI17p0Npyd356qi,Music Down in My Soul (Arr. M. Hogan for Treble Choir & Piano) [Live],"Repertoire for Soprano & Alto Voices, Vol. 7 (Live)","[""Traditional"", ""Manitou Singers"", ""Sigrid Johnson""]",2011,Classical,Calm,english,2.380003865582296
3n6Me1MOovgo2QZqCKirO7,"Music For Strings, Percussion and Celesta (From ""The Shining"")",The Definitive Horror Music Collection,"[""The City of Prague Philharmonic Orchestra""]",2009,Classical,Calm,english,2.165359095796815
5nOY9eerBrOkeWUoHAry2q,Muskrat Ramble,"""25""","[""Harry Connick, Jr.""]",1992,Jazz,Calm,english,3.0489438431615388
7DRhblepJy7gA5dLV1Md2N,Must Be Treeman,Grass,"[""Animal Collective""]",2006,Rock,Calm,english,2.690724485353687
1LTphBS7XnePOyZfHNyP8N,"Mvmt I: ""Rejoice! Rejoice!""",The Oh Hellos' Family Christmas Album,"[""The Oh Hellos""]",2014,Folk,Calm,english,2.03772764632045
1dVAzv69TQdMh8QeQ3leBP,My Black Diaries,Abandon Tracks,"[""Death In June""]",2005,Rock,Calm,english,4.719153029179599
4jBejQ8I8XR6vzJvZwtQ0E,My Black Haired Love,The RCA Years,"[""Brian Kennedy""]",2000,Folk,Calm,english,2.5786305864215984
6Plj8JVBYCw6DwYyjBWBg6,My Blood,Wild Heart,"[""Current Joys""]",2013,Electronic,Calm,english,2.67961877287264
3350zw2DZtFzQhrG5kxktT,My Blue Heaven,Nipper's Greatest Hits: The 20's,"[""Gene Austin""]",1990,Jazz,Calm,english,2.070863523345192
3NHvKBSzRti9pbztav01DD,My Blue Wave,Is a Woman,"[""Lambchop""]",2002,Country,Calm,english,1.442989866570162
498pdyZakHVgo9RqnuQooT,My Blueberry Life,2013,"[""Current Joys""]",2014,Electronic,Calm,english,2.778884959428593
5kBz4b9aGKx4kLeEEbKsmC,My Blueberry Life,2013,"[""Current Joys""]",2014,Electronic,Calm,english,2.7200371901401024
6ZhOGo1fIap7vRSqeqwVs0,My Burning,Dawn,"[""Mount Eerie""]",2008,Folk,Calm,english,3.3179846600144898
334zsHU9m5i8U53J7BqcTX,My Bye,Voyage,"[""Youn Sun Nah"", ""Lars Danielsson"", ""Ulf Wakenius"", ""Mathias Eick"", ""Xavier Desandre Navarre""]",2009,Jazz,Calm,english,1.5692174268302388
3oNr0Zk63N2AgIopcYXQ7M,My Captain,Acoustic Blues,"[""Muddy Waters""]",2018,Blues,Calm,english,2.5560980599267715
0LBxKZ8PSV0WBH1C7n4VJB,My Cold Heart,Heartsick,"[""Lonesome Wyatt and the Holy Spooks""]",2011,Rock,Calm,english,2.734584085944382
0BSc5HKyut9m7t1i5Hwzr3,My Faith Looks Up to Thee,The Simple Gospel,"[""Steve Darmody""]",2000,Pop,Calm,english,2.3598734554161163
73cJjjd8AM6J76rH77Iuh3,My Father,Just Like A Woman: Nina Simone Sings Classic Songs Of The '60s,"[""Nina Simone""]",2007,Jazz,Calm,english,2.1330030131337403
09OYYj0Z1jmY9GJxSdyCeT,My Foolish Heart,50 Sax Jazz Classics,"[""Gene Ammons""]",2015,Jazz,Calm,english,1.7003525988179464
58gR6TOLfgO7oW0IhOWCVS,My Foolish Heart,The Complete Fantasy Recordings,"[""Bill Evans"", ""Tony Bennett""]",2015,Jazz,Calm,english,2.528684536968642
58wQOYptKLJlqfo3vGEyea,My Foolish Heart,Ringing the Luminator - Piano Works II,"[""George Gruntz""]",2005,Jazz,Calm,english,0.9822878151507308
3uIQCVMljj9sMTPmUIhEmm,My Foolish Heart - Live,Sadao Watanabe Plays Ballads,"[""Sadao Watanabe""]",2009,Jazz,Calm,english,2.4678760948391365
1WxRHNk06BU4p9FupFJxyz,My Funny Valentine,A New Sound - A New Star,"[""Jimmy Smith""]",2003,Jazz,Calm,english,2.5630437111258124
1g8u58dIItRlTJEV820W3K,My Funny Valentine,My Funny Valentine,"[""Dave Grusin""]",2015,Jazz,Calm,english,4.444062232403047
2FAse4WZoE7wPchOjY0L7T,My Funny Valentine,Great American Songbook,"[""The King's Singers""]",2013,Classical,Calm,english,2.76457906198531
3j24ul3QCtvBPE4Shc7Zjj,My Funny Valentine,My Favourite Songs - The Last Great Concert,"[""Chet Baker"", ""Radio Orchestra Hanover""]",1988,Jazz,Calm,english,4.3366960432462
4RHFJC9cne1vQRq97zW3oH,My Funny Valentine,Mack the Knife: a Capella Classic Crooners,"[""The King's Singers""]",2018,Classical,Calm,english,2.689187451372768
59vfgtEABhlFGgDNRGP7El,My Funny Valentine,Autumn Leaves,"[""Ray Brown""]",2007,Jazz,Calm,english,1.548784347860996
5R2Mu1YiNdqsHoBiRew9oS,My Funny Valentine,Manhattan Special,"[""Onyx Collective"", ""Nick Hakim"", ""Jake Sherman""]",2020,R&B,Calm,english,1.705372774839091
7MsuUoGa7AhRQrXgHEQvKH,My Funny Valentine,The Best Of Ray Brown,"[""Ray Brown""]",2009,Jazz,Calm,english,1.173275585785994
0Kye6SeRTNbYeuGSUsrHcl,My Funny Valentine - Live,Jazz Moods - Cool,"[""Chet Baker"", ""Gerry Mulligan""]",1974,Jazz,Calm,english,4.1605936175655565
75jObLk27hw3y8QMysTBd2,My Funny Valentine - Live,Straight from the Heart - The Great Last Concert Vol. II,"[""Chet Baker"", ""Herb Geller""]",1990,Jazz,Calm,english,0.8142942049325146
7LYsxnQqhsYlEpfhs4kAZJ,My Funny Valentine - Remastered,Desmond Blue,"[""Paul Desmond""]",2002,Jazz,Calm,english,1.652719005950534
6gSz86xAp5WDAYi33xQb1b,My Funny Valentine - Vocal,The Talented Mr. Ripley - Music from The Motion Picture,"[""Matt Damon""]",1999,Jazz,Calm,english,1.797271342447932
0IuJ2fJAx5gyF1n6sC4z68,"My God Is Real (Yes, God Is Real)",The Essential Gospel Sampler,"[""Mahalia Jackson""]",1994,Pop,Calm,english,2.628361195516283
2vWT6FckKmNnsT0IafgQ78,My Head Falls Softly,Catskills,"[""Kitty Craft""]",2000,Electronic,Calm,english,2.0632419414822776
1tQxeTWI9TGySok8glnAK1,My Heart Cries for You,The Home Recordings,"[""Elvis Presley""]",1999,Rock,Calm,english,1.2047655189913486
1Uk2M09lRd5eDT8wv74JRM,My Heart For Deliverance,Honor Found In Decay,"[""Neurosis""]",2012,Rock,Calm,english,2.8933643969951786
1OJekD8Pynj5wZMlXbdHOg,"My Heart Will Go On (From ""Titanic"")",Harp Fantasy 2,"[""Will Jennings"", ""James Horner"", ""Camille and Kennerly""]",2016,Classical,Calm,english,2.0711168582504693
5Ldc2VR2Toe44qYysXxRds,"My Heart Will Go On (Instrumental) [From ""Titanic""]",The Symphonic Celtic Album,"[""The City of Prague Philharmonic Orchestra"", ""Nic Raine""]",2011,Classical,Calm,english,1.9074451036926787
7eRNN1USmQixYErzeqCrPJ,"My Heart Will Go On (Instrumental) [From ""Titanic""]",Titanic: The Essential James Horner Film Music Collection,"[""The City of Prague Philharmonic Orchestra"", ""Nic Raine""]",1998,Classical,Calm,english,1.9074451036926787
3eiymMcHMtNeN0xKeP4WQM,"My Heart Will Go On - Love Theme from ""Titanic""",Titanic: Original Motion Picture Soundtrack - Collector's Anniversary Edition,"[""C\u00e9line Dion"", ""James Horner""]",1997,Pop,Calm,english,2.5702453302625097
42lyCSXzWizBfGmqE1Silk,"My Heart Will Go On - Love Theme from ""Titanic""",Titanic: Music from the Motion Picture Soundtrack,"[""C\u00e9line Dion"", ""James Horner""]",1997,Pop,Calm,english,2.311839163306958
4yEGIqaGrBe5kqSmnkpYLa,"My Heart Will Go On - Love Theme from ""Titanic""",Titanic: Original Motion Picture Soundtrack - Anniversary Edition,"[""C\u00e9line Dion"", ""James Horner""]",1997,Pop,Calm,english,2.5702453302625097
4Bv0zRMsGHECBVEmLsBNqA,My Heart's Reflection (Take 3),Tom Courtenay,"[""Yo La Tengo""]",1995,Pop,Calm,english,1.979607461498987
1RmoqoaL6BIje1nXY79PhL,My Heart's in the Highlands,Pärt: Creator Spiritus,"[""Arvo P\u00e4rt"", ""Else Torp"", ""Christopher Bowers-Broadbent"", ""Paul Hillier""]",2012,Classical,Calm,english,2.7009471899538418
5FMfb6fRfQaXTIjdrcBOkE,My Imagination,Naked & Warm,"[""Bill Withers""]",1976,Blues,Calm,english,3.710116794123563
1go4guQDKwOBIWWBDZC6ey,My Iron Lung,VSQ Performs Radiohead: Enigmatic,"[""Vitamin String Quartet""]",2003,Classical,Calm,english,1.633542413995151
2xIzwZ3R6gHGUQo5lBngG2,My Lagan Love,Voice of Ages (Deluxe Edition),"[""The Chieftains"", ""Lisa Hannigan""]",2012,Folk,Calm,english,2.7448896722365794
705a6cujbFO9Xsfd6ykjUu,My Lagan Love,Scarborough Fair - Songs from the British Isles,"[""Traditional"", ""Bryn Terfel"", ""Neil Martin"", ""Sharon Corr"", ""London Symphony Orchestra"", ""Barry Wordsworth""]",2009,Classical,Calm,english,1.977838346895524
7EA2OnLvsAW0eVQetMhwU0,My Lagan Love,"Decade. The Songs, The Show, The Traditions, The Classics.","[""Celtic Woman""]",2016,Folk,Calm,english,2.691338603841006
1TDYO8TLYbuMJbWUCpqGr5,My Lagan Love - vocal,Prelude...The Best of Charlotte Church,"[""Traditional"", ""Charlotte Church"", ""Meinir Heulyn""]",2003,Pop,Calm,english,2.63038051048752
0Rr1IrRiPyCurxicOXwBhz,My Little Corner of the World,I Can Hear The Heart Beating As One,"[""Yo La Tengo""]",1997,Pop,Calm,english,2.499255921548916
2bY66Hf5NbHJ8Ai8eNmJHG,My Little Corner of the World,I Can Hear The Heart Beating As One,"[""Yo La Tengo""]",1997,Pop,Calm,english,2.496931489231056
1iKtNCRdJ59nWr0dpocU7t,My Lord Has Come,Lux,"[""Will Todd"", ""VOCES8""]",2015,Classical,Calm,english,2.1560678689892776
74kaI8yronM2r2b1K3mrfs,My Love Goes Free,Fall - EP,"[""Jon Foreman""]",2007,Folk,Calm,english,2.580707569503484
30Bl8vY5u5NM2RYxUzAwVP,My Love Is Like A Red Red Rose,An Irish Romance,"[""Celtic Thunder"", ""Paul Byrom""]",2022,Folk,Calm,english,2.0617810846015585
0d8Z68yX6JxUhcsG9acckn,"My Love Is Like A Red, Red Rose",Celtic Twilight 5 (From The Hearts O'Space),"[""Bill Douglas""]",1999,Folk,Calm,english,2.1980300092830576
5m3QvRWpESvllYNmr0TIm4,My Love Is Like a Red Red Rose,Eternity's Sunrise,"[""Bill Douglas""]",2000,Folk,Calm,english,2.018477045972417
7q8ehFJRz3eSHhsnXlYFjg,My Lover Won't Call,It's A Game,"[""Edith Frost""]",2005,Country,Calm,english,0.7829109058352125
76MZ0wEC9UQqGt4Ku9t6Ng,My Lucky Stars,Someone for Everyone,"[""The Capsules""]",2005,Pop,Calm,english,1.751787690921346
6mVNvmvXRVKn2JQKffX7SV,My Man - Single Version,20th Century Masters: Best Of Billie Holiday (The Millennium Collection),"[""Billie Holiday""]",2002,Jazz,Calm,english,2.797248521803425
0gT9hRx4f1B3B0TI1oMl5J,My Muse,My Muse,"[""George Cables""]",2012,Jazz,Calm,english,2.944262395064173
5hgSjBksfQoe8d6RlDqBS7,My Oblivion,Waiting for the Moon,"[""Tindersticks""]",2003,Classical,Calm,english,2.1393371210876966
3qyYE0MZUhzwCeOJBXXJfA,My Old Flame,The Platinum Collection,"[""Charlie Parker""]",2011,Jazz,Calm,english,2.1434159032869866
2lty989GpuDUdGDvEEMt7T,My One And Only Love,Centennial Celebration,"[""Art Tatum"", ""Ben Webster"", ""Red Callender"", ""Bill Douglass""]",2009,Jazz,Calm,english,2.279511423780531
0jOehR5E9KhQJ4MKimXPks,My One And Only Love - Remastered 1999/Rudy Van Gelder Edition,The Stylings Of Silver (The Rudy Van Gelder Edition),"[""Horace Silver""]",2002,Jazz,Calm,english,1.529844959680043
2UAeHdOS92bO64Wz5CrGjA,My One And Only Thrill,My One And Only Thrill,"[""Melody Gardot""]",2009,Jazz,Calm,english,2.664009577626575
3WdvQWadYVx39nr8IhS3uA,My One And Only Thrill,My One And Only Thrill,"[""Melody Gardot""]",2009,Jazz,Calm,english,2.664009577626575
14j8XkLqOuu9NpxBJ2bQfQ,My One and Only Love,The Richie Kamuca Quartet,"[""Richie Kamuca""]",1985,Jazz,Calm,english,2.4085517732451174
1GPq763T7AJj7SIfnt1V4a,My One and Only Love,Whisper Sweet,"[""Carol Sloane""]",2003,Jazz,Calm,english,2.5488201438189044
1QhoE64q6fx7VWMDmSsmn3,My One and Only Love,Angel Rodeo,"[""Lisa Sokolov""]",1993,Jazz,Calm,english,2.3236149685159853
7FtJEJoUemgTBnx6zXvK5T,My One and Only Love,Jazz Masters,"[""Bennie Wallace""]",2005,Jazz,Calm,english,1.3148083743579249
1ZGOCNA6FyUWENWHYhjEzl,My Pain,We Are Not Your Kind,"[""Slipknot""]",2019,Rock,Calm,english,2.0483273060529497
1XcwflJtWWNozT21eaw9zb,My Reverie,The Divine Sarah Vaughan: The Columbia Years 1949-1953,"[""Sarah Vaughan""]",1988,Jazz,Calm,english,2.6521210616966746
0h5Ls2QqRcZENcZXAyJw25,My Romance,My Romance,"[""Houston Person""]",1998,Jazz,Calm,english,2.0868460948171395
1aA9m8Fo1MqzRWL68o0XJt,My Romance,Tears Of Joy,"[""Patti Cathcart"", ""Tuck Andress""]",1988,Jazz,Calm,english,2.3563384261851947
2DvfUxDM76OlMqrVp9gWxA,My Romance,As Time Goes By,"[""Patti Cathcart"", ""Tuck Andress""]",2001,Jazz,Calm,english,2.4415272576043736
5MvbuyOSEFUeeRRSW6NS5P,My Romance,With A Smile And A Song,"[""Doris Day""]",2012,Jazz,Calm,english,2.355556368286079
5uGt1AL02UAtz3KdLNAmP9,My Romance,When I Fall In Love,"[""Chris Botti""]",2004,Jazz,Calm,english,2.699789918119946
69lbK3zTHyCDSGP7zQnp5T,My Romance,The Essential Doris Day,"[""Doris Day""]",2014,Jazz,Calm,english,2.746357509669752
6BSX3gFbVDkYTmloPzz6Jh,My Romance,With A Smile And A Song,"[""Doris Day""]",2012,Jazz,Calm,english,2.355556368286079
6LenBpILhqYCnO24vkGIBO,My Romance,When I Fall In Love,"[""Chris Botti""]",2004,Jazz,Calm,english,2.121401873639197
1l0r8tyTxmxhEF3NUjdQ1v,My Roots Are Strong and Deep,"The Glow, Pt. 2","[""The Microphones""]",2001,Folk,Calm,english,1.5902643245117385
1JSMBWyRwHZCoz9h4dEqCI,My Shadow Life,With Animals,"[""Mark Lanegan"", ""Duke Garwood""]",2018,Rock,Calm,english,2.2591915859925784
4pQgDQk08AovIETAwJS3kg,My Ship,Hartman For Lovers,"[""Johnny Hartman""]",2004,Jazz,Calm,english,2.442711813219078
6U4DSsTAukBgmfTZ5Bx5qW,My Ship,Patti LuPone Live,"[""Patti LuPone""]",1993,Classical,Calm,english,3.121831150395909
1hmlvEd092XYHnc0oee9Zc,My Song,Every Good Boy Deserves Favour,"[""The Moody Blues""]",1971,Rock,Calm,english,2.084635244490219
2CQujPIeCvorZbv8EWRJ0O,My Song in the Night,My Soul's Delight,"[""The Concordia Choir""]",1998,Classical,Calm,english,2.665336428286573
51ZJuHdsRmPBMRboDXSnPE,My Town - Piano Intro,My Town,"[""Montgomery Gentry""]",2002,Country,Calm,english,3.044511167244419
51hQSiP1MGgbYbXdcdYLQT,My Voice is a Little Horse,Guttering,"[""MJ Lenderman"", ""Wednesday""]",2021,Country,Calm,english,1.8427152257901247
6ofdVQ2CgbBfgJJKVrBuRg,My Wena,"A Nice Night for an Evening, Vol. 1","[""Bowling For Soup""]",2019,Pop,Calm,english,2.743092991943042
7tPB4V8zriG26N3Pd3RjYC,My Will,Aleah,"[""Aleah""]",2020,Rock,Calm,english,1.7978516939895712
299eBwYoYQKVE8XiqJqL2C,My Will - Acoustic,Aleah,"[""Aleah""]",2020,Rock,Calm,english,0.8568582396970246
0fVbpmjoBWHyTjOD8yLE7w,My Window,Animal Lover,"[""The Residents""]",2005,Rock,Calm,english,2.507801517824156
6MuYpktGeHQXZHHko0Tmvl,Myrrhman,Laughing Stock,"[""Talk Talk""]",1991,Pop,Calm,english,2.5923784615058487
0jF5G6LnVRX92gFTnKxIbx,Mysteries of Love,Floating Into The Night,"[""Julee Cruise""]",1989,Pop,Calm,english,2.0969213352959497
2HmsLNQFMBLRZmW4DkKBwL,Mysterious (Intro),Da Real World,"[""Missy Elliott""]",1999,Hip-Hop,Calm,english,2.4456575925455315
508BebjpBldwy8bBaXa8OQ,Mystery,Forever,"[""Quo Vadis""]",1996,Rock,Calm,english,2.4782026404445863
0MNNKSUU9OOQ8DSGWduw79,Mystery of Love,Call Me by Your Name (Original Motion Picture Soundtrack),"[""Sufjan Stevens""]",2017,Classical,Calm,english,1.613802628632193
4HbeGjbt7u3pvwDk1vN7P0,Mystery of Love,Call Me By Your Name (Original Motion Picture Soundtrack),"[""Sufjan Stevens""]",2017,Classical,Calm,english,1.613802628632193
5GbVzc6Ex5LYlLJqzRQhuy,Mystery of Love,Mystery of Love,"[""Sufjan Stevens""]",2017,Classical,Calm,english,1.613802628632193
0oTtnnedK0C4unALxVTPhz,Mystery of Love (From the Original Motion Picture “Call Me by Your Name”),Mystery of Love (From the Original Motion Picture “Call Me by Your Name”),"[""Sufjan Stevens""]",2017,Classical,Calm,english,1.613802628632193
02ZfVcdowfzkbSD5dKf2jA,Mystic Queen,Camel (Remaster),"[""Camel""]",1973,Rock,Calm,english,1.9620711510688813
6gGPgH4YDqfTThzXQ8TBQg,Mystic Queen - Live At The Marquee Club,Mirage,"[""Camel""]",1974,Rock,Calm,english,1.515607937707273
1riM7lvZvncmgjtJ6dTY7L,Myth of Sisyphus,Stills,"[""Stephen Stills""]",1975,Folk,Calm,english,0.9681289566505764
13UMmX5R939cB3KXoQ904T,NIGHTS IN HER EYES,MONSTERS IN TOWN,"[""Minako Yoshida""]",1981,Pop,Calm,english,1.9220682557485769
1EPONp0Z5nnLBh66vCbsPR,Na Laetha Geal M'óige,Watermark,"[""Enya""]",1988,Folk,Calm,french,3.42934722670092
0YAZZhvZsHmGn0FqghONUS,Na Laethe Bhí - 2004 Remaster,In a Lifetime,"[""Clannad""]",2020,Folk,Calm,portuguese,2.639884493785232
4NmsboeyIz7ocINjLl96eJ,Nail It on the First Try,Undress,"[""The Felice Brothers""]",2019,Country,Calm,english,2.086355686539804
0REOJvCc5FH05kyvDhxn70,Naked as We Came - Demo,Our Endless Numbered Days (Deluxe Edition),"[""Iron & Wine""]",2004,Folk,Calm,english,2.7159642783394853
398SqmZdgXo0mxXExA1neT,Narc - Paul Banks Remix,Interpol Remix,"[""Interpol"", ""Paul Banks""]",2005,Rock,Calm,english,1.6672144836237035
2UdAXZ6NH8OdVRBlKafPIn,Nathalie Neal,To Be Kind,"[""Swans""]",2014,Rock,Calm,english,3.09946278704886
26YXtbip8lII51zOhT1aGA,National Movie Review,Deltron 3030,"[""Deltron 3030"", ""Del The Funky Homosapien"", ""Dan The Automator"", ""Kid Koala""]",2000,Hip-Hop,Calm,english,2.823059559575056
62oWa4yS0NBuFpqO8WnE9z,Nattväsen,Derelicts,"[""Carbon Based Lifeforms""]",2017,Electronic,Calm,english,2.206055962175146
0Rzb9TwPYT5bmD2UiDfdt6,Nature Boy (feat. Patrik Boman & Ronnie Gardiner),Back To Earth,"[""Lisa Ekdahl"", ""Peter Nordahl Trio"", ""Patrik Boman"", ""Ronnie Gardiner""]",1999,Jazz,Calm,english,2.602493979487792
6ewvdMjrxJXsIBTeqCsLaw,Nature Boy,The Brutal Language,"[""My Ruin""]",2006,Rock,Calm,english,2.0546205057316933
7wOB5yjjFjb0i9c1Y3B6Xh,Nature Boy,Dear Mr. Cole,"[""The John Pizzarelli Trio""]",1995,Jazz,Calm,english,2.8414264665286595
2KRKc2I7YJ8oOmP2kr21kp,Naught,Horizonless,"[""Loss""]",2017,Rock,Calm,english,2.7811367273510403
1ucx92VSSUu83l3t9CiD6k,Navigatio,Prayers of St. Brendan: The Journey Home,"[""Jeff Johnson""]",1998,Folk,Calm,english,2.969115039556069
4TvLx4JQhuhsBQUx1zURXl,Navigatio,Celtic Twilight 5 (From The Hearts O'Space),"[""Jeff Johnson""]",1999,Folk,Calm,english,2.57146797830361
1HCQKGHalE3ozAQbh8BEUH,Navigator,Navigator (Bonus Track Version),"[""Her Name Is Calla""]",2014,Rock,Calm,english,2.092753523096196
1bNwAHDlIYlrNlyMwRMoh4,Nazama,Nazama,"[""Nyokabi Kariuki""]",2023,Electronic,Calm,english,2.173766770578822
0QpjIkpk7aSkTcmNnYQDjK,Nearer My God To Thee - Live,More Greatest Hits - 18 Best Loved Favorites,"[""Lowell Mason"", ""Arthur Sullivan"", ""Sarah Adams"", ""The Tabernacle Choir at Temple Square"", ""Vocal Majority"", ""John Longhurst"", ""Jerold D. Ottley""]",1995,Classical,Calm,english,2.6836327131370448
2HkrAB3LerJuWWX8IZngsD,Nearer My God To Thee - Live,Voices In Harmony,"[""Lowell Mason"", ""Arthur Sullivan"", ""Sarah Adams"", ""The Tabernacle Choir at Temple Square"", ""Vocal Majority"", ""John Longhurst"", ""Jerold D. Ottley""]",1987,Classical,Calm,english,3.247784227886493
4aHbaqBHDHBrfsmBpUmRB5,Nearer My God To Thee - Live,The Essential Mormon Tabernacle Choir,"[""Lowell Mason"", ""Arthur Sullivan"", ""Sarah Adams"", ""The Tabernacle Choir at Temple Square"", ""Vocal Majority"", ""John Longhurst"", ""Jerold D. Ottley""]",2006,Classical,Calm,english,2.6836327131370448
3gBsYzEfPqganDPyMzLIag,"Nearer, Still Nearer","Hymns of the Church, Vol. 2","[""Oasis Chorale""]",2016,Classical,Calm,english,2.84028468006622
2AfFuqGQSTBI31kbqE1qo4,Nearness Of You,When I Fall In Love,"[""Chris Botti""]",2004,Jazz,Calm,english,1.0473525024140236
4ULH1AWNK19lv8ksGsdd3H,Nearness Of You,When I Fall In Love,"[""Chris Botti""]",2004,Jazz,Calm,english,1.0219820370153048
28hv3qok0P0nu4K7OsmDRG,Nearness of You,Anything Goes,"[""Brad Mehldau Trio""]",2004,Jazz,Calm,english,1.282514978681001
4FqnaZALqOYyWediiaAToi,Neon Bible,Neon Bible,"[""Arcade Fire""]",2007,Rock,Calm,english,2.3342775466979178
5qrMaGXEfRyWxcfvq8UW6O,Nephew in the Wild,Nephew in the Wild (Deluxe Edition),"[""Advance Base""]",2015,Folk,Calm,english,1.276103569527302
2JU3S0fBRx71WdoPNxjJTf,Neptune,Planetarium,"[""Bryce Dessner"", ""James McAlister"", ""Nico Muhly"", ""Sufjan Stevens""]",2017,Classical,Calm,english,2.3766099418871
3hJs5GVqrMV1g3rtPGVLkv,Never Again,Out of the Mists,"[""The Machine In The Garden""]",2000,Rock,Calm,english,1.539792534055253
0LnX9xddRVtGaz9n50N4De,Never Be,Carved From Tides,"[""Message To Bears""]",2016,Rock,Calm,english,1.8236388311588456
6cePxNkX02pGoQHhiVohO1,Never Be Anyone Else But You - Re-Recorded In Stereo,Best Of Ricky Nelson,"[""Ricky Nelson""]",1991,Rock,Calm,english,2.605285654409695
1nJ0dulBFnAZDtxiGLXfCd,Never Enough - Nils Hoffmann Remix,Never Enough (Nils Hoffmann Remix),"[""TWO LANES"", ""Nils Hoffmann""]",2020,Electronic,Calm,english,2.50536616391053
4H12MhrikvAMbXMTctktoZ,Never Far Away,Jack White Acoustic Recordings 1998 - 2016,"[""Jack White""]",2016,Blues,Calm,english,1.950518314247515
4kRGPeHDulsh4hg3barZH3,Never Far Away,Cold Mountain (Music From the Miramax Motion Picture),"[""Jack White""]",2003,Blues,Calm,english,1.5557229727276956
38yhxvKa7jbtXetFicPJ2O,Never Going Back Again - Early Demo,Rumours (Super Deluxe),"[""Fleetwood Mac""]",1977,Rock,Calm,english,4.622564150297384
0HcPHKuIe0BXFlgfmPNfN8,Never Leave a Madman,Tuonela,"[""Talsur""]",2015,Rock,Calm,english,1.9209851419044204
4wRydBArIDhLcrvPxHHzFx,Never Let Me Go,Irene Kral Live,"[""Irene Kral""]",2006,Jazz,Calm,english,5.27139104334443
1Zb3jYBxYUqE3n7WXcSpVb,"Never Meant - 4-Track Album Prep, 1999",American Football (Deluxe Edition),"[""American Football""]",2014,Rock,Calm,english,2.912658858133036
0uAdvb3eisHNJfDJ0ClRtG,Never My Love,Mr. M,"[""Lambchop""]",2012,Country,Calm,english,1.5039672562979636
78NmtaNm63m6MbPDeMh49k,Never My Love,Mr. M,"[""Lambchop""]",2012,Country,Calm,english,1.5039672562979636
1s5TImQsHUpAf97PAOirju,Never To Return,Funerals From The Astral Sphere,"[""Midnight Odyssey""]",2015,Rock,Calm,english,4.2581925225409645
5d0jiTqg3SFz5Dp2ccrkj1,Never To Return,Funerals From The Astral Sphere,"[""Midnight Odyssey""]",2015,Rock,Calm,english,4.28203680485845
265535kGjB4xr88jVazjz6,Never Too Far,Tubular Beats,"[""Mike Oldfield"", ""Tarja"", ""YORK""]",2013,Rock,Calm,english,1.7153866672948417
77qe3JNMJjOr3HFGR3JJP0,Neverending Fountain - Alt. Version,Neverending Fountain (Alt. Version),"[""S. Carey""]",2014,Folk,Calm,english,2.2657312779794645
4vxsj0J9qNCclCweMf8RXQ,New Birds,Philophobia,"[""Arab Strap""]",1998,Rock,Calm,english,2.426612613920549
0OiHA3BffkD2Fp4zWR2ah6,New Dawn Fades (feat. Tiny Vipers),It All Falls Apart,"[""The Sight Below"", ""Tiny Vipers""]",2010,Electronic,Calm,english,2.8263842216136035
2wO37xCW3vzgVgEH85BmXm,New Orleans,30,"[""Harry Connick, Jr.""]",2001,Jazz,Calm,english,0.8654398596413764
647A0nKoT6gsfaVkhKF8As,"New Potato Caboose - Live at Avalon Ballroom, San Francisco, CA, 1/24/69",Aoxomoxoa (50th Anniversary Deluxe Edition),"[""Grateful Dead""]",2019,Rock,Calm,english,2.626516653634306
3Wjssx9xBkQ1CWdlMmlbpY,New San Antonio Rose,The Essential Bob Wills & His Texas Playboys,"[""Bob Wills & His Texas Playboys""]",1992,Country,Calm,english,3.2194842035501696
7xHWmNIL8JErSaDgW92DI8,New Sneakers,Milk Man,"[""Deerhoof""]",2004,Rock,Calm,english,2.0296786890355314
5bq9n41pwbgvD6Mr56Rmsb,New Star in the Sky,Moon Safari,"[""Air""]",1998,Electronic,Calm,english,4.414597270298543
31BFsc53dfcDsMVShwpCP2,New Whaling,Wolfroy Goes To Town,"[""Bonnie Prince Billy""]",2011,Country,Calm,english,1.833162847502512
5sn5E8HsUitOsC70O26l4i,"New York, New York",New York New York 1970-72,"[""Duke Ellington""]",2008,Jazz,Calm,english,2.989280027796903
08Ci1A0BDMROIv76lAAper,Nice Without Mercy,Mr. M,"[""Lambchop""]",2012,Country,Calm,english,1.9427070735956296
7lDhAXTGe5LO9xSbq56t0K,Nice Work If You Can Get It,Gershwin For Lovers,"[""Marcus Roberts""]",1994,Jazz,Calm,english,4.243953306458763
3N2lONScidp9rPv1fq6cyE,Nieces Pieces,Fag Patrol,"[""Xiu Xiu""]",2006,Pop,Calm,english,2.514792139410753
4Bf9SBkNI60Zsu9kdvtJwx,Night And Day,Peche A La Mouche,"[""Django Reinhardt""]",1992,Jazz,Calm,english,2.8622940444870006
6ANE77YxkvrCL10pffcxIk,Night And Day (feat. Patrik Boman & Ronnie Gardiner),Back To Earth,"[""Lisa Ekdahl"", ""Peter Nordahl Trio"", ""Patrik Boman"", ""Ronnie Gardiner""]",1999,Jazz,Calm,english,1.737842656690764
5ZU85Wow0Fdrkm7JsUFc30,Night Comes In,The Best Of Richard And Linda Thompson: The Island Record Years,"[""Richard & Linda Thompson""]",2000,Folk,Calm,english,1.6267811282408748
3FiULYS7ftpoTfQwpO0oPh,Night Falls on Hoboken,And Then Nothing Turned Itself Inside-Out,"[""Yo La Tengo""]",2000,Pop,Calm,english,0.9092768787634298
7kzZwlkzIjVTgH9gbzsqe4,Night Game,Still Crazy After All These Years,"[""Paul Simon""]",1975,Folk,Calm,english,2.1888000319919336
59mGecoWArJ8NfSu6iefL2,Night Howler,Darkness Come Alive,"[""Doomriders""]",2009,Rock,Calm,english,2.7440880589410965
58cTe4qTja6huQyPG1pfXa,Night Walks,In The Future,"[""Black Mountain""]",2008,Rock,Calm,english,2.408176625430781
6UNNt1oOvlzG77GjoSKxQk,Night and Fog,Fateless,"[""Decree""]",2011,Rock,Calm,english,2.7642262441984995
3k013mBtalereHJXe6sO1a,Night by Candlelight,Black Love,"[""The Afghan Whigs""]",1996,Rock,Calm,english,1.7743088825277695
2sjaiPogqwvNYXrOzagsDS,Nightly,Magnolia,"[""Kevin Krauter""]",2015,Pop,Calm,english,1.4804365812565998
5TmbbFlVoke2X5RrmyVpQy,Nightmare's End,Dragon Age Inquisition,"[""Trevor Morris""]",2014,Classical,Calm,english,2.8909613378383665
5j86pOXbQwoJUmTJj3xiUc,Nightmares on Repeat,They Moved In Shadow All Together,"[""Emily Jane White""]",2016,Folk,Calm,english,2.0356988241015967
5pDsKnVuFRdfy7pIscXWRF,Nightmares on Repeat,They Moved in Shadow All Together,"[""Emily Jane White""]",2016,Folk,Calm,english,2.0356988241015967
2KMu1C3jtaTQ8z4CC5ucUK,Nightporter,Exorcising Ghosts,"[""Japan""]",1984,Pop,Calm,english,1.5677278770385443
2Ml5zm6XgZqaCTeexHVcm3,Nightside of Eden,Transcendence Into the Peripheral / Dusk,"[""Disembowelment""]",1993,Rock,Calm,english,1.919673297509804
2FGw4NnMnzTvz9PEoRy3BR,Nightswimming,Quietly,"[""Planning For Burial""]",2016,Rock,Calm,english,1.6831582795582556
7BW8BW60su1KCXQTApuVh5,Nightwind,Between Flesh and Divine,"[""Asia Minor""]",1981,Rock,Calm,english,2.1258880311633144
66mNiVdvhrHBqOlIqyEjee,Nimrodel / The Procession / The White Rider,Mirage,"[""Camel""]",1974,Rock,Calm,english,3.6577506013721743
6sDqm2UahU7dhglyHXc9Fu,Nine,Given to the Rising,"[""Neurosis""]",2007,Rock,Calm,english,2.373451063624729
3L3l2kCgdIVwx1cSn0AIVf,Nineteen,Dongs Of Sevotion,"[""Smog""]",2000,Rock,Calm,english,1.441283435994979
5ZgPRWRjdXCCPtlNvCS6jV,Niobe,Andorra,"[""Caribou""]",2007,Electronic,Calm,english,1.8641962174455555
0crY7pPfWKmVzMW03UWN0O,"Nisi Dominus (Psalm 126), R.608: 4. ""Cum dederit"" (Andante)",Vivaldi: Nisi Dominus; Concerto for Strings & Continuo in F etc.,"[""Antonio Vivaldi"", ""Andreas Scholl"", ""Australian Brandenburg Orchestra"", ""Paul Dyer""]",2000,Classical,Calm,english,3.1680544762740483
37sKTxulSd6AUgwjQDVQsP,Nite Time Talking,Nite Time Talking,"[""Diane Birch""]",2016,Folk,Calm,english,1.8529756193987623
5kGApyNnNS3APuTBEnUBHG,No Agenda (feat. Steve Kilbey),Asleep in the Downlights,"[""Hammock"", ""Steve Kilbey""]",2011,Electronic,Calm,english,1.9205040593076288
5jqfcGiS5CnavLRAKl5vqb,No Autotune,Thank You Kaine,"[""Duwap Kaine""]",2020,Hip-Hop,Calm,english,2.7401364315547987
1iVA6tMtTEefefKrPYKJLB,"No Flashlight, Pt. 1",No Flashlight,"[""Mount Eerie""]",2015,Folk,Calm,english,2.047279721118873
6IGq3RtjQ7o25MvImbKzRQ,No Fun,No Fun / Lucky for You,"[""Novo Amor"", ""Gia Margaret""]",2019,Electronic,Calm,english,1.7355328313679128
385JUM8XCI7Zhck0AUj6Sl,No Good Before Noon,Proper,"[""Into It. Over It.""]",2011,Rock,Calm,english,1.457106967570262
35BOEtOvV1qwzjblSKcPJ1,No More,Damaged,"[""Black Flag""]",1981,Rock,Calm,english,3.327991676965808
6ugENACGAOyvX73nxfcNrl,No More,Careless Love,"[""Madeleine Peyroux""]",2004,Jazz,Calm,english,1.8478076043208744
5GsejXGoOnhtXzfYfbPwdF,No One Is Alone,Mandy Patinkin,"[""Mandy Patinkin""]",1989,Classical,Calm,english,2.52235502838257
1MPd109cX9mB9Os1KbsNw7,"No One Is Alone (From ""Into The Woods"")",Into the Woods (Original Broadway Cast Recording),"[""Chip Zien"", ""Kim Crosby"", ""Ben Wright"", ""Danielle Ferland"", ""Original Broadway Cast of Into the Woods""]",1988,Classical,Calm,english,2.7043251668320814
4BqSn5PZg94C7Smtmm1giv,No One Is Alone - Instrumental Version,Into the Woods (Instrumental Songs Version),"[""Stephen Sondheim""]",2015,Classical,Calm,english,1.6628747919066609
4McullpiOd45TwEHlOISgs,No One Is Ever Going to Want Me,Giles Corey,"[""Giles Corey""]",2015,Rock,Calm,english,1.716106087961189
10VcCQ9GA8f11QcDFIdUvW,No Ordinary Love,When I Fall In Love,"[""Chris Botti""]",2004,Jazz,Calm,english,1.84424309870698
5nSFmNF5oXrWGpLyuddi1A,No Ordinary Love,When I Fall In Love,"[""Chris Botti""]",2004,Jazz,Calm,english,1.7502013951180977
55ZL7fjGAWfClmpnsK6Xon,No Quarter - Remaster,Mothership (Remastered),"[""Led Zeppelin""]",2007,Rock,Calm,english,1.786199470617524
0GRBFjza23Im7Xb16c9AaK,No Quarter - Remaster,Houses of the Holy (Remaster),"[""Led Zeppelin""]",1973,Rock,Calm,english,1.8170072869218616
5166PYRq6DboQxf7XiXuJ2,No Quarter - Remaster,Houses of the Holy (Deluxe Edition),"[""Led Zeppelin""]",1973,Rock,Calm,english,1.8170072869218616
5LQecKwQNqdf2uKdrJN04v,No Shade in the Shadow of The Cross,Carrie & Lowell,"[""Sufjan Stevens""]",2015,Classical,Calm,english,2.5049845658198007
5qNorWTAF5jRGpd3YshEov,No Shade in the Shadow of The Cross,No Shade in the Shadow of The Cross,"[""Sufjan Stevens""]",2015,Classical,Calm,english,2.4872353509550167
1YiSGtwgkWDnsoh5aCdprG,No Shade in the Shadow of The Cross - Live,Carrie & Lowell Live,"[""Sufjan Stevens""]",2017,Classical,Calm,english,6.463192139180144
3oBkNEc5F3XM3gWVA14CHu,No Shade in the Shadow of The Cross - Live,Carrie & Lowell Live,"[""Sufjan Stevens""]",2017,Classical,Calm,english,6.484696555272459
6Wl4UTPfu7J967GhYXfsWP,No Sleep - Unplugged Mix,No Sleep,"[""Maor Levi"", ""BRKLYN"", ""Mariah McManus""]",2015,Electronic,Calm,english,2.3224431811552257
7BY6c1zdW2u51cob4ictgF,No Well On Earth,Greatest Gospel Songs,"[""Perry Como""]",2000,Pop,Calm,english,2.2084831516922274
56eL3wRl9RnMPfxrCm5Knv,Noble Experiment,Strangers from the Universe,"[""Thinking Fellers Union Local 282""]",1994,Rock,Calm,english,2.4658854342923995
0aEDDUuhJdRHElQBwuHkWH,Noble Maiden Fair (A Mhaighdean Bhan Uasal),Indomable,"[""Emma Thompson"", ""Peigi Barker""]",2012,Classical,Calm,english,2.5055981133568306
47d2mzkc3bPUD93NB0gKLR,"Noble Maiden Fair (A Mhaighdean Bhan Uasal) - From ""Brave""/Soundtrack",Brave,"[""Emma Thompson"", ""Peigi Barker""]",2012,Classical,Calm,english,2.5055981133568306
79HEg5D93pIj4KAcOLgves,Nobody Can Save Me Now,Hold/Still,"[""SUUNS""]",2016,Rock,Calm,english,1.481181987254648
1LZNfXL4ymip4K9yxCKnYK,"Nobody Does It Better (From ""The Spy Who Loved Me"")",Bond Royale - The Best of James Bond,"[""The City of Prague Philharmonic Orchestra""]",2016,Classical,Calm,english,2.502545182103124
29hm7V7h8EVKhs3pD6nhvX,"Nobody Does It Better (From ""The Spy Who Loved Me"")",The Essential James Bond,"[""The City of Prague Philharmonic Orchestra""]",1994,Classical,Calm,english,2.360091306204099
5pNeExMjRLfQ0K0yNSLqdN,"Nobody Does It Better (From ""The Spy Who Loved Me"")",The Ultimate James Bond Film Music Collection,"[""The City of Prague Philharmonic Orchestra""]",2006,Classical,Calm,english,2.360091306204099
2gTnu5RZNVFVnWdjLnyUA5,Nobody Home,The Wall,"[""Pink Floyd""]",1979,Rock,Calm,english,3.730732438790242
4CZjZrEgsiKULK1xohhWJv,Nobody Home,Once in Every Life,"[""Johnny Hartman""]",2015,Jazz,Calm,english,2.3982547027874555
0Y2mQjQOnueaDxe4A6wmcT,Nobody Knows You When You're Down And Out,Blue Spoon/Spoon In London,"[""Jimmy Witherspoon""]",2001,Blues,Calm,english,2.398241544619837
0Vt8YbCRXVqdznXwTnBjwB,"Nobody's Fault but Mine - Live at Curtis Hixon Convention Center, Tampa, FL, December 19, 1973","Dick's Picks Vol. 1: Curtis Hixon Hall, Tampa, FL 12/19/73 (Live)","[""Grateful Dead""]",2004,Rock,Calm,english,2.442186535384665
5fZ3V6lV8qvqdhRwzA6z33,Nocebo,Adore,"[""Numenorean""]",2019,Rock,Calm,english,2.4515203145570568
1qNiEBMZVAuygzLYYLG7Rv,Nocturne,~~~,"[""Ana Roxanne""]",2019,Electronic,Calm,english,1.5778242182658622
3trptNSVKUejHbWwvYoq0Q,Nocturne,~~~,"[""Ana Roxanne""]",2019,Electronic,Calm,english,1.5778242182658622
7h2O3VzoKIGmowWzgEstRG,Nocturne,Nocturne: The 25th Anniversary Collection,"[""Secret Garden""]",2020,Folk,Calm,english,3.024048428281616
7vG3zRcyK1aTLKINzGO4bS,"Chopin: Nocturne for Piano No 1 in B Minor, Op. 9","Chopin: Etudes, Op. 10 - Grande Polonaise - Nocturne","[""Fr\u00e9d\u00e9ric Chopin"", ""Vitalij Margulis""]",2009,Classical,Calm,english,1.7538028933562295
4JwBDp0psRP2pbmNVjPc8E,North Dakota,Joshua Judges Ruth,"[""Lyle Lovett""]",1992,Country,Calm,english,2.487143698174984
5KZiiK8dvTgXaVnegsvvBz,Norton Commander (All We Need),Norton Commander (All We Need),"[""Men I Trust""]",2019,Pop,Calm,english,2.624516716217838
0DgqDD5TkmhHyQc827VKE8,Nostradamus & Me,Mature Themes,"[""Ariel Pink""]",2012,Rock,Calm,english,2.736440999604811
0Ll1P1qFQtRiz22CIeK2Qy,Not Checking Up,Not Checking Up,"[""Arthur Russell""]",2019,Pop,Calm,english,1.32408810161837
3ZcjoGgMAZspOswkAcMcgk,Not Like This,Jarreau,"[""Al Jarreau""]",1983,Jazz,Calm,english,2.3614431876693334
7GvUlBPYXWFDK3nBABndID,Not Like This,Love Songs,"[""Al Jarreau""]",2008,Jazz,Calm,english,3.194520817213661
7jg7LVNFg6Euvm1wZySOrV,Not Much,Hailaker,"[""Hailaker"", ""Lowswimmer"", ""Jemima Coulter""]",2019,Folk,Calm,english,2.402681231091817
7IlihakFGebvOY3wg86K8t,Not While I’m Around,Rob Guest 1950-2008 (Anniversary Edition),"[""Stephen Sondheim"", ""Rob Guest""]",2009,Classical,Calm,english,0.8659383992494183
1SN0zOaRCk7YKBR0B2VBFG,Not Yet,"More Music From The Motion Picture ""Gladiator""","[""Hans Zimmer"", ""Lisa Gerrard"", ""Gavin Greenaway"", ""The Lyndhurst Orchestra""]",2001,Classical,Calm,english,2.9521821640952046
6vJOci0TkbewXQyJ6Xdqkw,Not Yet,Gladiator: 20th Anniversary Edition,"[""Hans Zimmer"", ""Lisa Gerrard"", ""Gavin Greenaway"", ""The Lyndhurst Orchestra""]",2020,Classical,Calm,english,2.5758526008867
1pOfIQe9XDg0WXDqSkGgcp,Notes to You,Sleep Party People,"[""Sleep Party People""]",2010,Rock,Calm,english,1.7386212297323247
3iI8PnfXGFkC2evInLygdu,Nothin',Imaginary Appalachia,"[""Colter Wall""]",2015,Country,Calm,english,1.6362956555387018
1awXhdELsQblGIPTRrFLoq,Nothing But Time,Looking Back,"[""Eddy Arnold""]",2002,Country,Calm,english,1.8969716788601143
5lYO7bXfHqZgUmOH7kJYHz,Nothing Else Matters,Circle,"[""Scala & Kolacny Brothers""]",2010,Classical,Calm,english,1.17673439650666
2SnbvVwRHzm3p6XH4ZsNgW,Nothing Left Inside,My War,"[""Black Flag""]",1984,Rock,Calm,english,1.5960091881914953
651riF4gG6qqLOQvEZOrNx,Nothing Left to Lose - Chris Rainbow Overdub Vocal Compilation,The Turn Of A Friendly Card (Expanded Edition),"[""The Alan Parsons Project""]",1980,Rock,Calm,english,3.5467184123992817
6mVHmrwSM81G1HTDjUdsG9,Nothing Like You've Ever Known,Song & Dance - The Songs (Original Broadway Cast Recording),"[""Bernadette Peters""]",1985,Classical,Calm,english,3.030205286759383
1vEUNtmcQbVf5tKDtkXefN,Nothing More Than That,Mellow Spring Acoustic,"[""The Paper Kites""]",2020,Folk,Calm,english,1.5688835887096657
5djwHZRQnx0v1Wsdvbrc0k,Nothing More Than That,On the Train Ride Home,"[""The Paper Kites""]",2018,Folk,Calm,english,1.5688835887096657
7HA9zJxl6LFOOQUSnqefsK,Nothing More Than That,On the Train Ride Home,"[""The Paper Kites""]",2018,Folk,Calm,english,1.5688835887096657
2SmLwFrp0XglFt4joAK4y5,Nothing Really Matters,Wanderer,"[""Cat Power""]",2018,Rock,Calm,english,1.708618167596357
3HLtuPjhjMUYYyTWnULAvC,Nothing and Everything,Hey Mr Ferryman,"[""Mark Eitzel""]",2017,Rock,Calm,english,2.273327489294161
0XQ1jZe0AbU9OttyWrdxWK,Nottamun Town,The Alan Lomax Collection from the American Folklife Center,"[""Jean Ritchie"", ""Alan Lomax""]",2012,Folk,Calm,english,2.9647496681814216
5a4wgN397T8JxXuKM4a6Fa,Now And Then - Live,Alive,"[""Kenny Loggins""]",1980,Pop,Calm,english,6.381871562964929
6QSOIejoVt6sFkPHL4JGb5,Now He's Our Father (Reinterpretation),Far Cry 5 Presents: We Will Rise Again (Original Game Soundtrack),"[""Hammock""]",2018,Electronic,Calm,english,2.661344188272037
5t4EotSrdr0LSi58wgutG3,Now Is Here - 2003 Remaster,Rarities,"[""Clannad""]",2020,Folk,Calm,english,2.738730594372373
7pEugvgor1y17dAM5pBlco,Now Sleeps The Crimson Petal (Four Madrigals On Rose Texts): A Spotless Rose,A Tender Light,"[""Paul Mealor"", ""Tenebrae"", ""Nigel Short""]",2011,Classical,Calm,english,3.478640056252059
53vD24j7PgGW5beqOxZska,Now Sleeps The Crimson Petal (Four Madrigals On Rose Texts): Now Sleeps The Crimson Petal,A Tender Light,"[""Paul Mealor"", ""Tenebrae"", ""Nigel Short""]",2011,Classical,Calm,english,3.0122178194569105
4NPIjr1eUG3hM8xTddArWG,Now That You're Gone,Mega Up Close,"[""Sharon Cuneta""]",2003,Pop,Calm,english,3.097647824240409
2pN6F5sS5tuk6kbq76k0uh,Now Those Days Are Gone,Chanson D'Amour,"[""Nicola Martin"", ""Andrew Hill"", ""The King's Singers""]",1993,Jazz,Calm,english,2.610854512527631
5AR1oitTpdTsWrhX4sEt5i,Now You're Taken,Ep+6,"[""Mogwai""]",2000,Rock,Calm,english,2.0614334090463298
1kz0EaB1sovbmP3VNV5vhw,Nowhere Near,Extra Painful,"[""Yo La Tengo""]",2014,Pop,Calm,english,1.3309463758459223
5L2STOBiS00u7q4aLtRjKK,Nowhere Near,Painful,"[""Yo La Tengo""]",1993,Pop,Calm,english,1.3306039159153005
6zqfL2Io4GGtVTz1Agrow1,Nowhere Near,Painful,"[""Yo La Tengo""]",1993,Pop,Calm,english,1.3309463758459223
6T4uCugCTa9wq8481ma3oG,"Noël nouvelet ""Now the Green Blade Riseth from the Buried Grain""","The Complete New English Hymnal, Vol. 3","[""Traditional"", ""Ely Cathedral Choir"", ""Scott Farrell"", ""Paul Trepte""]",2000,Classical,Calm,english,2.775221581176471
7BkMaeJDM9G257DFTvjlCX,Numb (Garage Session),Forever Live Sessions,"[""Men I Trust""]",2020,Pop,Calm,english,2.039392423622106
6s7zAdYA6chDr0GXnzPeOM,O Bone Jesu,"Catholic Classics, Vol. 4: Catholic Latin Classics","[""Marc' Antonio Ingegneri"", ""The Cathedral Singers"", ""Richard Proulx""]",2000,Classical,Calm,english,2.3084575100513995
5ISkid5b0YVYnp2qTQ8yXi,"O Bossa, Where Art Thou'",The V16 Project,"[""Jerry Granelli""]",2003,Blues,Calm,english,0.7989734750088401
579R3OT1yClNHVUgpBCWrZ,O Canada - Accompaniment,Musicplay Grade 6 Greatest Hits (Part 5 And 6),"[""Denise Gagne""]",2011,Folk,Calm,english,1.854540057449474
51ShYA26inK43v7d2hV5L4,O Come All Ye Faithful,Crescent City Christmas Card,"[""Wynton Marsalis""]",1989,Jazz,Calm,english,2.7467716285138155
6lPzftDlrvxWXQ6xOA0IGd,O Come All Ye Faithful,Christmas Celebration,"[""Wade"", ""Winchester Cathedral Choir"", ""David Hill""]",1990,Classical,Calm,english,2.2139491167702734
66PV6wBrg5SDOJC1v64tzi,"O Come, All Ye Faithful",Christmas At Downton Abbey,"[""Choir of King's College, Cambridge""]",2014,Classical,Calm,english,2.358474594507599
6cTkV7mUoI6ZJj26xXF1Ax,"O Come, O Come, Emmanuel",Joy to the World,"[""Traditional"", ""The Tabernacle Choir at Temple Square"", ""The Philadelphia Brass Ensemble & Percussion"", ""Alexander Schreiner"", ""Richard P. Condie""]",1970,Pop,Calm,english,2.909390578167226
29FRz8uzth27WwkLzSbJe3,"O Earth, O Earth, Return",Eternity's Sunrise,"[""Bill Douglas""]",2000,Folk,Calm,english,1.4850896771729425
2TOGIaXdHnu5N84SKTvpBG,"O Earth, O Earth, Return",Choral & Piano: Peaceful Melodies,"[""Bill Douglas""]",2023,Folk,Calm,english,1.5899445559513286
6BMCyNmK0pwhcZQea1reZg,"O God Beyond All Praising (Arr. R. Hobby for Choir, Organ & Brass)",And I Saw a New Heaven,"[""Gustav Holst"", ""Andrew Mcshane"", ""Quintessence Brass Ensemble"", ""Notre Dame Liturgical Choir"", ""Mary Catherine Levri""]",2011,Classical,Calm,english,2.273245840349494
11Hq1xTlR8Bgm3Pgv9EqGs,"O Holy Night (From ""Home Alone"" Soundtrack)",Home Alone (Original Motion Picture Soundtrack),"[""John Williams""]",1990,Classical,Calm,english,1.69440490315028
2fdQUB25AccDpoXW83kR0E,O Holy Night,Christmas Memories,"[""An\u00fana""]",2009,Folk,Calm,english,1.930160094823092
4ZqSakOr8uFYl3XTEDzAJ4,O Holy Night,Libera: The Christmas Album (Standard Edition),"[""Libera"", ""Robert Prizeman""]",2011,Classical,Calm,english,2.134896764402714
5RyCXggOFFPMARgzqgdSFv,O Holy Night,Holiday!,"[""Crystal Lewis""]",2000,Pop,Calm,english,3.4122798754956567
5a0f6ha4KRJ7lMbZI0Sjes,O Holy Night,Christmas Time With The Judds,"[""The Judds""]",1987,Country,Calm,english,3.1086630648195364
1Vbm3WRYUHLrOmkFs87ntT,O Holy Night (Cantique De Noel),Christmas with The Mormon Tabernacle Choir,"[""Adolphe Adam"", ""The Tabernacle Choir at Temple Square""]",2009,Pop,Calm,english,2.6077533407742552
6vhEfu9CT6t8eH2hJNf48l,O Holy Night (feat. The McLendon Family),O Holy Night,"[""Samara Joy"", ""The McLendon Family""]",2022,Jazz,Calm,english,2.59404111486677
7eTSx7CGpEaBvsLCsTStUt,O Holy Night / Ave Maria (feat. Lexi Walker),Silent Night - A Classical Christmas,"[""Adolphe Adam"", ""Johann Sebastian Bach"", ""Charles Gounod"", ""The Piano Guys"", ""Lexi Walker""]",2018,Classical,Calm,english,3.198373686046541
0cvwnLZWF80kX9hZwNylOr,O Holy Night / Ave Maria (feat. Lexi Walker),Christmas Together,"[""The Piano Guys"", ""Lexi Walker""]",2017,Classical,Calm,english,2.6274241959979783
6GUmBkJ3WHoPV0TbhorOwr,"O Holy Night, IAA 5",Christmas Music with Libera,"[""Adolphe Adam"", ""Robert Prizeman"", ""Libera""]",2017,Pop,Calm,english,2.431084961323793
2nefZiW9hzlg1lZBBHKi8W,O Little Town Of Bethlehem,Essential Christmas Carols & Hymns,"[""Guildford Cathedral Choir""]",2001,Classical,Calm,english,3.0525699939482207
3aIT9cMi2j6zokqM20aRlv,O Little Town Of Bethlehem,Christmas Celebration,"[""Traditional"", ""Winchester Cathedral Choir"", ""David Hill""]",1990,Classical,Calm,english,2.8220861584553063
7tWPUadZOPDzsRhbYYAuum,O Little Town Of Bethlehem,Greatest Christmas Songs,"[""Julie Andrews""]",2000,Classical,Calm,english,1.767100383576695
0aZH0fE6BTYhjFa9LMnE06,O Little Town of Bethlehem,A Christmas Festival,"[""Phyllis Curtin"", ""The St. Kilian Boychoir"", ""Andre Kostelanetz"", ""Andr\u00e9 Kostelanetz Orchestra""]",1999,Classical,Calm,english,2.660943735480992
0xJzCf8jl6AmjTAMjw6zaX,O Little Town of Bethlehem,Christmas With Julie Andrews,"[""Julie Andrews""]",1982,Classical,Calm,english,2.711559613938097
1iuIW6fWctq93dsLU2LQta,O Little Town of Bethlehem,The Essential Christmas,"[""Julie Andrews""]",2005,Classical,Calm,english,2.871311770141076
2DTGIT61UbUSAi9hUDNlR5,O Little Town of Bethlehem,Sounds of the Season II,"[""Maggie Sansone""]",1990,Folk,Calm,english,0.5913100053622381
3Nwk5qfWKUUnbDBFlmZTQx,O Little Town of Bethlehem,Martha Stewart Living Music: Classical Favorites For The Holidays,"[""Lewis Redner"", ""Leonard Bernstein"", ""The Tabernacle Choir at Temple Square"", ""New York Philharmonic""]",2005,Classical,Calm,english,2.504257290530003
6oa7A4wgybhSJ2CmPao0CT,O Little Town of Bethlehem,A Window Shopper's Christmas,"[""5 Chinese Brothers""]",1997,Country,Calm,english,1.7911056739951257
76o0LTbRm4IQM3cKhLUtBe,O Little Town of Bethlehem,Carols From Trinity,"[""Traditional"", ""The Choir Of Trinity College, Cambridge"", ""Richard Marlow""]",1995,Classical,Calm,english,2.5288443860191308
1Ip45TLLgMFZeQiWAYbNdP,"Purcell: ""O Solitude, My Sweetest Choice"", Z. 406",Purcell: Songs and Airs,"[""Henry Purcell"", ""Nancy Argenta"", ""Nigel North""]",2001,Classical,Calm,english,2.945571453399635
2sdJaD8PluFgxMBg2g6Xp1,O Sons and Daughters,"Sublime Chant: The Art of Gregorian, Ambrosian & Gallican Chant","[""The Cathedral Singers"", ""Richard Proulx""]",1995,Classical,Calm,english,1.8910447851049084
0dl7q0zLZ52BpJuZv4UHxG,O Viridissima,Omnis,"[""An\u00fana"", ""Michael McGlynn""]",2003,Folk,Calm,english,2.216658233732415
5rIfRpKnwdAepnOu95kmCE,O clap your hands,"Choral Concert: English Renaissance - Byrd, W. / Weelkes, T. / Taverner, J. / Gibbons, O. / Tye, C. / Tallis, T. (Music of Great Cathedrals)","[""Orlando Gibbons"", ""English Renaissance"", ""Michael Stoddart""]",2003,Classical,Calm,english,2.6841250275584514
5OMGPwGeLQddsltkYO1LbB,"O soave fanciulla (From ""La bohème"")",My Secret Passion: The Arias,"[""Giacomo Puccini"", ""Steven Mercurio"", ""Michael Bolton"", ""Philharmonia Orchestra""]",1997,Classical,Calm,english,2.874377824309372
0C3qmG5G5x8A0J0fXjJwKB,O tu suavissima virga,Canticles Of Ecstasy / Voice Of The Blood / O Jerusalem,"[""Hildegard von Bingen"", ""Sequentia"", ""Barbara Thornton""]",2002,Classical,Calm,english,3.1759414330312463
0XuweAhthRsWHpHsGYwMGf,O tu suavissima virga,Hildegard von Bingen - Canticles Of Ecstasy,"[""Hildegard von Bingen"", ""Sequentia"", ""Barbara Thornton""]",1994,Classical,Calm,english,3.341844679861092
4kq4G4kUuyIWp44tl2Y8YS,O tu suavissima virga,900 Years Hildegard von Bingen,"[""Hildegard von Bingen"", ""Sequentia"", ""Barbara Thornton""]",1998,Classical,Calm,english,3.1759414330312463
19OxTgWRMhjk0cTY11CiwJ,O vos omnes,Passiontide: Music for Solace and Reflection,"[""Pau Casals"", ""Manchester Cathedral Choir"", ""Christopher Stokes""]",2003,Classical,Calm,english,2.6922770794441617
1q1j4J77FDgq3fqnFCLSvi,O' City Lights,The Weatherman,"[""Gregory Alan Isakov""]",2013,Folk,Calm,english,1.5478001124308545
1E0CQghlEkWuuB8WLrYfPV,"O, Divine Redeemer",This Is the Christ,"[""Charles Gounod"", ""The Tabernacle Choir at Temple Square"", ""Orchestra at Temple Square"", ""Mack Wilberg""]",2011,Classical,Calm,english,1.906768510003684
3KJyH81frkH9yyeqd3TeaP,"O, Divine Redeemer",This Is the Christ,"[""Charles Gounod"", ""The Tabernacle Choir at Temple Square"", ""Orchestra at Temple Square"", ""Mack Wilberg""]",2011,Classical,Calm,english,1.906768510003684
0IPZV1xZ66u9tZpHs5rqrP,"O, Holy Night",Joy to the World,"[""Adolphe Adam"", ""The Tabernacle Choir at Temple Square"", ""The Philadelphia Brass Ensemble & Percussion"", ""Alexander Schreiner"", ""Richard P. Condie""]",1970,Pop,Calm,english,2.3927903268013635
1uMr2PBXdCa2Rmt0R4cTiI,"O, Holy Night",The Ultimate Christmas Collection,"[""Adolphe Adam"", ""The Tabernacle Choir at Temple Square"", ""The Philadelphia Brass Ensemble & Percussion"", ""Alexander Schreiner"", ""Richard P. Condie""]",2016,Pop,Calm,english,2.0775890963468635
0i3Mb82uxVrmChcWYiUIpJ,OLD WOMAN,The Gingerbread Man,"[""The Residents""]",1995,Rock,Calm,english,1.3920570183525909
4yNyisNsgLwHcvcGolGoVX,OS In Vitro,Irisiri,"[""Eartheater""]",2018,Pop,Calm,english,1.2323469992466851
7ySrc2fD31yl0De6f8n80K,OS In Vitro,Irisiri,"[""Eartheater""]",2018,Pop,Calm,english,2.9576058183403067
2KurPvVcq97dftypayzEFt,OUTLIER,LP5,"[""Apparat""]",2019,Electronic,Calm,english,1.914500930087488
0fu4McYdTV5UU4i97fZUNq,Obsequey (The Death Of Art),The Golden Age Of Grotesque,"[""Marilyn Manson""]",2003,Rock,Calm,english,2.061563025422702
4YnQESBmgiYcmKXRzSfjy5,Ocean,VU,"[""The Velvet Underground""]",1985,Rock,Calm,english,1.7260596856239987
7hYSGchZBADiixiyPnEYA6,Ocean Dream,Greatest Hits,"[""Paul Winter""]",1998,Jazz,Calm,english,3.789742186623266
2El5KsNzhDbhG4g75mY7QV,Ocean Sonata,Angels of Love,"[""Yngwie Malmsteen""]",2009,Rock,Calm,english,2.512182430356514
0zCqVkx1Ywh5XtolKRKZrp,Ocean Waves,Things I Could Never Say to You,"[""Noni""]",2020,R&B,Calm,english,1.5806567417691657
7sbsjpXePLGEjZS8QF8fHZ,Oceans Apart,Is This The Life We Really Want?,"[""Roger Waters""]",2017,Rock,Calm,english,1.9365464952291067
0iZdQkxypLCSk9NeQGxVtR,Oceans Blue,Plutonium Blonde,"[""The Legendary Pink Dots""]",2008,Rock,Calm,english,1.3749249787717797
2M1BYeGBwUcxXwZ547GE8n,Ochoa,"What's New, Tomboy?","[""Damien Jurado""]",2020,Folk,Calm,english,1.657295275667974
1UlQqRd3NoMYUI29v6DFb5,October - Remastered 2008,October (Deluxe Edition Remastered),"[""U2""]",1981,Rock,Calm,english,2.3675284965203045
20S4OMqVfbU8ovofDqUA0n,October - Remastered 2008,October (Remastered),"[""U2""]",1981,Rock,Calm,english,2.3675284965203045
4zJuP4wQuTFOazKrYTL7Vh,Ode to the blue,Ode to the blue,"[""Grouper""]",2021,Rock,Calm,english,1.3787143157640254
6gIs8wvb6CkOnivgCGgipx,Of Age,Acoustics - EP,"[""Yvette Young""]",2014,Rock,Calm,english,1.695887632791463
7vhA3ZAvMBZOzUwfGyh09E,Of His Eyes the Peace,Of His Eyes the Peace,"[""Shinnobu""]",2018,Classical,Calm,spanish,2.587280772486177
4t85wNnjXgPr9TOzhSlg5V,Of His Eyes the Peace V,The Enigma V (Masterminds),"[""Shinnobu""]",2018,Classical,Calm,spanish,2.42181358521178
2R6vTFNzmAIjppL4hYL7lP,Of Lost Desires,Brand New Babylon,"[""Canaan""]",2000,Rock,Calm,english,2.511713281815927
4Qiir6sEazS6DsizPRDepw,Of These Reminders,A Chaos Of Desire,"[""Black Tape For A Blue Girl""]",1991,Electronic,Calm,english,2.381934155592195
0DBAvujXgcYGtZxsENU05s,Oh Dear,Sing and Dance,"[""Sophie Zelmani""]",2002,Pop,Calm,english,2.3305388459250027
4bvXDY0GhKJwFz0EpwsGqb,Oh Dear,Decade of dreams 1995-2005,"[""Sophie Zelmani""]",2005,Pop,Calm,english,2.500891713611882
3PpAUsigaOJsOL49vOcgWF,Oh Earth,All Is Not Lost,"[""The Brilliance""]",2017,Folk,Calm,english,2.106961061598899
0TqL1kSlwO2zf7QgXtSDMY,Oh God (Prayer),Bare,"[""Annie Lennox""]",2003,Electronic,Calm,english,2.442288020938639
3wFFDoIUCC1pbeQEIxtGbU,Oh How I Love Jesus,Platinum - A Life In Music,"[""Elvis Presley""]",1997,Rock,Calm,english,1.3508849692627976
2y4301k8wExlUwaVOd5Md2,Oh John (Reinterpretation),Far Cry 5 Presents: We Will Rise Again (Original Game Soundtrack),"[""Hammock""]",2018,Electronic,Calm,english,1.8938269967839088
7y3c54L8ERehjY8AFfyHo5,"Oh Lord, Let It Be","Gary, Gretchen & Barbara","[""The Fleetwoods""]",2020,Pop,Calm,english,1.8735840265068684
0gDyuX5rdHulQTUyrIdSR1,Oh My Love - Remastered 2010,Imagine,"[""John Lennon""]",1971,Pop,Calm,english,1.922437805986562
3ri7mBBts3hNW2pbVxndwI,Oh Shenandoah,Blue Wheat,"[""Dale Warland Singers""]",1996,Classical,Calm,english,2.5901389052387414
4tEpYFG3yPwIMOvQmMLspf,Oh Where,Folk Songs,"[""Kronos Quartet"", ""Sam Amidon""]",2017,Classical,Calm,english,2.2823712307072648
6sJcaJgVJ72ZQw7aPHDfaG,Oh Yoko,I Saved Latin! A Tribute to Wes Anderson,"[""The Ghost In You""]",2014,Rock,Calm,english,2.2156861424596843
6569FpJL1FNO4PvxJwjAG9,"Oh, Come, Oh, Come, Emmanuel",Christmastide,"[""The University Of Utah Singers""]",2006,Classical,Calm,english,2.246366847859489
04QqfBVzLdhth5xtRUyudD,"Oh, Deceiver",The Bitter End,"[""Right Away, Great Captain!""]",2007,Folk,Calm,english,2.8257985288707577
1UeDfLWSR4vARxjHWCfgxE,"Oh, Lady Be Good","Love, Ella","[""Ella Fitzgerald""]",2007,Jazz,Calm,english,2.8288478000421824
2BC7rxcYI7WAuF3ZdSoIpn,"Oh, What a Beautiful Mornin'",Oklahoma! (New Broadway Cast Recording (1979)),"[""Laurence Guittard""]",1980,Classical,Calm,english,2.534533298458508
4G2rUvmDMqOMSIBvo0l9xa,"Oh, You Crazy Moon",Born to Be Blue,"[""Chet Baker""]",2014,Jazz,Calm,english,2.3142490551264583
7k533gRacHwNC7ZuBuzaes,Ohio (Come Back to Texas),"A Nice Night for an Evening, Vol. 1","[""Bowling For Soup""]",2019,Pop,Calm,english,1.6834108901322196
4aovt47jVRk2ukPBb5TjFJ,Old Angel Midnight,Old Angel Midnight,"[""Brother Dege""]",2020,Blues,Calm,english,1.7295459644272826
327sf8EBhURK5bzQlUyI3A,Old Deuteronomy,"The Music of Andrew Lloyd Webber, Memory","[""Andrew Lloyd Webber""]",2012,Classical,Calm,english,1.2589194484130706
7xasTybvotc1DuBaGevakV,Old Devil Moon - Live / Spotlight Club,The Complete Ahmad Jamal Trio Argo Sessions 1956-62,"[""Ahmad Jamal Trio""]",2010,Jazz,Calm,english,4.762992053547704
70su3hwMvDe2VWdQmgVIQo,Old Folks,Trying,"[""Spook Houses""]",2012,Electronic,Calm,english,3.2110779731855854
0mQxdQwxFNuDbtcdYJzeMQ,Old River,Pony,"[""Orville Peck""]",2019,Country,Calm,english,2.056740875568746
1iPqnOtuhEmWfboDwoYYX8,Old Tombs At Hochdorf,Mythological Occult Metal,"[""Absu""]",2005,Rock,Calm,,3.0428388643398776
7vrOjXJ3Oht6fFYxwoEV5J,Om Supreme,Eternity,"[""Alice Coltrane""]",1976,Jazz,Calm,english,1.6926327695072665
5XFPyaJXZoCDzTcBgvIMlK,Ombra Mai Fu,Into The West,"[""Yulia"", ""George Frideric Handel""]",2004,Classical,Calm,english,1.6076896154796918
5gUtf8tA0GTcd0swYFApVx,Omega Blaster,Protein Source Of The Future... Now!,"[""The Mountain Goats""]",2002,Folk,Calm,english,1.6147225012577868
0nl7msVhxYEOEbiy8VSnpo,Ommadawn (excerpt),The Mike Oldfield Collection,"[""Mike Oldfield""]",2009,Rock,Calm,french,1.529426112118406
0QrgAJSgqmT11BCt0QJNAw,Ommadawn Pt.1 / On Horseback - 1975 Stereo Mix,Ommadawn (Deluxe Edition),"[""Mike Oldfield""]",2010,Rock,Calm,english,2.453304142217162
07oyewfa2HOVclU8K9a22m,On A Desert Isle,Gon' Boogaloo,"[""C.W. Stoneking""]",2016,Blues,Calm,english,2.289577147159985
60FrmRu2pDIsT70N2AJLZl,On A Side Street,Bufo Alvarius,"[""Bardo Pond""]",2010,Rock,Calm,english,2.9667042280170275
4pZ3gQBCbyxu6ksHXzhRVj,On And On And On,Jack White Acoustic Recordings 1998 - 2016,"[""Jack White""]",2016,Blues,Calm,english,1.503389654257176
1ADln78waXXA4zSkYtsEVN,On Broken Shells Of Crystal Dreams,This Lush Garden Within (Deluxe Edition),"[""Black Tape For A Blue Girl""]",1993,Electronic,Calm,english,1.90253034159045
2kSKDYRkJUuceqJLSJSsEs,On Green Dolphin Street,Underground Memoirs,"[""Cedar Walton""]",2005,Jazz,Calm,english,1.1726433899225055
0NUMo3poeUQ6mttChFjiqb,On My Heart,Music Of The Spheres,"[""Mike Oldfield""]",2008,Rock,Calm,english,1.83611303655742
6VByK89BpyQYgqKYnfRCO0,On My Heart reprise,Music Of The Spheres,"[""Mike Oldfield""]",2008,Rock,Calm,english,2.7422198479466497
1NkKEDaBqgXEqLOFrY7mMh,On My Own - From Les Misérables,André Rieu Celebrates ABBA - Music Of The Night,"[""Andr\u00e9 Rieu"", ""Johann Strauss Orchestra""]",2013,Classical,Calm,english,2.7668336110099605
552fE8LfY7jsJKVPVVwIB3,On My Way Home,The Memory of Trees,"[""Enya""]",1995,Folk,Calm,english,0.9719031913162288
75b9fX7zcqMHhcXeoHrt0w,On My Way Home - 7’’ Edit,On My Way Home (7’’ Edit),"[""Enya""]",2020,Folk,Calm,english,1.2823948380344072
4nQIYZ9KQAuKj73fTVhqzQ,On Saturday Afternoons in 1963 - 45 Version,Chuck E's In Love / On Saturday Afternoons In 1963 [Digital 45],"[""Rickie Lee Jones""]",1979,Folk,Calm,english,2.689788597903143
3L2Z8J0w03F4VPwes70oA4,"On The Atchison, Topeka and The Santa Fe","""25""","[""Harry Connick, Jr.""]",1992,Jazz,Calm,english,2.496698652986888
3sOgytlsxXkDP1wpIwk9TG,On The News,Birthdays (Deluxe Edition),"[""Keaton Henson""]",2013,Electronic,Calm,english,1.400557895200499
2n6aF2VQ8uFmDvJRnQy4YW,On The Sunny Side Of The Street,Live At the New School,"[""Ruby Braff""]",1974,Jazz,Calm,english,7.367202079421419
4WfuoD2zZ4ivnaSGMpAU8C,On Top Of Old Smoky,The Mayor Of MacDougal Street: Rarities 1957-1969,"[""Dave Van Ronk""]",2005,Folk,Calm,english,1.986543364076012
73CMWrPW9B2BYhx3OgRmhl,On Your Shore,Watermark,"[""Enya""]",1988,Folk,Calm,english,2.522546745069937
73OIUNKRi2y24Cu9cOLrzM,On the Run,The Dark Side of the Moon,"[""Pink Floyd""]",1973,Rock,Calm,english,2.446577558129782
0ssUjm731joE0xEKCh5U3a,On the Street Where You Live,"Bill Frisell, Ron Carter, Paul Motian","[""Bill Frisell""]",2006,Jazz,Calm,english,1.9791788835144408
4ywYnl3fdR1GuS6TsTGDhq,"I've Grown Accustomed to Her Face (From ""My Fair Lady"")",Music for Ironing on a Rainy Sunday Afternoon,"[""Theo Bleckmann"", ""Fumio Yasuda""]",2017,Classical,Calm,english,1.865669862024964
1J7N2A9TacvffOGYY3AGA5,On the Sunny Side of the Street,Junco Partner,"[""James Booker""]",1976,Blues,Calm,,2.228939474110998
6Ac0nMcUjYxRKaufaXri5P,Once I Was Loved,Currency Of Man,"[""Melody Gardot""]",2015,Jazz,Calm,english,2.512110925411881
2uajTcHd1Frp9Sn1he9Q3R,Once In A While,Half The Perfect World,"[""Madeleine Peyroux""]",2006,Jazz,Calm,english,1.2796269519276493
4rEkijVZmR0TpvXAG2mSXv,Once In A While,Without A Song,"[""Willie Nelson""]",1983,Country,Calm,english,2.625729216832976
4VkZZk1DwkGByiTciwy6oQ,Once In Royal David's City,Carols From Cambridge: The Very Best Sacred Christmas Carols,"[""Choir of King's College, Cambridge"", ""Sir Andrew Davis"", ""Sir David Willcocks""]",2013,Classical,Calm,english,2.859968950043993
6bBRgTlzqWlNeAfJDnAlGZ,Once In Royal David's City,Christmas Celebration,"[""Henry John Gauntlett"", ""Winchester Cathedral Choir"", ""David Hill""]",1990,Classical,Calm,english,3.2632678019135835
6vPf2P1zOOlL4cB8QaNQ8n,Once Upon A Life,The Best of Gary Valenciano,"[""Gary Valenciano""]",2010,Pop,Calm,english,2.302453575062694
1dYMuh7gEHXd8dUNTrC1le,Once Upon a Time,Wish,"[""Sutton Foster""]",2009,Classical,Calm,english,2.689418600496629
5UJLyoPBu3OInxuGwSBxmO,Once You Had Gold,The Memory of Trees,"[""Enya""]",1995,Folk,Calm,english,2.1934543032334384
3IKkRo8pugIeeDChQbfHPQ,Once in Royal David's City,Songs For Christmas,"[""Sufjan Stevens""]",2006,Classical,Calm,english,3.565084971006984
6AyQbcDlPWqiN1MoAHc7TA,One,Asphodel,"[""The Machine In The Garden""]",2002,Rock,Calm,english,1.4849177481178373
6K0gciw31pHI7BtsyrkuJh,One And The Many,Invicta,"[""Enid""]",2012,Rock,Calm,english,2.098237573612131
3oMiOuEGrVGjkQ3JDjcUFI,One Dance,why am i crying,"[""LRN Slime"", ""CORBAL"", ""Shiloh Dynasty""]",2021,Electronic,Calm,english,3.101260426642329
0rw6tBdGsf35eBnPVIpmic,"One Earth, One People, One Love (From Sun Rings)",Sunrise of the Planetary Dream Collector,"[""Terry Riley"", ""Kronos Quartet""]",2015,Classical,Calm,english,2.011560885801463
1mkItcGzAIr7LRNJer4UwI,One Eye,Extend,"[""Milanese""]",2006,Electronic,Calm,english,4.686602074372783
08x8v6ae79NWlwZ6canmWD,One Half,Nepenthe,"[""Julianna Barwick""]",2013,Electronic,Calm,english,2.187205243213296
6ZrQymAPB2PjfWRIvRJGLF,One Half,Nepenthe,"[""Julianna Barwick""]",2013,Electronic,Calm,english,2.5097953048101767
5I6gRy1EhnqDnUxi8PsCmU,"One Hand, One Heart",Dream,"[""Tuck & Patti""]",1991,Jazz,Calm,english,2.329232266897885
6Zn65uqdMtYiVdYwu4FnlW,"One Hand, One Heart",West Side Story (New Broadway Cast Recording (2009)),"[""Matt Cavenaugh"", ""Josefina Scaglione"", ""New Broadway Cast of West Side Story (2009)""]",2009,Classical,Calm,english,3.0148434379253866
0LAJ1G1W3vKRNndiCr8dzK,One In,Decades,"[""The Receiver""]",2006,Pop,Calm,english,2.9261417995453853
0hcQZf9sXX7qR8ot7dMf3l,One Last Pitch (Take Two),Lofty's Roach Soufflé,"[""Harry Connick, Jr.""]",1990,Jazz,Calm,english,2.811484404037047
3Zvhcnzvm4HE9D2WGR98NG,One Less Star,Julius Caesar,"[""Smog""]",1993,Rock,Calm,english,1.8367920876494808
1L1hoK7nZXYUJzRA7yq8cz,One PM Again,I Can Hear The Heart Beating As One,"[""Yo La Tengo""]",1997,Pop,Calm,english,2.0620975008840503
766Kon3iXYK53rPoU787d2,One Prayer Answered,The Seven Autumn Flowers,"[""Trembling Blue Stars""]",2004,Pop,Calm,english,1.8453377836173808
4XdoeWiOIDg2VMVUZSnHlO,One Quiet Night,One Quiet Night,"[""Pat Metheny""]",2003,Electronic,Calm,english,0.947486465467194
1htwDRp2FTHqcdhQTwPOr8,One Sunday Morning (Song For Jane Smiley's Boyfriend),The Whole Love (Deluxe Edition),"[""Wilco""]",2011,Country,Calm,english,1.3435043467413852
2JZN51lRYGn3ApRcGvQzN7,One Together,Kiln House,"[""Fleetwood Mac""]",1970,Rock,Calm,english,2.7699592403584075
0w7Yo7oLwlMnrkwLvoHLPr,One Too Many,Exploded View,"[""Exploded View""]",2016,Rock,Calm,english,2.238604907444853
0zW6xwG3WfPv2WFAj6NUC9,One Very Important Thought,Music Has The Right To Children,"[""Boards of Canada""]",1998,Electronic,Calm,english,2.496046807458124
7zGRtKraApfm9blzqm2Bjh,One Weak in Sand,One Week in Sand,"[""A Ninja Slob Drew Me""]",2008,Rock,Calm,english,1.7559510434517995
3V435gJhrhScmr8P3m9hBV,One With The Birds,One With The Birds,"[""Bonnie Prince Billy"", ""Bryce Dessner"", ""eighth blackbird""]",2019,Classical,Calm,english,1.7421011586379704
4S3iOZZpe43Put1mtpC9Ek,One With The Birds,When We Are Inhuman,"[""Bonnie Prince Billy"", ""Bryce Dessner"", ""eighth blackbird""]",2019,Classical,Calm,english,1.7421011586379704
5wzuAsejA6TvxRvfMEkpL6,One World,One World (Deluxe Edition),"[""John Martyn""]",1977,Folk,Calm,english,2.346998230266636
1ueOEwIxlCAivSC8ZrA5xW,One by One,A Day Without Rain,"[""Enya""]",2000,Folk,Calm,english,1.5869785135069796
4iPBkRopSDtkPjpyoWT4Db,One more kiss,"Take me to the world, Songs by Stephen Sondheim","[""Stephen Sondheim"", ""Martin Ormandy"", ""Marc Heller"", ""Alfred Heller""]",2006,Classical,Calm,english,2.2828582475306214
1eOWj0om7G9gF9KdKzHrvb,One of the Few,Resonance 1 & 2,"[""Anathema""]",1993,Rock,Calm,english,2.1306480168391992
2rcpqbAf0ZXdgddldbu1sU,One of the Few,The Final Cut,"[""Pink Floyd""]",1983,Rock,Calm,english,2.655699526316795
1GxNPd5r7D1zChEMuMhue0,Only,Dawn,"[""RY X""]",2016,Folk,Calm,english,1.204607427564553
1b5t5WxtB7tg24OulHyXbQ,Only,Dawn,"[""RY X""]",2016,Folk,Calm,english,1.653602035401586
4sORGgTONR4S5DKwaksOL3,Only Forward,"Distant, Quiet, Waters (Inspired by 'The Outlaw Ocean' a book by Ian Urbina)","[""Idealism"", ""Ian Urbina""]",2020,Electronic,Calm,english,1.6011718985550665
06l7JCG7NA4mpRybAETbF5,Only Human,...Smile's OK,"[""The Hope Blister""]",1998,Rock,Calm,english,1.456254046035424
5YNZlsA6rcnx5E5y6Syh35,Only Love Can Break Your Heart,The Devil You Know,"[""Rickie Lee Jones""]",2012,Folk,Calm,english,2.3036821477300635
74MkRazRpBQjhyVqJxRSU9,Only The Lonely,The Very Best Of Diana Krall,"[""Diana Krall""]",2007,Jazz,Calm,english,2.857672985165615
49WLfNdvgndD0gYqcwaJdl,Only The Lonely - 1998 Remastered,Concepts,"[""Frank Sinatra""]",1992,Jazz,Calm,english,2.7092333644354305
6FLwmdmW77N1Pxb1aWsZmO,Only Time,A Day Without Rain,"[""Enya""]",2000,Folk,Calm,english,1.5099247365170971
4jqvzScw5GpULd7XoAM5Y7,Only in Sleep,Rite of Passage,"[""\u0112riks E\u0161envalds"", ""One Voice Chorus""]",2016,Classical,Calm,english,2.646186413933614
0RXiwxrfZOIDJqJMhB4w5U,Open Book,Vestiges & Claws,"[""Jos\u00e9 Gonz\u00e1lez""]",2015,Folk,Calm,english,2.242042101088177
160EHDiuLHm7wVKCn6xKrZ,Open Hearts,Consolamentum,"[""Ascension""]",2010,Rock,Calm,english,3.3340102325995367
5n9m0g4UnbNifd9UnSjNnd,Open Thou Mine Eyes,The Very Best of John Rutter,"[""John Rutter"", ""The Cambridge Singers""]",2011,Classical,Calm,english,2.7732351327200844
137rjJuzMkmff5dMrunG5M,Open Your Eyes,Open Your Eyes EP,"[""CMA""]",2015,Electronic,Calm,english,2.179106096544353
5XJdx4uwaUuzzbMyqPyrww,Open Your Eyes,Sherlock Series 4 (Original Television Soundtrack),"[""David Arnold"", ""Michael Price""]",2017,Classical,Calm,english,1.7949594404986051
6IH7hmizZSlLzt1nAsj6xH,Open the Door,New Moon,"[""The Men""]",2013,Rock,Calm,english,1.7942741827228603
2Eg8qlFVfqFmhV2DAozJ8S,Open the Gates (Piano Version),Open the Gates - Single,"[""Triphon""]",2012,Rock,Calm,english,1.7830784397783477
3YtH56k2TgTVKlR2iGmt9u,Opening,The Secret Garden (Original Broadway Cast Recording),"[""Rebecca Luker"", ""Peter Marinos"", ""Kimberly Mahon"", ""Joel E. Chaiken"", ""The Secret Garden Original Broadway Cast""]",1991,Classical,Calm,english,2.879067918095381
1nNA1jcdPtoKfwWikEKnfK,Opening Exlamation & Great Litany,Liturgy No. 3 - English (The Divine Liturgy of St. John Chrysostom),"[""Roman Hurko""]",2011,Classical,Calm,english,2.550139118738446
0syIc2ocYBIKASFqifvwRz,Opera House,Cigarettes After Sex,"[""Cigarettes After Sex""]",2017,Pop,Calm,english,1.279826976345049
43ykTMT8IC5FeOOCn5MhXt,Ophelia's Crown,Eclipse,"[""Autumn Tears""]",2004,Electronic,Calm,english,2.715768108457431
0hvSlGH2gdN9qWxQWOIIaf,Opium,Hue,"[""Mili""]",2017,Pop,Calm,english,1.634919174613712
36yVCWe98PQgWMLrcz0Ppu,Or Thousands of Prizes,Tools in the Dryer,"[""Lambchop""]",2001,Country,Calm,english,2.3567283275405524
1YdkMqHsabMSOfvpjgD74c,Oración (From “Pokémon: the Rise of Darkrai”),"Anime: Piano Emotions, Vol. 2","[""Tifita""]",2016,Pop,Calm,english,3.5755413359192434
7FlZTu5pDItxUEcpLHNeRl,Orange Ball of Pain,Nothing for Juice,"[""The Mountain Goats""]",1996,Folk,Calm,english,1.0179229577571605
7uKoqhOj7sfF1GowMuAc6I,Organon,Untourable Album,"[""Men I Trust""]",2021,Pop,Calm,english,1.578467778641902
3XZU5oXnwkwLQupVf43LaK,Origin,Ordeal,"[""Foredoomed""]",2017,Rock,Calm,english,1.834428495337601
3qcUvbvX4Gddb7YeFT4AAf,Origin of the World,Being Human Being,"[""Erik Truffaz"", ""Murcof""]",2014,Electronic,Calm,english,2.461224188223263
7CIDv4jWLpY00nxzg4HivM,Origin of the World,Being Human Being,"[""Erik Truffaz"", ""Murcof""]",2014,Electronic,Calm,english,2.645241535380676
6VWySUkkM0pI5la9grXXUo,Original Air-Blue Gown,Full Force Galesburg,"[""The Mountain Goats""]",1997,Folk,Calm,english,0.8809361405217264
2yFGv9jAOGSYGU7eGatMML,Orphan Girl - Arr. for choir by Desmond Earley,Invisible Stars: Choral Works of Ireland & Scotland,"[""Brendan Graham"", ""The Choral Scholars of University College Dublin"", ""Abby Molloy"", ""Kevin Whyms"", ""Desmond Earley""]",2015,Classical,Calm,english,2.8479695786216537
1UWcnDcwZnI3EM1OjatkRA,Our Father in Heaven #828,"Hymns of the Church, Vol. 1","[""Oasis Chorale""]",2014,Classical,Calm,english,2.6002673815296053
6EpZkyurwe2fpNJ6ZqBO3E,Our Future Imagined,This Lush Garden Within (Deluxe Edition),"[""Black Tape For A Blue Girl""]",1993,Electronic,Calm,english,2.643986052161136
1H2e1ywOpmghizVrUyonbM,Our Home Is A Deathbed,Our Home Is a Deathbed,"[""Xerxes""]",2012,Rock,Calm,english,2.23321951209844
4bhgGHUWxD1MENnK9gBMax,Our Inventions,Our Inventions,"[""Lali Puna""]",2010,Electronic,Calm,english,1.464581246922854
7mHQf6r8SbSt4w9t8cmbtg,Our Lady in Cervetori,The Golden Age,"[""The Legendary Pink Dots""]",2001,Rock,Calm,english,2.830225642995272
7CFGDUnFJH42z3q0pX4HF7,Our Little Blue Boy,A House Safe For Tigers Soundtrack,"[""Lee Hazlewood""]",2012,Classical,Calm,english,1.948834881751887
1FTT5xH7gl9wMjzbMa1WE3,Out Of Your Way,FEELS,"[""Snoh Aalegra""]",2017,Pop,Calm,english,2.0988992672391498
0GnTcasQE49RVXJixLRgmx,Out To Play,Sleep,"[""Kimberly Freeman""]",2009,Folk,Calm,english,2.1674999320585
4746TYed0SglRmFKidZzV6,Outro (le procès),Katzenjammer Kabarett,"[""Katzenjammer Kabarett""]",2006,Rock,Calm,english,1.5169939316194223
1nW0lHGLpE1iQDP5Nvt3x1,Outside the Wall,The Wall,"[""Pink Floyd""]",1979,Rock,Calm,english,3.067883774480704
2Bsfr3RctJG6h6GbMzSs7L,Over,Mer De Noms,"[""A Perfect Circle""]",2000,Rock,Calm,english,2.898877237023604
0ExRr8S4WInw2dlKup591r,Over Hill,The Hobbit: An Unexpected Journey (Original Motion Picture Soundtrack) [Special Edition],"[""Howard Shore""]",2012,Classical,Calm,english,1.931231575412043
25mcNCB8Mc9tBX8xT0zm75,Over Hill,The Hobbit: An Unexpected Journey (Original Motion Picture Soundtrack),"[""Howard Shore""]",2012,Classical,Calm,english,2.439288376690772
2sWiKvfUforpL608jFGY9P,Over Hill,The Hobbit: An Unexpected Journey (Original Motion Picture Soundtrack) [Special Edition],"[""Howard Shore""]",2012,Classical,Calm,english,2.2440068308658803
6JkwIdfVio0vhkAZTEkSrh,Over Hill,The Hobbit: An Unexpected Journey Original Motion Picture Soundtrack (Deluxe Version),"[""Howard Shore""]",2012,Classical,Calm,english,2.520006945917238
02u9ASfTWEDOoyiBdFVlhk,Over The Rainbow,Oscar Peterson For Lovers,"[""Oscar Peterson""]",2004,Jazz,Calm,english,1.414093114823459
08lUeu1CxXvAoaKkemoEk8,Over The Rainbow,Everything I Play Is Funky,"[""Lou Donaldson""]",1995,Jazz,Calm,english,1.121610835938741
1DuCKPaJfm5OhmWkmVOEzd,Over The Rainbow,100% Handmade Music Volume III,"[""David Grisman"", ""Martin Taylor""]",1997,Country,Calm,english,1.7743628778202236
2CqYAdKVYAoG1zfpScdZsh,Over The Rainbow,Guitar Conceptions,"[""Elek Bacsik""]",2000,Jazz,Calm,english,1.009278942746365
306ewCxOiAgaz3uheBqi4P,Over The Rainbow,Tone Poems II,"[""David Grisman"", ""Martin Taylor""]",1995,Country,Calm,english,1.7576003843807402
4CoVpblnQQMmTpGRKzePz3,Over The Rainbow,Tom Varner: Window Up Above,"[""Harold Arlen"", ""Yip Harburg"", ""Tom Varner"", ""George Schuller"", ""Peter McCann""]",1998,Jazz,Calm,english,1.5392915320380975
1m23S4Y4Me2LTc1CkoaqZX,Over the Rainbow,The Mormon Tabernacle Choir's Greatest Hits - 22 Best-Loved Favorites,"[""Harold Arlen"", ""The Tabernacle Choir at Temple Square"", ""Arthur Harris"", ""Columbia Symphony Orchestra""]",1992,Classical,Calm,english,2.7466400155097634
2PwYIEV1H34mbQBvbnnmLx,Over the Rainbow,The Wizard of Oz: Original Motion Picture Soundtrack,"[""Judy Garland""]",2012,Pop,Calm,english,2.706535945423089
2sDCuyDw3uMLZVLHl9C75g,Over the Rainbow,Sky Captain And The World Of Tomorrow (Original Motion Picture Soundtrack),"[""Jane Monheit""]",2004,Jazz,Calm,english,3.258037462172413
5775HrxjAbrYbTmXK3rttr,Over the Rainbow,Voices Deep Within,"[""Cedar Walton""]",2009,Jazz,Calm,english,1.6670687016241243
5e5XOtemW6vkxtiFANV6Jt,Over the Rainbow,"Decade. The Songs, The Show, The Traditions, The Classics.","[""Celtic Woman""]",2016,Folk,Calm,english,2.898148542029041
69rkweezlggUpaghm5jIlc,Over the Rainbow,The Many Faces of Ernie Andrews,"[""Ernie Andrews"", ""Houston Person""]",1998,Jazz,Calm,english,2.316794577050725
6MmOOBTrn752k6UR1rNHpw,Over the Rainbow,The Doctor Is In,"[""Bud Shank""]",1992,Jazz,Calm,english,2.9902045449917605
7fOaXGJwjM4ZUv0OvJQaYm,Over the Rainbow,The Essential Mormon Tabernacle Choir,"[""Harold Arlen"", ""The Tabernacle Choir at Temple Square"", ""Arthur Harris"", ""Columbia Symphony Orchestra""]",2006,Classical,Calm,english,2.7466400155097634
4XxOqunpCkmY19Nu7L5iAM,Over the Rainbow - Live,Live and Exclusive from The Grammy Museum,"[""Jeff Beck""]",2010,Blues,Calm,english,3.069276943751664
1UF4zbB7cfXCkhjQGke6u8,Overjoyed,The Thang,"[""Anthony Wonsey"", ""Nat Reeves"", ""Joe Farnsworth""]",2005,Jazz,Calm,english,1.8651265356842408
6dUfvSTDkRov65e4iJ1RkC,Overseas,Strathcona,"[""Jon Middleton""]",2017,Folk,Calm,english,1.980141530880887
3aCY0s1VxAPFAtH7eum6XV,Overture,Handel's Messiah (Golden Classics),"[""George Frideric Handel"", ""London Philharmonic Orchestra""]",2003,Classical,Calm,english,2.304774228834066
5P5dA0hS21lA2Ys9Hm9EZI,PERFEKT DARK,DROWN THE TRAITOR WITHIN,"[""Lorn""]",2019,Electronic,Calm,english,1.5130968166422043
0kfuFHxy83VdjU4pIVY0o7,PERPETUAL FLAME OF CENTRALIA,SINNER GET READY,"[""Lingua Ignota""]",2021,Electronic,Calm,english,1.7142952876731274
1wPPhCRcQMguqD4JzeD94k,Pachelbel / Arr. Prizeman : Sanctus (After Pachelbel's Canon),Libera Luminosa,"[""Johann Pachelbel"", ""Libera""]",2002,Classical,Calm,french,1.877608104345732
7DpZw1IDuARHyLZGHaX11u,Pack Your Bags,Taylor Armstrong,"[""Taylor Armstrong""]",2020,Folk,Calm,english,1.1655256491980486
25wvHalZyphb8DredpfYKw,"Paganini: ""Girls Were Made to Love and Kiss""",You Mean the World to Me,"[""Franz Leh\u00e1r"", ""Jonas Kaufmann"", ""Berlin Radio Symphony Orchestra"", ""Jochen Rieder""]",2014,Classical,Calm,english,2.341523460822419
2Ef9JAAz619Dc2N67m6mRT,Pahrump,Pahrump,"[""Xiu Xiu""]",2023,Pop,Calm,english,2.2645214854075286
6V3qxqldWhukdhLGlrgbAk,Painful Goodbyes,Heartsick,"[""Lonesome Wyatt and the Holy Spooks""]",2011,Rock,Calm,english,2.412889308134775
0UGkxDdrqFdVfrL5LseH9U,Paint Yourself Pretty,No Fear,"[""Crayon Jones""]",2018,Rock,Calm,english,1.440178608500705
45rqOxKAfyl1O8NNqKay4j,Paint the Sky with Stars,Stars,"[""Enya""]",1997,Folk,Calm,english,3.048449744731207
4ujF9uIt1jQGBJRhaPgHf9,Painter of Tygers,Ghost Forests,"[""Meg Baird"", ""Mary Lattimore""]",2018,Electronic,Calm,english,1.658740984156072
5qlllWWXFo6aMxikxEEp0Y,Paintings In A Gallery,Wanderings,"[""I Shalt Become""]",2007,Rock,Calm,english,3.2069461826508343
6nI1FAfYETS7qtrPpyg3d7,Pale Interior,Shade,"[""Grouper""]",2021,Rock,Calm,english,1.4485338880010192
35u6jj6WrYktwqvXXwx2aI,Pale Sun,Further from the Truth,"[""And Also The Trees""]",2003,Rock,Calm,english,1.5397312988452874
4P2gUCl6qCfvWJD2Q6DwSD,Palm Psalm,Surviving Is The New Living,"[""Okay Kaya""]",2020,Pop,Calm,english,1.665599151762175
2oibcay0SfXRztkIZhTPCr,Palms and Opium,Jason... The Dragon,"[""Weedeater""]",2011,Rock,Calm,english,1.5284289795749813
3nfCeTK2NWxsOnRSpbCd5v,Palythoa,Tangerine Reef,"[""Animal Collective""]",2018,Rock,Calm,english,2.2890694928926743
4F8aLRbE6lfPjczhbQwchJ,Pandora's Womb,Eclipse,"[""Autumn Tears""]",2004,Electronic,Calm,english,3.0109502866807567
0kwWyRJJKiMx7nMPTf4XoG,Panis Angelicus,Winter Morning,"[""Sissel"", ""The Tabernacle Choir at Temple Square""]",2022,Pop,Calm,french,2.756546654043481
3MFwDxDcIe9iR6iftUqvel,Panis Angelicus,A Christmas Celebration,"[""Celtic Woman""]",2006,Folk,Calm,french,2.476321721178236
7ydlxJ3vVsFv5cMgsC5rF1,Panis Angelicus,In Remembrance Of Me,"[""Robert Kochis""]",2003,Classical,Calm,french,2.428628912044006
47RVxBWPoogC8C3NjUh4MC,Paperback Bible,Damaged,"[""Lambchop""]",2006,Country,Calm,english,2.1684821532349896
3EeoMkZF8NhX9FdCSxG8MB,Parabol,Lateralus,"[""TOOL""]",2001,Rock,Calm,english,2.2537867641946976
0ahMKCyamFNxE25KGYsxq3,Paradigm of Chaos,Dominaeon,"[""Forsaken""]",2005,Rock,Calm,english,1.7568776706994849
5GoOXx2O676br7DKLO6GLr,Parallax,The Parallax II: Future Sequence,"[""Between The Buried And Me""]",2012,Rock,Calm,english,2.71354285435537
1daiStMHakCPjeIMPQvVDg,Parallel Layers,Spring In Blue,"[""SVNTH""]",2020,Rock,Calm,english,3.444933859434684
1nIzpmfLSL7S2FtFCw19pT,Parallels,Remember Pepper?,"[""Still Corners""]",2007,Pop,Calm,english,2.264827049379446
2sowiwuhxt4nLIWP6vWJOa,Paranoid Android,Largo,"[""Brad Mehldau""]",2002,Jazz,Calm,english,1.7820081831522794
1Xmr96UoJusovMbOCSg2N3,Paranoid Eyes,The Final Cut,"[""Pink Floyd""]",1983,Rock,Calm,english,2.5284133710505685
3pfpU0IQqAQtAhdXSLqd1m,Pardon Goddess Of The Night,Much Ado About Nothing - Original Motion Picture Soundtrack,"[""Patrick Doyle""]",1993,Classical,Calm,english,1.6918475462519291
1muAvnteP79nzxtMutAW7f,Pardon?,New Album,"[""Boris""]",2011,Rock,Calm,english,2.3504684573016448
3dZuojObUhweEmQAylcO35,Parkers Chapel,"EPs, Singles and Remixes","[""Hammock""]",2013,Electronic,Calm,english,2.418337277523611
56HmoAgkS0V91JqQDqqwWV,Parkers Chapel,Asleep in the Downlights,"[""Hammock""]",2011,Electronic,Calm,english,2.4522448906908827
4AOl8fZE2eTR6vocAYxqP4,Parking Lot,Grid of Points,"[""Grouper""]",2018,Rock,Calm,english,1.2854813178745357
1xDIc2mk6AnLztgvxDEfin,Parry: Dear Lord and Father of Mankind,Best Loved Hymns,"[""Choir of King's College, Cambridge"", ""Thomas Bullard"", ""Tom Williamson"", ""Stephen Cleobury""]",2001,Classical,Calm,english,2.4291297008231494
1dR1BiSKDya223Fj7PtnH9,Part 5/ The Sun's Gone Dim And The Sky's Turned Black,IBM 1401 A User's Manual,"[""J\u00f3hann J\u00f3hannsson""]",2006,Classical,Calm,english,2.6115704581978902
3Tayzr42PgJ3XSE6DpR1pD,Part 5/ The Sun's Gone Dim And The Sky's Turned Black,IBM 1401 A User's Manual,"[""J\u00f3hann J\u00f3hannsson""]",2006,Classical,Calm,english,2.202048878821464
55mW3xvpWbRuUQTTyxmF5p,Part The First: Aria: O Thou That Tellest Good Tidings To Zion - Aria: O Thou That Tellest Good Tidings To Zion,Handel Arr. Mozart: Messiah,"[""Handel and Haydn Society""]",2006,Classical,Calm,english,1.8258727418551688
7JUzOHIiIpt8SLF21uYOwu,Partners in Crime,Posthumous Release,"[""Coma Cinema""]",2013,Electronic,Calm,english,1.968993556237029
6jBIVfOTzVfiRqUlVlP5P2,Passengers,The Neuromancer,"[""William Control""]",2014,Electronic,Calm,english,2.664515472849911
2oXgmxYCboRL1P4QjyU0Ga,Passerines,Horse Latitudes Solo / Acoustic Demos,"[""Jeffrey Foucault""]",2018,Country,Calm,english,1.5937675237878568
1Fez0yQPXhAoG5zsCLADk0,Passion,Number 10,"[""J.J. Cale""]",1992,Blues,Calm,english,2.620263798447537
4wtMmxYJak6Y7AXOdm8ovX,Pastoral,No Roots,"[""Faithless""]",2004,Electronic,Calm,,1.887164182562919
49y4NtPW0BQ3i7CQUos4Iy,"Pat-a-cake, Pat-a-cake, Baker’s Man",Baby Lullabies with Soothing Night-time Sounds,"[""Nursery Rhymes ABC""]",2022,Folk,Calm,english,2.009986408608014
3pXT0yk8MIdLiRHZWG1K6d,Pater Noster,ANÚNA,"[""Michael McGlynn"", ""An\u00fana""]",2005,Folk,Calm,english,1.3160017410174891
74mr5Rm0bKthAgsD3Ydxi7,Pavement,Boo Boo,"[""Toro y Moi""]",2017,Electronic,Calm,english,2.2507074613465634
1LhSD4Rw39yZMOdvcYyLeb,Pay Day,Today!,"[""Mississippi John Hurt""]",2006,Blues,Calm,english,3.4540607883333747
2HXiwMax3te3YrSH12i77M,Pea Vine Special,Levee Camp Blues,"[""Mississippi Fred McDowell""]",1980,Blues,Calm,english,1.6071440941754644
4oKl6de5N3O6zJBLR8SyD8,Peace - A Beginning,In The Wake Of Poseidon,"[""King Crimson""]",1970,Rock,Calm,english,3.856247051316082
7BnMpLZ6I2UmiZ9MjX79dh,Peace - An End,In The Wake Of Poseidon,"[""King Crimson""]",1970,Rock,Calm,english,2.970617086620781
6dk0nz58IhUDuonqeaEiMA,Peace Like a River,Peace Like a River,"[""Traditional"", ""The Tabernacle Choir at Temple Square"", ""Orchestra at Temple Square"", ""Craig Jessop""]",2004,Classical,Calm,english,2.5900079767945807
7pVvWBIEdozOB1SFSUkzw4,Peaceful Heart,Between Earth & Sky,"[""Gandalf""]",2003,Folk,Calm,english,2.222627512020708
5rZDVhHDatnFv27kDJLpyF,Peacemaker,Whisper to the Wild Water,"[""Maire Brennan""]",2000,Folk,Calm,english,1.7971722678759534
34Brcl2BSO7eQ8jH2lylA4,Pearline,Son House Live At The Gaslight Cafe Jan 3rd 1965,"[""Son House""]",2000,Blues,Calm,english,4.669288855081682
3eTH0YMEFs8EcdJHvRnUtn,Pearls,Hidden Figures - Original Score,"[""Hans Zimmer"", ""Pharrell Williams"", ""Benjamin Wallfisch""]",2017,Classical,Calm,english,1.740151517207868
304bq5tdIfgUj4InlijdC3,Peer Gynt: Morning,Kids Orchestral Music for Play & Relaxation,"[""Edvard Grieg"", ""Nora Ksendzov"", ""North German Philharmonic""]",2009,Classical,Calm,english,2.474502678817181
5W3mg1r1aM1cW6TabrIpP1,"Peggy-O - Live at Charlotte Coliseum, Charlotte, VA, December 10, 1973","Download Series Vol. 8: Charlotte Coliseum, Charlotte, NC 12/10/73 (Live)","[""Grateful Dead""]",2005,Rock,Calm,english,2.0559111800153893
1Pr0MueqthjYejQFomy4N2,Penal Colony,Public Strain,"[""Women""]",2010,Rock,Calm,english,2.277695656873057
7zjzV0yVft2HYJpqUWcbhx,Penal Colony,Public Strain,"[""Women""]",2010,Rock,Calm,english,2.170462457036785
2aKRRD2zCB4XXJhdYEZ8KS,Pennies from Heaven,Mandy Patinkin,"[""Mandy Patinkin""]",1989,Classical,Calm,english,2.753565947539185
6lRjAR7IXJVi4O5u6Ozdf5,Penthouse Serenade (When We're Alone),Errol Garner: The Complete Savoy Master Takes,"[""Erroll Garner""]",2009,Jazz,Calm,english,2.8326730333315373
7CYNZgGuWr2lhkeQh1yurD,People Are Friends,Dropsonde,"[""Biosphere""]",2006,Electronic,Calm,english,2.9714185423794373
6dMmSPni5BC7pTGjxEKE6c,People Make The World Go Round,Sunflower (CTI Records 40th Anniversary Edition),"[""Milt Jackson""]",1973,Jazz,Calm,english,3.150484471008133
4OWkTpnfB48ykpupXSbZXD,People Need The Lord,Steve Green,"[""Steve Green""]",1984,Folk,Calm,english,2.7264350233190595
0g0kMFvQOrWUQi70tkkg7K,"People Will Say We're In Love (with The Bobby Tucker Singers) - from ""Oklahoma!""",Frank Sinatra Sings Rodgers & Hammerstein,"[""Frank Sinatra"", ""Bobby Tucker Singers""]",1996,Jazz,Calm,english,2.645924037184049
6AH2gwLXKXFHVbhkdWmd9r,People Will Say We're in Love,Oklahoma! (New Broadway Cast Recording (1979)),"[""Christine Andreas"", ""Laurence Guittard""]",1980,Classical,Calm,english,2.8279841849005867
1z0DXbixgwEiXUZUCKVYsP,Pepsi/Coke Suicide,Holo Pleasures / California Dreamin',"[""Elvis Depressedly""]",2016,Electronic,Calm,english,2.2097004905743454
2MQi8oVx3eOgDOqmeKJIJZ,Pepsi/Coke Suicide,Holo Pleasures / California Dreamin',"[""Elvis Depressedly""]",2016,Electronic,Calm,english,2.2097004905743454
3w01niC4srlJrD3THYX3AB,Pepsi/Coke Suicide,Holo Pleasures / California Dreamin',"[""Elvis Depressedly""]",2016,Electronic,Calm,english,2.2170184458501154
4qt37hDOKMeallwv8M5HCY,Perfect Day,Dream On,"[""Scala & Kolacny Brothers""]",2004,Classical,Calm,english,1.9805866350184884
15Zj59m7P6kfHWbPstFLDy,Peripheral,Irisiri,"[""Eartheater""]",2018,Pop,Calm,english,2.461085034609368
4Q5upOyBupD2oOlwOYp6oM,Peripheral,Irisiri,"[""Eartheater""]",2018,Pop,Calm,english,2.041585489943844
0RgIohXIw3T9iiAqvc5vHn,Persecution of the masses (1172),Shin Godzilla (Original Soundtrack Album),"[""Shiro SAGISU""]",2016,Pop,Calm,english,1.5255279184336563
165Bm7I0lpOooInDmMWVQL,Pessimist,Gemini,"[""Wild Nothing""]",2010,Pop,Calm,english,1.8916751580943016
4xqJdNVnggadbQV4lmwuyY,Pessimist,Gemini,"[""Wild Nothing""]",2010,Pop,Calm,english,2.1681205635856293
5KAXwma1C80krbe2NTb4FT,Pete The Killer,Televise,"[""Calla""]",2003,Rock,Calm,english,2.369485594731577
1qLA4AfHt0R7bfFmMC5Spb,"Peter and the Wolf, Op. 67: Introduction",David Bowie Narrates Peter And The Wolf,"[""Sergei Prokofiev"", ""David Bowie"", ""Eugene Ormandy""]",1988,Classical,Calm,english,2.709357708879874
1Zo8HXlrL1PZfDUm8rlAgq,"Petrushka, Pt. 1: Russian Dance",My First Classical Music Album,"[""Igor Stravinsky"", ""Philharmonia Orchestra"", ""Robert Craft""]",2011,Classical,Calm,english,2.221478521236634
5irsNboaGGQK7TlbHBBVQX,Phases Forever,Nature Noir,"[""Crystal Stilts""]",2013,Rock,Calm,english,2.7212367301761784
0wvfrYES4JXY1y2MRDlRBA,Phenomena,Phenomena,"[""Phenomena""]",1985,Rock,Calm,english,2.018114912998745
7sTES9W36qiSDxRtR2yc5Y,Phil Elvrum's Will,Song Islands,"[""The Microphones""]",2002,Folk,Calm,english,1.9405256689524584
70tBlnU5OSw2hIjiGA4u4G,"Philadelphia, Don't You Haunt Me",Amy Locust Whatever,"[""Cyberbully Mom Club""]",2015,Electronic,Calm,english,1.3525541748321104
4ySmtgShWUgUvrM52Z3xu0,Photel California,Black Phantom Crusades,"[""Red Animal War""]",2002,Rock,Calm,english,1.3987916108693197
0eYzqP1sVy0LvAc3dL5wE0,Photo,Flood,"[""RICEWINE""]",2017,Pop,Calm,english,2.136891932407446
4EmUKAySe2g0MUOzZYHxn8,Phyllis is My Only Joy,Chanson D'Amour,"[""J.W. Hobbs"", ""The King's Singers""]",1993,Classical,Calm,english,2.6095158124187776
5zKTpVbzN4PtJgw5hScntM,Pi,Aerial,"[""Kate Bush""]",2005,Pop,Calm,english,2.619780174543572
6UaUjHFc3YnKnk9R8wN4ww,Pi - 2018 Remaster,Aerial (2018 Remaster),"[""Kate Bush""]",2005,Pop,Calm,english,2.6139342587022525
1BCpnhUCRCHFJD8dzoNKz0,"Piano Concerto No. 2 in C Minor, Op. 18: III. Allegro scherzando",Rachmaninov,"[""Sergei Rachmaninoff"", ""Yuja Wang"", ""Mahler Chamber Orchestra"", ""Claudio Abbado""]",2011,Classical,Calm,english,4.279127579070163
70MDz31xg05UfDH8KsYwYr,Piano Concerto No. 2: Allegro Scherzando,20th Anniversary Chesky Records,"[""Earl Wild""]",2006,Classical,Calm,english,1.21644687774028
39SY6Fp1S6PrU6qSwP2Gmy,"Piano Concerto No. 4 in B-Flat Major, Op. 53: II. Andante","Prokofiev, S.: Piano Concertos Nos. 1-5","[""Sergei Prokofiev"", ""Boris Berman"", ""Royal Concertgebouw Orchestra"", ""Neeme J\u00e4rvi""]",2009,Classical,Calm,english,2.4523612055158126
0MgmF26oeJfUhB3V5CCVfL,"Piano Concerto No. 5 in E-Flat Major, Op. 73 ""Emperor"": II. Adagio un poco moto",Easy Listening Classical,"[""Ludwig van Beethoven"", ""Cristina Ortiz"", ""Richard Hickox"", ""City of London Sinfonia""]",2019,Classical,Calm,english,2.335167712720982
4mEURDmMYl1gsUJaJ4OEI3,"Piano Concerto No.2 in C minor, Op.18 : 2. Adagio sostenuto",Classical Study Music,"[""Sergei Rachmaninoff"", ""Yuja Wang"", ""Claudio Abbado"", ""Mahler Chamber Orchestra""]",2015,Classical,Calm,english,2.395345081353382
63iZl8TsApZCCVr6Kv8q23,"Piano Concerto for the Left Hand in D Major, M. 82",Ravel: Piano Concertos; Valses nobles et sentimentales,"[""Maurice Ravel"", ""Krystian Zimerman"", ""London Symphony Orchestra"", ""Pierre Boulez""]",1998,Classical,Calm,english,2.289835731882894
0Uqqt70gOPb5w9uBvbsVvj,Pieces of Sky,Comfort Of Strangers,"[""Beth Orton""]",2006,Folk,Calm,english,2.400464068986293
0y0q2frIXYOeZtGLJKj4kt,Pigeon Song,The Warner Bros. Years 1971-1977,"[""America""]",2015,Pop,Calm,english,2.6997775214135635
2mViX0GDx6zIC1HZGWtEEX,Pigeon Song,America,"[""America""]",1972,Pop,Calm,english,2.6997775214135635
5v11vzJ8bvdCkUm6yBUKsF,Pigeons,Gold Record,"[""Bill Callahan""]",2020,Country,Calm,english,1.1955709025584376
3rH0i1W0xhrW3CZ26rVNQB,Pilate's Dream,Jesus Christ Superstar (20th Anniversary London Cast Recording (1992)),"[""Jeff Shankley""]",1992,Classical,Calm,english,2.8903264152084387
1HlxBnFnDRdabZHQSyRcYm,Pillars,Anywhere But Where I Am,"[""Foreign Fields""]",2012,Electronic,Calm,english,1.5017172983687277
65CI93OWChq86DqU7Bb8fP,Pink Froid,Converting Vegetarians II,"[""Infected Mushroom""]",2015,Electronic,Calm,english,2.020935821038166
2nP3fdRv0Ubjihvtqay0EO,Pinky,The Divine Sarah Vaughan: The Columbia Years 1949-1953,"[""Sarah Vaughan""]",1988,Jazz,Calm,english,3.879202412939817
509cnvcJ3OSoyTzd7X4icM,Pissing,The Great Destroyer,"[""Low""]",2005,Rock,Calm,english,1.687115735515269
6ta0DxLgNBitDEhwEnpBdp,Pity the Child #1,Chess In Concert,"[""Chess In Concert""]",2009,Classical,Calm,english,3.16642191100534
6sOpRCmFS2tc2sD0PVF9df,Plaisir D' Amour,"Joan Baez, Vol. 2","[""Joan Baez""]",2006,Folk,Calm,english,1.802444345082656
2ijCxX32nwzA4iw4cEkvbx,Planet,Honeysuckle Aeons,"[""Current 93""]",2011,Rock,Calm,english,2.510583963209397
7wqF3BU0ykeKch6BcNqGiT,Planet Caravan,Paranoid (2009 Remastered Version),"[""Black Sabbath""]",1970,Rock,Calm,english,1.3915789813684605
2VDg6h3Qr3F8UuFVInQxE6,Planet Caravan - 2012 - Remaster,Paranoid (Remaster),"[""Black Sabbath""]",1970,Rock,Calm,english,1.5000505240967006
2Ipd1r5yovIetmTM5T1GzT,Planets,YTI⅃AƎЯ,"[""Bill Callahan""]",2022,Country,Calm,english,1.4719508031459492
0JLBw4GI0YYVqLFruMxEMu,Plastic & Powder,Twin-Hand Movement,"[""Lower Dens""]",2010,Pop,Calm,english,1.951771476767544
58wAQJquWQh23crIfu8SHz,Playground Love,The Bluegrass Tribute To Air: Blue Safari,"[""Pickin' On Series"", ""Old School Freight Train""]",2005,Country,Calm,english,1.9557330796139976
6eeMVP2hebhDoqLbUMaYeP,"Playing in the Band - Live at Charlotte Coliseum, Charlotte, VA, December 10, 1973","Download Series Vol. 8: Charlotte Coliseum, Charlotte, NC 12/10/73 (Live)","[""Grateful Dead""]",2005,Rock,Calm,english,4.127490136365254
1a0hlOegySMOBfxnUeHVgn,Please,The Most Lamentable Tragedy,"[""Titus Andronicus""]",2015,Rock,Calm,english,2.5269295398331395
46itdAKkyRr3qWDEsJl7SM,Please Be Kind,In Person,"[""Django Reinhardt"", ""St\u00e9phane Grappelli""]",2014,Jazz,Calm,english,1.6748126755401196
4AkOjj7iPkgn5A3E9IJUuk,Please Don't Go Away,Please Don't Go Away,"[""Donny"", ""Shiloh Dynasty""]",2017,Electronic,Calm,english,2.383914144758291
5TpRymarZRIq2dm5UxZfF2,Please Don't Leave,Between Two Selves,"[""Octo Octa""]",2013,Electronic,Calm,french,2.6185612716498263
3bHrww6rQu6IdBfBEJI1ll,Please Hang Up,You Go Now,"[""Chroma Key""]",2000,Rock,Calm,,0.8457545063440634
5PduiXDYYKKWVsvgaZ4qcd,Please Please Please Let Me Get What I Want,"Please, Please, Please: A Tribute to The Smiths","[""William Fitzsimmons""]",2011,Folk,Calm,english,3.1360293415178244
7gTyR63h4FXXxOIXTZYDzv,Please Remember,Sunbather,"[""Deafheaven""]",2013,Rock,Calm,english,2.339918059973616
6byteozyv2cwkziMgeDGWf,Please Rise,OH (ohio),"[""Lambchop""]",2008,Country,Calm,english,1.947852221620036
6mEuEPHy8cVPmNdHWMfDou,Pleasure Suck II,Pleasure Suck,"[""SPIRIT OF THE BEEHIVE""]",2017,Rock,Calm,english,2.4933064687264777
5ckMTAqq6wJFMgva6zMxoB,Plenty Of,Notes And The Like,"[""Ms. John Soda""]",2006,Electronic,Calm,english,1.5274611808123408
42ufFL2mR5G0K6wMPjMb1q,Ploughshares Into Swords,Standards Of Triumph,"[""Arditi""]",2008,Electronic,Calm,english,2.7162669668732446
4HnUxExRzxYgvlZnn4APTr,Point of Disgust,Trust,"[""Low""]",2002,Rock,Calm,english,1.945656788439165
6lnwXipSGClSxLTC1Klbl8,Point of You,Break in the Clouds,"[""Elephant Revival""]",2010,Country,Calm,english,1.4958810566628282
6Q5uDNuuFYa8ToL3CCoHPC,Poison Tree,Inca Ore / Grouper,"[""Grouper""]",2008,Rock,Calm,english,1.225016530869534
6RDVwKLpBBEksWdp9jwBlD,Poison Tree,Inca Ore / Grouper,"[""Grouper""]",2008,Rock,Calm,english,0.5890987888352408
4jK6bBO2JbkvvgT7FPj8c5,Poison's Gone,Montage Of Heck: The Home Recordings (Deluxe Soundtrack),"[""Kurt Cobain""]",2015,Rock,Calm,english,1.241279394531651
1Tl7veexOOGnRp5CIr1ex6,Polar Boy,Free Flying Soul,"[""The Choir""]",1996,Rock,Calm,english,2.033754003918013
5Ji9TQ0Cqj5ds0OC4do8ph,Polka Dots And Moonbeams,Time To Let Go,"[""Terell Stafford""]",1995,Jazz,Calm,english,0.9298610698053636
3wWhQfWzuKq9YTm0ScM0vJ,Polka Dots And Moonbeams - Remastered,Jazz Dream House,"[""Bud Powell""]",2023,Jazz,Calm,english,1.4034321115864574
7pKWTcPfT9mg2iAhobFHpS,Polka Dots And Moonbeams - Remastered 1998 / Rudy Van Gelder Edition,"The Amazing Bud Powell, Vol. 2 (2001 RVG Edition)","[""Bud Powell""]",2001,Jazz,Calm,english,1.4092156562862244
1eWZeCRy6DxcGGWIEwROCY,Polka Dots and Moonbeams,The Great Fontana,"[""Carl Fontana""]",2008,Jazz,Calm,english,1.424400947381978
4wAF7UvedXdSNN3BJoXBHk,Polka Dots and Moonbeams,Harry Allen Meets John Pizzarelli Trio,"[""Harry Allen""]",1999,Jazz,Calm,english,1.1003951704872568
4UKTeNVJOwE420xf07UdK5,Polly Come Home,Raising Sand,"[""Robert Plant"", ""Alison Krauss""]",2007,Country,Calm,english,1.9006921946550004
5AeTjkSI1P8GUY7wkuQNt3,Pontchartrain,Spacedust & Ocean Views,"[""Anders Osborne""]",2016,Blues,Calm,english,2.123663689821784
3VX2JAoUxJtPIO4ve1YWIW,Pony Girl,Fun Home (A New Broadway Musical),"[""Jeanine Tesori"", ""Lisa Kron"", ""Michael Cerveris""]",2015,Classical,Calm,english,5.934460122230252
6J8fqvMu3gwPBwbgysO5sm,Ponytail,Person Pitch,"[""Panda Bear""]",2007,Rock,Calm,english,2.3292339816726964
4qKy9Ed5Vy2zBQ16qvB8iD,Poor Abbey Walsh,Trouble Man,"[""Marvin Gaye""]",1972,R&B,Calm,english,1.9820362717912967
4TWBSpeX225fFjCpeeCWxa,Pops Hoe-Down,Pops Roundup,"[""Arthur Fiedler""]",1993,Classical,Calm,english,2.96756358759762
1TFtXn98AYLKym4IvBaQ24,Porgy And Bess - Summertime,100 Greatest Musicals,"[""Lesley Garrett""]",2010,Classical,Calm,english,2.9482965276091515
4QDhyd4Ha2QYGtNM8ka9aB,Portal North: Panthera,The Don Of Diamond Dreams,"[""Shabazz Palaces""]",2020,Hip-Hop,Calm,,2.7476153374475176
71pzW0EOG1693WdYbjekD5,Portrait 19,States,"[""The Paper Kites""]",2013,Folk,Calm,english,1.717808358916389
6xm2A4QyuIcOZrL4VNKUpA,Portrait of Jennie,Big Boss Band,"[""George Benson""]",1990,Jazz,Calm,english,2.7580252550227367
099SPQGafjikayzj2B7G15,Post-War,Post-War,"[""M. Ward""]",2006,Folk,Calm,english,1.95446480358155
1vD5VmC1p3pDsj8qt0OIcB,Post-War,Post-War,"[""M. Ward""]",2006,Folk,Calm,english,1.9464190154593013
5OKzGiZydneYtHohEfzeow,Post-War,Post-War,"[""M. Ward""]",2006,Folk,Calm,english,1.95446480358155
64RkbJCa66Scrlv8xBa6wq,Postal,Writers Without Homes,"[""Piano Magic""]",2002,Rock,Calm,english,2.520526644872567
6L6tPcXwT082X2IMdNLv2T,Postcard,Spring a Leak,"[""The Lucksmiths""]",2007,Pop,Calm,english,1.9344537722843824
3UJiiJddL5Ne9DJcXAUqai,Postcard Blues,The Trinity Session,"[""Cowboy Junkies""]",1988,Country,Calm,english,2.490862802927281
4Fh6cKGB0heCyDPPdSL77d,Posters,The Year of Hibernation,"[""Youth Lagoon""]",2011,Pop,Calm,english,2.188885303359587
5tQYLp0vHKABPZxuZPDQNJ,Postulate,...That Great October Sound,"[""Thomas Dybdahl""]",2002,Pop,Calm,english,1.4953020565348
2EsmCy6ktqn97IOek26AVp,Potatos Lament,Portal 2: Songs to Test By (Collectors Edition),"[""Aperture Science Psychoacoustic Laboratories""]",2011,Classical,Calm,english,1.5840139472829216
2LZ448jPOHz3yeYsOJPZ79,Pots and Pans,Moving Careful: Plus Rarities (20th Anniversary Edition),"[""Hayden""]",2018,Rock,Calm,english,1.3318949903451376
4N0ch414BK9Zcgqs2wI05J,Praise God from Whom All Blessings Flow,"Hymns of the Church, Vol. 2","[""Oasis Chorale""]",2016,Classical,Calm,english,1.6915209642757585
2Qr9FG6lEvRuWhwzV1XUTq,Praise to the Man,Praise to the Man,"[""Traditional"", ""The Tabernacle Choir at Temple Square"", ""Orchestra at Temple Square"", ""Mack Wilberg""]",2008,Classical,Calm,english,2.7054637642209105
1dR5dymAQmj0wlqLWkEn0v,Prayer,Visions,"[""Engelbert Humperdinck"", ""Libera"", ""Robert Prizeman""]",2005,Classical,Calm,english,3.277352440187518
1tZoRYJLGYqPI6x3RlQ2TP,Prayer,Monument,"[""Keaton Henson""]",2020,Electronic,Calm,english,2.710813329160017
5dnSwcL9mjWr34L5yQGXXf,Prayer,Sovereign (Remastered),"[""Neurosis""]",2000,Rock,Calm,english,2.196501321943112
6l0aMieFfYhWMKxbgQ6yDM,Prayer,Dawn Of A New Century,"[""Rolf L\u00f8vland"", ""Secret Garden""]",1999,Classical,Calm,english,2.1253832773961654
7b1i2hKJrTkRR3amViy2Kb,Prayer,Eternal: The Best of Libera,"[""Engelbert Humperdinck"", ""Libera"", ""Robert Prizeman""]",2008,Classical,Calm,english,3.277352440187518
2FQ4ddHGmAsOgJtzQS3CBB,Prayer (from 'Hansel & Gretel'),Angel Voices: Libera in Concert,"[""Engelbert Humperdinck"", ""Libera"", ""Robert Prizeman""]",2007,Classical,Calm,english,4.641611616527804
0zbuphwpwDnFCTDO3Up3zj,Prayer of Transformation,Celestial Lineage,"[""Wolves In The Throne Room""]",2011,Rock,Calm,english,3.344253049406281
5F5mQfSg247TUo6xQnDxy8,Prayer of the Children,Treasures In Heaven,"[""Oasis Chorale""]",2003,Classical,Calm,english,3.3326776156885285
6NCbEaZG9Uu62B7XDglFwy,Precious Memories - Live,Precious Memories (Live),"[""Gaither"", ""Bob Crews"", ""Cynthia Clawson""]",2007,Country,Calm,english,3.1159881126513533
1LG7PSnhcpQUBaa3DS0ASz,Prediction,Paprika (Original Soundtrack Album),"[""Susumu Hirasawa""]",2007,Pop,Calm,english,4.1244458895554965
0OHniZHtoofmETcRRLnfQP,Prelude - 2002 Remaster,Chicago II,"[""Chicago""]",1970,Pop,Calm,english,2.2228830305153533
2Z6ynWKfXbp66zGf5GSbyD,Prelude - 2018 Remaster,Aerial (2018 Remaster),"[""Kate Bush""]",2005,Pop,Calm,english,3.436292189640793
4PqiyUZuSwlssWRQPRkrFh,Prelude to a Kiss,Introducing Brad Mehldau,"[""Brad Mehldau""]",1995,Jazz,Calm,english,1.110205700329723
616LGsnaupzORbKW7LhzuN,Prelude To A Kiss,The Roar Of '74,"[""Buddy Rich""]",2005,Jazz,Calm,english,1.2292630871341452
7eRReVeItnZCC8gl4X2V1n,Prelude To A Kiss,Bophead,"[""Dave Pike""]",1998,Jazz,Calm,english,1.8664545522910032
694n9ScpA0Gm7O96s6Uirg,Prelude To A Kiss - Remastered,Horace Silver Trio,"[""Horace Silver""]",2007,Jazz,Calm,english,1.6582022690664826
6KS6PdIWl49Xn4QFIaBIJt,Prelude to a Kiss,Brighter Days,"[""Don Braden""]",2001,Jazz,Calm,english,0.9476057580253217
6znFukHm04QeqAbXarffXj,Prelude to a Kiss,Dick Hyman Plays Duke Ellington,"[""Dick Hyman""]",2012,Jazz,Calm,english,1.5169596144486777
0WKbEyaxeQdk2JYN02Cl22,Premonition - Reprise,Conjure One,"[""Conjure One"", ""Rhys Fulber""]",2002,Electronic,Calm,english,3.661539461491248
4VhRzKAFnkTq9tdMpyZVw7,Prepare for Disappointment,Only Myocardial Infarction Can Break Your Heart,"[""Matt Elliott""]",2013,Rock,Calm,english,1.6512804331524036
0zTHt68HZShLyjJtPIFMI0,Presence,Open Your Heart,"[""The Men""]",2012,Rock,Calm,english,3.3477512259086963
2Y9VydOf1WCRGk0hbYt3sp,Presence,Open Your Heart,"[""The Men""]",2012,Rock,Calm,english,3.345889550551049
1pF9SOOg0Rvfc5TEjw15eh,Press Forward Saints (Arr. M.D. Nielsen for Men's Choir & Chamber Ensemble),Set Apart: Beloved Missionary Hymns,"[""Vanja Y. Watkins"", ""BYU Men's Chorus"", ""Joshua Coffey"", ""Noelle Reid"", ""Corinne Cook"", ""Lyman McBride"", ""Matthew McDowell"", ""Seth Bott"", ""Rosalind Hall""]",2018,Classical,Calm,english,2.341858793691948
1a6EeyDrfVD496HuVJaxmh,Pretext,Cocaine Death,"[""Prurient""]",2009,Rock,Calm,english,2.725725898428057
6uOD3IOq4PwyPOXnLbap6x,Pretty Lady,Side by Side by Sondheim (Original London Cast Recording),"[""Millicent Martin"", ""Julia McKenzie"", ""David Kernan""]",1976,Classical,Calm,english,2.5302560330525714
7C7hy1hqQ92ikJ4K6maNbR,Pretty Lady,Mandy Patinkin,"[""Mandy Patinkin""]",1989,Classical,Calm,english,2.918070043250956
4UZPrVEwWprzSBcpAEa0G4,Pretty women,"Take me to the world, Songs by Stephen Sondheim","[""Stephen Sondheim"", ""Martin Ormandy"", ""Marc Heller"", ""Alfred Heller""]",2006,Classical,Calm,english,3.61165190931998
2SeeXyrSNU85WXHiqoVW9I,Pretty women [Sweeney Todd],Renée & Bryn - Under The Stars,"[""Stephen Sondheim"", ""Bryn Terfel"", ""Paul Gemignani"", ""Welsh National Opera Orchestra""]",2003,Classical,Calm,english,2.4620091410802507
46FaPYZp6S1VMacnubSFmu,Pride of Frey Valor,VII (Orcestral Edition),"[""Into Infernus""]",2016,Rock,Calm,english,2.574374955383468
10BvydZhf1TLTJyT2oeycV,Priestess of Death,From the Graveyard,"[""1782""]",2021,Rock,Calm,english,2.295009455029921
49B2Rdkho46sxJ6lFi6tps,Primary Colours,Dva,"[""Emika""]",2013,Electronic,Calm,english,2.2089437003882098
4HvAZMTjGc5EvBVLzL9GPv,Primordial Wound,Paradise Gallows,"[""Inter Arma""]",2016,Rock,Calm,english,3.048680711949291
4Y9KTmRa2C9pOZOu85oKeS,Prisoner Of Love,"Billie,Ella,Lena,Sarah!","[""Lena Horne"", ""Teddy Wilson""]",1994,Jazz,Calm,english,1.892280008993672
5KVak7r5YKcnkmARc0hy0Q,Private Investigations,Love Over Gold,"[""Dire Straits""]",1982,Rock,Calm,english,1.2356659171805706
2A9PhZxveFpZxWU5Pf9UMI,"Prizeman, Beethoven: Joyful, Joyful, We adore Thee (After Beethoven's Ode to Joy from Symphony No. 9 in D Minor, Op. 125) [Live]",Angels Sing - Libera in America,"[""Ludwig van Beethoven"", ""Libera"", ""Robert Prizeman""]",2014,Classical,Calm,english,1.3354256056045677
44X7HyWeJv1wdK8CUkb0SP,Procession,Every Good Boy Deserves Favour,"[""The Moody Blues""]",1971,Rock,Calm,,3.126640490302397
0gyN0Z6du9veUYteIlakSY,Procession Of Cherry Blossom Spirits,School of the Flower,"[""Six Organs Of Admittance""]",2005,Rock,Calm,english,1.4524661081302837
0DKNFuqKivgW9k86jYMuXT,Profondeur de l'ame,L'être Las: L'envers Du Miroir,"[""Dark Sanctuary""]",2002,Electronic,Calm,french,2.557978784798769
4Ys7eF00YNuyZtKiPAM08y,Program of the Second Part,Play Music,"[""Thieves Like Us""]",2008,Electronic,Calm,english,1.5213790402391167
1AS6D2oZTMNnJUrOU0nphJ,Prologue,Crystal Logic,"[""Manilla Road""]",2013,Rock,Calm,english,3.700495394519642
3ZVbOoucR474pTT4TZIUmE,Prologue,Dune (Original Motion Picture Soundtrack),"[""TOTO""]",1984,Pop,Calm,english,3.0330652752574028
4yr83UnRxpagk2iD8qT0Qf,Prologue,Follies: New Broadway Cast Recording,"[""Stephen Sondheim"", ""Bernadette Peters""]",2011,Classical,Calm,english,1.802033123280068
7pUhlHNe8oEYyU4pA48YYG,Prologue,Joseph And The Amazing Technicolor Dreamcoat (Canadian Cast Recording),"[""Andrew Lloyd Webber"", ""Janet Metz"", ""\""Joseph And The Amazing Technicolor Dreamcoat\"" 1992 Canadian Cast""]",1992,Classical,Calm,english,2.615349352913477
67D4tzp6fTraY0ZsJaRBNr,Eshkeri: Prologue (Through The Wall),Stardust - Music From The Motion Picture,"[""Ilan Eshkeri"", ""London Metropolitan Orchestra"", ""Andy Brown""]",2007,Classical,Calm,english,2.4310825472842232
1xcKLHQ4KcI5rtFOsZusTv,Prologue - 2018 Remaster,Aerial (2018 Remaster),"[""Kate Bush""]",2005,Pop,Calm,english,2.3239948972497944
0cWeyqYo6AWwUX1UmBFMSp,Promise,If I Stay (Original Motion Picture Soundtrack) [Deluxe Version],"[""Ben Howard""]",2014,Folk,Calm,english,2.5554234389242803
1Kvrqt00lnQgjgHOWku4lF,Promise,Shade,"[""Grouper""]",2021,Rock,Calm,english,2.419767604537635
33nI27CIxWocKkBxxxycBs,Promise,Cloudbusting,"[""Wild Nothing""]",2010,Pop,Calm,english,2.372414521212231
3WX8zNfgMcWjtHUGs3LTYg,Promise Me,First Knight Original Motion Picture Soundtrack,"[""Jerry Goldsmith""]",1995,Classical,Calm,english,3.0584510403264025
5wMWIOlBA8s0Ez0vwQzZB4,Promise Ring,Luminol,"[""Midwife""]",2021,Rock,Calm,english,3.3439369244280592
6PlZKqiYE7T0J4xFjxY8qm,Promises - Nils Frahm Version,Promises (Remixes),"[""The Presets"", ""Nils Frahm""]",2012,Electronic,Calm,english,1.6600277152608074
4sdoolux5xOhgnJMdhEgpK,Prophecy,The Very Best of Medicine Woman 1-7,"[""Medwyn Goodall""]",2022,Folk,Calm,english,2.4312065692079727
7MZLYcyaX93ZxTzeZjzIzY,Prostitute Poem,Radio Gnome Invisible Part II - Angel's Egg,"[""Gong""]",1973,Rock,Calm,english,1.6253135450562834
1VYDq7Jp2cV0DFafrVsyMc,Protector,Let Me Do One More,"[""illuminati hotties""]",2021,Rock,Calm,english,1.913705826590492
7eYjWBNh63LkNr8Sa2I61G,Proverb,Proverb / Nagoya Marimba / City Life,"[""Steve Reich"", ""Theatre Of Voices"", ""The Steve Reich Ensemble"", ""Paul Hillier""]",2005,Classical,Calm,english,2.990797046304379
5QAwIfgHplVb3QPefVCP9p,Providence,Wars of the Roses,"[""Ulver""]",2011,Rock,Calm,english,2.401430962251669
3s9YtjSkxeeriM92mASyoO,Précis,Angel Youth,"[""Vansire"", ""Fog Lake""]",2018,Pop,Calm,english,1.8816193483555013
0bcqbuMe1PsWNMmFz9obsv,Psalm 27 Part 1,Chant From The Hermitage,"[""John Michael Talbot"", ""The Monks of Little Portion Hermitage""]",1995,Folk,Calm,english,2.264934492447622
4MhSNee0lelL7bHJPqilrX,"Psalm 29, Op. 74, ""Give unto the Lord"": Give unto the Lord (Psalm XXIX), Op. 74",English Choral Music,"[""Edward Elgar"", ""Choir of St. John's College, Cambridge"", ""Christopher Robinson""]",2004,Classical,Calm,english,2.530969649245548
1vk3yzFZ2rAbkdSEWEVyra,Psalm of Solitude,Psalms for the Spiritually Dead,"[""Sons of Perdition""]",2010,Country,Calm,english,1.774932204514118
2WVtaxyD4JGrgt6LxVMZvk,Psychopathia Sexualis,Stillbirth,"[""Oneiroid Psychosis""]",2003,Rock,Calm,english,3.184900989043373
6FcOdWb6mIKVIHPOhSzHr3,Pulchrae sunt genae tuae,How Fair Thou Art: Biblical Passions by Giovanni Pierluigi da Palestrina,"[""Giovanni Pierluigi da Palestrina"", ""The King's Singers""]",2016,Classical,Calm,english,3.051467825508487
1c2gssCkuT9RMn0WXFiDps,Pull,Leaving,"[""Spooky Black""]",2014,Hip-Hop,Calm,english,4.351487029218679
4b3lLko5SaPNJQEBYsAaIj,Pulpe,Ambisonic Picnic,"[""Nikmis""]",2008,Electronic,Calm,english,1.6642902885794055
26jAIkwd1O3Uez8BVfRLai,"Purcell: Dido and Aeneas, Z. 626, Act 3: Song. ""When I Am Laid in Earth"" (Dido)",Purcell: Dido and Aeneas,"[""Henry Purcell"", ""Emmanuelle Ha\u00efm"", ""Le Concert d'Astr\u00e9e"", ""Susan Graham""]",2003,Classical,Calm,english,2.0677360324965743
3t6qULlA3X4YSzT6AKlwwe,"Purcell: Hear My Prayer, O Lord, Z. 15",Purcell: Anthems & Sacred Songs,"[""Henry Purcell"", ""Chanticleer"", ""Capriccio Stravagante"", ""Joseph Jennings"", ""Skip Semp\u00e9""]",2003,Classical,Calm,english,2.20486003377716
0byw9oyQKnZ1fUWHfLQ9Wq,Pure,Cry,"[""Cigarettes After Sex""]",2019,Pop,Calm,english,1.71700098485995
5EYkide3NzE6gDIHvd4Pvz,Pure,Cry,"[""Cigarettes After Sex""]",2019,Pop,Calm,english,1.805943709864105
0Ji5mF7vz5OsZfzDP3fYkB,Pure Imagination,Bring Him Home,"[""Alfie Boe""]",2010,Classical,Calm,english,2.669720812635276
1oyEV81ATp3LFpOokPPyho,Purple And Gold,Purple And Gold,"[""Enam""]",2003,Folk,Calm,english,1.7832469258902075
48CYDxqO27ISzdpXmZjHdM,Put On a Happy Face,The Good Life (The Music Of Tony Bennett),"[""Monty Alexander""]",2001,Jazz,Calm,english,1.8200558246424865
0sOEPffxMGOOTwAwrHuRtx,Put Your Back N2 It,Put Your Back N 2 It,"[""Perfume Genius""]",2012,Pop,Calm,english,2.4222747441146133
1Hf41bz4arxF8qMyekRMu2,Put Your Dreams Away (For Another Day),The Columbia Years (1943-1952): The Complete Recordings,"[""Frank Sinatra""]",1993,Jazz,Calm,english,2.006465526479641
6kD1SNGPkfX9LwaGd1FG92,Put Your Dreams Away (For Another Day),Sinatra Sings His Greatest Hits,"[""Frank Sinatra""]",1997,Jazz,Calm,english,2.167930389798844
1CYlrtrCSUFoI8H2R54tui,Put Your Head on My Shoulder,Greatest Love Songs of the 50's: Nostalgic Instrumentals Featuring Sax,"[""Sam Levine""]",2013,Jazz,Calm,english,2.2351969798237583
7z1YzAyolaP8ZOwKnEQy7a,Put on Your Old Grey Bonnet,Four Boys And A Guitar,"[""The Mills Brothers""]",1995,Jazz,Calm,english,2.8656790468326494
2s3A26h0TTWyoNLTLIVR1I,Puttin' on the Ritz,Berlin: Berlin for Brass,"[""D. Sorenson"", ""Irving Berlin"", ""Chestnut Brass Company""]",2003,Jazz,Calm,english,3.4531817868501395
2I0QhH1z4csT52qifBs1Dh,Quarter Mile Thunder,Bear Catching Fish,"[""Engine Kid""]",1993,Rock,Calm,english,2.4913641694361
3vxwiMABa7CUkMi6f1jSFh,Queens Will Play,In The Future,"[""Black Mountain""]",2008,Rock,Calm,english,2.1591856140203904
1fgT9HKa7THfono8wqLWO1,Questions in a World of Blue,The Voice Of Love,"[""Julee Cruise""]",1993,Pop,Calm,english,2.1291481798039933
1wQPh3k4rfhvBHBBX6vjB6,Questions in a World of Blue,Twin Peaks: Fire Walk With Me - Soundtrack,"[""Julee Cruise""]",1992,Pop,Calm,english,2.2164363014999475
20twe9Jknnn6YudtNiq3C7,Quiet,You're The One,"[""Paul Simon""]",2000,Folk,Calm,english,2.281826194242098
2rD4V1bxYfDMHpRv6uCgq8,Quiet Moments,Quiet Moments,"[""Lycia""]",2013,Rock,Calm,english,3.966256819246448
3An0dG22XSCEVjmD9IeGN9,Quiet Vibration Land Theme VII,The Quiet Vibrationland,"[""Oranger""]",2000,Pop,Calm,english,1.9308785271603808
0RZHtHY8Ap0lTKDmOI1SlK,Quitter,Cranberry,"[""Hovvdy""]",2018,Electronic,Calm,english,2.051519355235662
6a3MjPdp8XWf9DS9tDlh4R,Race Against Time,The Joshua Tree (Super Deluxe),"[""U2""]",1987,Rock,Calm,,1.472519007194624
43N000HFpEvJN7F8UeBU9U,Racing Like A Pro,Boxer (Standard Version),"[""The National""]",2007,Rock,Calm,english,1.8792749381505909
3WoxcHOEQsgxebPLBvMOpk,Rags: The New American Musical: Blame It on the Summer Night,Rags: The New American Musical (Original Broadway Cast Recording),"[""Charles Strouse"", ""Julia Migenes"", ""Eric Stern""]",1991,Classical,Calm,english,2.4761269757562943
0wj7PNs1wbBvAnIOwnUB7x,Rags: The New American Musical: For My Mary,Rags: The New American Musical (Original Broadway Cast Recording),"[""Charles Strouse"", ""Lonny Price"", ""Michael Cone"", ""Eric Stern""]",1991,Classical,Calm,english,3.1356090810714154
7tdilSTv0kkhxldx0wdjj6,Rags: The New American Musical: Three Sunny Rooms,Rags: The New American Musical (Original Broadway Cast Recording),"[""Charles Strouse"", ""Marcia Lewis"", ""Dick Latessa"", ""Eric Stern""]",1991,Classical,Calm,english,2.270026868780886
6RZeTBrdhHrjznV3khJGbd,Rags: The New American Musical: Uptown,Rags: The New American Musical (Original Broadway Cast Recording),"[""Charles Strouse"", ""Larry Kert"", ""Julia Migenes"", ""Eric Stern""]",1991,Classical,Calm,english,2.800537940945665
13Z1Md1fYM6PYY97ikHd9l,Rags: The New American Musical: Wanting,Rags: The New American Musical (Original Broadway Cast Recording),"[""Charles Strouse"", ""Julia Migenes"", ""Terrence Mann"", ""Eric Stern""]",1991,Classical,Calm,english,2.65852223481714
1hdXja204uVcHYu46YCQ69,Railroad Bill,Railroad Bill,"[""Etta Baker""]",1999,Blues,Calm,english,2.601946501378251
1xdP3jXn5x8o0GyktjWRrn,Rain,Gold,"[""Unprocessed""]",2022,Rock,Calm,english,2.264103616963417
3oL6ztcvhyWGIxJ1xFLmwp,Rain,Weird Pop,"[""Tones On Tail""]",2011,Rock,Calm,english,1.5830688728981115
3qHVAPJF4Iu0D7h2XxK7gW,Rain,Pop,"[""Tones On Tail""]",1984,Rock,Calm,english,1.9316651148868067
0eD08vwcYmPqIq1zLWPzrw,Rain On Lens 1,Rain On Lens,"[""Smog""]",2001,Rock,Calm,english,1.0974632293542643
3qpAwSntfzAlxBcVX3lPmW,Rain On Lens 2,Rain On Lens,"[""Smog""]",2001,Rock,Calm,english,1.4747469068442312
5QWWIV8Rgf3d2J0YwjA9yn,Rain in Numbers,B-Sides and Rarities,"[""Beach House""]",2017,Pop,Calm,english,0.7102761942890949
7gEuiL9iuR6J5RtFCIvOlY,Rainbow Billy,Suitcase - Failed Experiments and Trashed Aircraft,"[""Guided By Voices""]",2000,Pop,Calm,english,1.0630297773882478
2E3quEE3yZnLsp1cbptT16,Rainbow Eyes,Long Live Rock 'n' Roll,"[""Rainbow""]",1978,Rock,Calm,english,2.5966103442519786
0SJEzDRiTPuBJdVMeKuW5D,Rainbows Too?,Plutonium Blonde,"[""The Legendary Pink Dots""]",2008,Rock,Calm,english,1.7100885551715237
7CUnjVhAdrp39nP6jjc6co,Rainlight,Fathom (Remastered),"[""Mortal""]",1993,Rock,Calm,english,1.113724152493771
5Oji2B9ujWuYYJnWp8sn1u,Rainlight Ascension,Colors Hidden Within the Gray,"[""Theodore B Tringo"", ""Autumn Tears""]",2019,Electronic,Calm,english,1.843252361355228
70whkD8yGuvGnWsGtvBfcu,Raise The Sails,Shivering King and Others,"[""Dead Meadow""]",2003,Rock,Calm,english,2.7429957789964456
1f2D9usJ72WtV9bwQgSFZS,Raise Your Voices,Earthsongs,"[""Rolf L\u00f8vland"", ""Secret Garden""]",2005,Classical,Calm,english,2.247549251728404
18rzoVbCYKsYJji8J0RSeM,Rake,A Sun Came (reissue),"[""Sufjan Stevens""]",2004,Classical,Calm,english,2.2704705795594715
4Lhbrg0lGEqnH2DihYFLaa,Rat Men,Cosmopolis (Original Motion Picture Soundtrack),"[""Howard Shore"", ""Metric""]",2012,Classical,Calm,english,3.2813165544783627
09sj8BTLbiF4hbOIJcwTgs,Rats in Ruin,Nothing as the Ideal,"[""All Them Witches""]",2020,Rock,Calm,english,2.739520969649767
4X8XYsffMXWPNEnOGm5yW2,Rats in Ruin - Live,Live On The Internet,"[""All Them Witches""]",2022,Rock,Calm,english,2.7210813959373743
4dq6BSvdKajt23jY0dQ5cV,Ravencraft,Uthuling Hyl,"[""Osi And The Jupiter""]",2017,Electronic,Calm,english,3.0094318163676395
0jY05kHxNqOn8Ezgeuv72Y,Ravers,Bay of Pigs,"[""Destroyer""]",2009,Pop,Calm,english,2.043726902281259
59S5iXwO9BxVcgCXfmt3fB,Rca (+) [Vocal Version],Alt:01,"[""Carbon Based Lifeforms"", ""Ester Nannmark""]",2016,Electronic,Calm,english,1.607865875865698
1oJw79YqkDy1nlTlSVb6hi,Reach,Lost + Directionless,"[""candle nine""]",2013,Electronic,Calm,english,3.5824845732823904
2l7WhiU5W7GR1GhnZlNcWQ,Reach,Fires Within Fires,"[""Neurosis""]",2016,Rock,Calm,english,2.579445773414645
5oadHmqznf42wpnrtvS9Q5,Reach (Demo Version),Mat Kerekes,"[""Mat Kerekes""]",2014,Rock,Calm,english,2.740628713661845
73vVCDu4wEFcGKTqG5LWya,Reach Out,Smoke & Mirrors,"[""The Eden House"", ""Evi Vine""]",2009,Rock,Calm,english,2.606767842090393
2wesgOEedw12nCN6kN5p2p,Reaching For The Moon,Holly Cole,"[""Holly Cole""]",2008,Jazz,Calm,english,2.8527815697317487
7bsVeq3K0eIvhMH6QrZ8Kn,Ready To Begin,I'll Have What She's Having,"[""The Tuna Helpers""]",2005,Pop,Calm,english,2.363016627649624
1YzkKRRxxdEeMRVCjRzkwX,Ready To Lose - Shaken-Up Version,Shaken-Up Versions,"[""The Knife""]",2014,Electronic,Calm,english,1.7345501554878828
08nrCAF5dWMmk1BVtDGgXa,Ready to Fly,Believe,"[""2002""]",2012,Folk,Calm,english,2.5445608113664235
15f1wMUssbn7QNS6ZhMWHe,Real Live Dress,Accumulation: None,"[""Smog""]",2002,Rock,Calm,english,1.9829507871718857
1nfNMyZi7O6go3BceXW0zt,Really Insane,Winning Losers,"[""Sentridoh""]",1994,Electronic,Calm,english,1.9573534590004644
2WTI4ka6dBQ4Mo2HmKIC6p,Rearview,Ghost Of David,"[""Damien Jurado""]",2000,Folk,Calm,english,2.6561696947100644
1RcKqJ28uiE8EHPfg7Mg2J,Reason to Believe,1966,"[""Karen Dalton""]",2012,Folk,Calm,english,1.307962713235999
3Tk4LuHybE4DWoad8HeKCU,Rebecca Sylvester,Upgrade & Afterlife,"[""Gastr Del Sol""]",1996,Rock,Calm,english,1.8008034257481305
4Oa1XrWr6BdI7yiQ3TroRB,Rebellion (Lies),Home Covers (2010-2014),"[""Benjamin Francis Leftwich""]",2014,Folk,Calm,english,1.4293428432622075
7HU1RzZlG56N35NNppXgvN,Rebellion (Lies),Rebellion (Lies),"[""Benjamin Francis Leftwich""]",2017,Folk,Calm,english,1.4293360784604945
7iNgG1EwAXFgRgU8p6DJm3,Receive,Neurosis & Jarboe,"[""Neurosis"", ""Jarboe""]",2003,Rock,Calm,english,1.5833984155061795
64yAr9DJi6ytto9lwMHJWj,Reckless Blues,The Collection,"[""Bessie Smith""]",1989,Blues,Calm,english,2.757230107018591
5ptKsXKOHUFucDkGjpYsmr,Red,Cast,"[""Trespassers William""]",2012,Rock,Calm,english,2.216946757716424
6SH1BKeIbeR0pwXh32qpMC,Red Apple Falls,Red Apple Falls,"[""Smog""]",1997,Rock,Calm,english,1.732156725761684
676F9KdQmvhkX7aBYUq99s,Red Apples,Red Apple Falls,"[""Smog""]",1997,Rock,Calm,english,3.383384666421069
7miWMCcAwYclRcIIsa3AMf,Red Dragon,Half Bird,"[""Deerhoof""]",2001,Rock,Calm,english,2.0089643653003675
4udEA1cMotjlH7unRgynjM,Red Hawthorn Tree,How I Devoured Apocalypse Balloon - Disc one,"[""Current 93""]",2005,Rock,Calm,english,4.794033013791274
2nt0dgBNCdttM7Y0c3muS3,Red Instead,Dreams and Daggers,"[""C\u00e9cile McLorin Salvant""]",2017,Jazz,Calm,english,2.539452675100139
6Nl4rS3Brm4wNbfReTNcEc,Red Meat,Hey Joe Opus Red Meat,"[""Otis Taylor""]",2015,Blues,Calm,english,2.125121499611144
1WBuasqJC6UP9ZCjTCiKun,Red On White,Ungod,"[""Stabbing Westward""]",1994,Rock,Calm,english,2.8540652193382354
1J1ywwdAe0YnBjz5kEJUzu,Red Rider,The Commercial Album,"[""The Residents""]",1980,Rock,Calm,english,3.168809466834837
13DmLN6GwgZqrJ10ekTgfs,Red Right Hand,Red Right Hand,"[""Laura Marling"", ""Antony Genn"", ""Martin Slattery""]",2020,Folk,Calm,english,2.2849445211359187
5R9VNFgxUVo43fqWEmrjTr,Red Right Hand,Peaky Blinders (Original Music From The TV Series),"[""PJ Harvey""]",2019,Pop,Calm,english,3.247654741542682
0E0ZAWynZx0CutIg4rb8q3,Red Right Hand - From 'Peaky Blinders' Original Soundtrack,Red Right Hand (From 'Peaky Blinders' Original Soundtrack),"[""PJ Harvey""]",2019,Pop,Calm,english,3.249247107695249
6WrFCy09pklsshgRjcztMC,Red Snow,Melancholie²,"[""ColdWorld""]",2008,Rock,Calm,english,3.606008304215589
5kNcPP6z0ZUiKRUtNRfJFb,Red Sparrow,Empty Nest,"[""Mree""]",2017,Electronic,Calm,english,2.626429673900974
5002Y9U7WKtTkdRa4c2P27,Red Velvet Wound,Soundtracks For The Blind,"[""Swans""]",2001,Rock,Calm,english,2.859386183629057
0H5bGmM67u8k0gSiWkp7Mf,Redhead Girl,Pocket Symphony,"[""Air""]",2007,Electronic,Calm,english,1.7342704831087548
67817z8vetL7AnwHRYQbqS,Redstone,Hidden Figures - Original Score,"[""Hans Zimmer"", ""Pharrell Williams"", ""Benjamin Wallfisch""]",2017,Classical,Calm,english,1.41121049496176
7LK5ntMumWRKIzFNwCheCv,Reflection No. 6,After Fillmore County,"[""Vansire""]",2020,Pop,Calm,english,1.871290730817228
63xsG8upHuZ2U4r3vBQ6lZ,Reign On,Bringing It All Back Home - Again,"[""The Brian Jonestown Massacre""]",2007,Rock,Calm,english,1.984002170485528
5LmZBPKjvG10He9heLITg6,Relatives #2,FLOTUS,"[""Lambchop""]",2016,Country,Calm,english,2.3059464161539
38Bd2XMomKpOvdLbYVN5Rz,Release,Struggle,"[""Six Feet Deep""]",1994,Rock,Calm,english,2.811184740968028
5hLhoj9jdTUNgyLZZKN25m,Released,Shepherd in a Sheepskin Vest,"[""Bill Callahan""]",2019,Country,Calm,english,0.9744070263437492
36aEXTFPQE5RLfv7jlPuNE,Remain,Veneer,"[""Jos\u00e9 Gonz\u00e1lez""]",2006,Folk,Calm,english,1.421613889716289
1MCamKVAN8QA68QYqpdCCy,Remainder the Black Dog,Grace for Drowning,"[""Steven Wilson""]",2011,Rock,Calm,english,2.089371907476758
3xdJGE7XB9VjojKf4k7ACZ,Remedios The Beautiful,The Appleseed Cast / Planes Mistaken For Stars / Race Car Riot,"[""The Appleseed Cast""]",2004,Rock,Calm,english,1.1403634712208135
3BUT32qmBXmlqp3EJkgRfp,Remember,The Lion King (Original Motion Picture Soundtrack),"[""Hans Zimmer""]",2019,Classical,Calm,english,3.528566764174004
4rrHbQYJuUTfMjFMXc2VrZ,Remember,As The Crow Flies,"[""Steve Von Till""]",2000,Rock,Calm,english,1.670181153542797
2juJp6bRZGNSMkaLxXoty3,Removed,Spoke,"[""Calexico""]",1997,Country,Calm,english,1.5779770209230723
6nAw4kbve12LBbAw0uVowR,Renaissance,The Naked Piano,"[""G""]",2004,Hip-Hop,Calm,english,1.558260252129691
0XGwVRJkbGF1kd4JYzgcny,Repetition - Edit,Repetition,"[""Max Cooper""]",2019,Electronic,Calm,english,2.510039560510179
0UHOSPD51poht77VdpxYtF,Reprise,Delicate Fade,"[""Common Children""]",1997,Rock,Calm,english,2.2124448476944507
4L82yYYKNIedsvdGBk45d5,"Requiem, K. 626: II. Kyrie",Mozart: Requiem,"[""Wolfgang Amadeus Mozart"", ""Wiener Singverein"", ""Wiener Philharmoniker"", ""Herbert von Karajan""]",1987,Classical,Calm,english,1.9637460504265205
54Z09Vg82QaZmfRptgJTCt,"Requiem, K. 626: IIIc. Rex tremendae",Mozart: Requiem,"[""Wolfgang Amadeus Mozart"", ""Wiener Singverein"", ""Wiener Philharmoniker"", ""Herbert von Karajan""]",1987,Classical,Calm,english,1.4368626284651027
4FwOP2Ao4uBFVDfo0mP2qG,Requiem aeternam dona eis Domine,Gregorian Chants for All Seasons,"[""Anonymous"", ""Vienna Hofburgkapelle Choir"", ""Josef Schabasser""]",1990,Classical,Calm,english,2.6708583227994454
2uhNv2XPgmzWNsnxQBwJsh,"Requiem, K. 626 (Ed. Beyer/Levin): IIIe. Confutatis - Live",Mozart: Requiem,"[""Wolfgang Amadeus Mozart"", ""Claudio Abbado"", ""Berliner Philharmoniker"", ""Swedish Radio Choir"", ""Kay Johannsen""]",1999,Classical,Calm,italian,2.84691677850371
1f9INE3upWBEyjwPNuBlZa,"Requiem, K. 626: Confutatis",Mozart: Requiem Realisations,"[""Wolfgang Amadeus Mozart"", ""Academy of Ancient Music"", ""Stephen Cleobury"", ""Choir of King's College, Cambridge""]",2013,Classical,Calm,italian,2.436783905793755
0T9rsp6x6zVCi5PMRclCYE,"Requiem, K. 626 (Ed. Beyer/Levin): IIIe. Confutatis - Live",Abbado A-Z: Mozart,"[""Wolfgang Amadeus Mozart"", ""Claudio Abbado"", ""Berliner Philharmoniker"", ""Swedish Radio Choir"", ""Kay Johannsen""]",2023,Classical,Calm,italian,2.84691677850371
1TRsfoxOCzeSJXHtY8KiQC,Reservations,Yankee Hotel Foxtrot,"[""Wilco""]",2003,Country,Calm,english,2.6687514476127547
41au6rf25kd4DSo9GmQ9op,Reservations,TRIP,"[""Lambchop""]",2020,Country,Calm,english,2.6202761287034013
3s4c2kG8A4KB3kjpzCDbnE,Resolution,III,"[""Nazz""]",1971,Rock,Calm,english,2.6361702619980725
41tmFF2KavPmaVGcr6weaq,Resolution,Nazz vs. Toddzila,"[""Nazz""]",2009,Rock,Calm,english,1.65922725815979
2Kxuqp3n1EMGgNqI4v9c7C,"Traditional: Responsorium ""Libera Me""",Chant - Music For The Soul,"[""Traditional"", ""Cistercian Monks of Stift Heiligenkreuz""]",2008,Pop,Calm,english,2.7245188540770706
2XIOAMSQyJSZRz4oSVVCWF,"Responsorium ""Libera Me""",Chant - Music For Paradise,"[""Traditional"", ""Cistercian Monks of Stift Heiligenkreuz""]",2008,Pop,Calm,english,2.513349667170623
5sgxxHfmmaqfddsVq9v5Ba,Rest,Sister Winter B/W Rest,"[""JOSEPH""]",2018,Folk,Calm,english,2.7779167069398123
2WXTlnTvUtCIhbM7by39JF,Rest Your Head,Our Inventions,"[""Lali Puna""]",2010,Electronic,Calm,english,1.692082678307956
2vxZwM8o0CfuOC31LCOuOj,"Resurrection (From ""Passion Of The Christ"")",The Greatest Cinema Choral Classic,"[""The City of Prague Philharmonic Orchestra"", ""James Fitzpatrick""]",2006,Classical,Calm,english,2.184729754447169
4kyHRSdvv3AIYGa5ZJzMlF,"Resurrection (From ""Passion Of The Christ"")",Epics - The History Of The World According To Hollywood,"[""The City of Prague Philharmonic Orchestra"", ""James Fitzpatrick""]",2005,Classical,Calm,english,2.184729754447169
3vtMKnsC5A2Sk8ylRxyU10,Return From The Ice,1992 - 2001,"[""Acetone""]",2017,Rock,Calm,english,1.8978558979010685
6gAuh2d7s4V2GuQo2dhUf3,Return to Hatheg-Kla,The Chthonic Chronicles,"[""Bal-Sagoth""]",2006,Rock,Calm,english,3.275626479347045
0CgPQLC958e6pAPCnMAy0G,Reverie,Serotonin II,"[""yeule""]",2019,Pop,Calm,english,1.9602994847693709
0QrVGsf16hEmn9JOKAeXrt,Rhayader Alone,The Snow Goose,"[""Camel""]",1975,Rock,Calm,english,1.4192422671072698
6HKlabb721Azk9VFIrVl4R,Riddler!,Bend Sinister,"[""The Fall""]",1986,Rock,Calm,english,2.67855290051113
4jLxvHa0g3kZV24TuUyOMB,Rider On The Wheel,Made To Love Magic,"[""Nick Drake""]",2004,Folk,Calm,english,1.1600712633812698
3AHuOietyulNuGvI8CEgdN,Riegal,The Wizard Of Is,"[""Pearls Before Swine""]",2004,Rock,Calm,english,1.945914272938535
58uyrSyoL1UticTD1i5Gva,"Rinaldo, HWV 7, Act II Scene 4: Lascia Ch'io Pianga (Let me Lament)",Ave Maria (Sacred Arias And Choruses),"[""Camerata De Budapest"", ""Ingrid Kertesi"", ""George Frideric Handel""]",1997,Classical,Calm,italian,3.350164609261903
7hGPnF7WIsHRN0UFG6p10l,Ring Me To Sleep,At Rear House,"[""Woods""]",2007,Rock,Calm,english,2.23415586206563
0pQ1dqhNwf0o9WOITTSPYI,Rinne Tú,Whisper to the Wild Water,"[""Maire Brennan""]",2000,Folk,Calm,english,1.5309963300375249
6JcKgsRe3CFQtMpJtuvwvr,Rise,Azure Ray,"[""Azure Ray""]",2001,Pop,Calm,english,1.5253872634112946
2NxX7kXCmrBlyaIgjvXlDU,Rise Above - Ambient Mix,The Ambient Mixes,"[""Kaya Project""]",2014,Electronic,Calm,english,2.206603339135923
39PKZkCgtcLQO7J4aLummv,"Rise Up, My Love",A Place Called Morning,"[""Bill Douglas""]",2001,Folk,Calm,english,2.105979859672334
70C4tDox2PxBVRDaguo0T0,Rise up,Attack on Titan (Original Motion Picture Soundtrack),"[""Shiro SAGISU""]",2015,Pop,Calm,english,2.3047269190876305
31aUD2EzfMQaClqi0pRC3U,Ritual Awakening,Blood Bitch,"[""Jenny Hval""]",2016,Pop,Calm,english,2.141015877512859
3U52bW9ucEIw2UQ50Oh0ZD,Rivendell,Fly By Night,"[""Rush""]",1975,Rock,Calm,english,2.493977227102285
5sIitf2HLrG4VDedVlL2KN,River Man,Shades of Bey,"[""Andy Bey""]",1998,Jazz,Calm,english,1.1891847377501772
2LMXOobKM3LnVFu7ziLKLe,Rivers,Skyer,"[""Postiljonen""]",2013,Pop,Calm,english,2.1927575243955784
0llNieyiRqpbrfTzlV6A1P,But Beautiful,Tri07,"[""Joe Beck"", ""Santi Dibriano"", ""Thierry Arpino""]",2007,Electronic,Calm,english,0.5242167222013916
5NSpsxGo3LrfQQ8lOc3y9h,Robin (The Hooded Man),Legend,"[""Clannad""]",1984,Folk,Calm,english,2.123024514065002
39VrEEYtyGkppo9Yt2fRd5,Rock 'n' roll Singer,This Is My Dinner,"[""Sun Kil Moon""]",2018,Rock,Calm,english,1.7171921126113092
0156mBVyNBhkjFH2G1psHE,Rock Bottom Riser,A River Ain't Too Much To Love,"[""Smog""]",2005,Rock,Calm,english,2.2247663118529104
1nCZ0TRCnOJx2gDDEuOBJN,Rock Island Rocket,Just Like Love,"[""Eric Bibb""]",2000,Blues,Calm,english,3.157763852761275
1Hdv7Zqch4YYklwFiV0X0n,Rock N Roll,Rock N Roll,"[""Ryan Adams""]",2003,Country,Calm,english,2.1494978495947112
5R3XZ1gOX4vJzj9gA9eT7Y,Rock a Bye Baby,Baby Sleep Music,"[""The Kiboomers""]",2013,Folk,Calm,english,2.498694561422933
3kMuhyYvhzU0LPiE8U64Zt,Rockin Chair,Rockin' Chair,"[""Mildred Bailey""]",2008,Jazz,Calm,english,1.9314649988072847
2zTEPnpzp5gJbT06zuT29q,Rocking Carol,A Chanticleer Christmas,"[""Chanticleer""]",2010,Classical,Calm,english,2.973770210317235
7fXSpSWwbaFd0gPdjWF2Ef,"Romanze in F Minor, Op. 5",Tchaikovsky - Scharwenka,"[""Pyotr Ilyich Tchaikovsky"", ""Joseph Moog""]",2014,Classical,Calm,english,1.6775290923029562
7sc7KsPrgdsSW4Jqy2kgdO,Rome,Good Luck,"[""Giardini di Mir\u00f2""]",2012,Rock,Calm,english,2.637352199402553
4fLkdhJQG4wOo38mZE9JF0,Romneydale,The Outside Room,"[""Weyes Blood""]",2011,Pop,Calm,english,2.408654109134134
0jMMSLYDrEHKnrT61v33Sm,Rooms,Late Night Tales Presents Sasha: Scene Delete,"[""Sasha""]",2016,Electronic,Calm,english,1.9102211862897545
4vJkgZIeyiIdaNgyc7StaC,Roots and Beginnings,The Lord of the Rings - The Return of the King - The Complete Recordings (Limited Edition),"[""Howard Shore""]",2003,Classical,Calm,english,2.3016175194831154
0ye509V7NJahQXEvKoB7kH,Rosalie,The Twilight Saga: Eclipse The Score,"[""Howard Shore""]",2010,Classical,Calm,english,2.5537790853751483
6TOPkUucvboQOcAm6uAX3U,Rose,The Ballad Of Mott: A Retrospective,"[""Mott The Hoople""]",1972,Rock,Calm,english,1.7651523892402623
2qV5Ce0sMlFsrseRO5CTMU,Roseblood,Among My Swan,"[""Mazzy Star""]",1996,Rock,Calm,english,2.136204041372035
3N3w5gL6yygktzLSYOZ4sQ,Rose Hip November,Just Another Diamond Day,"[""Vashti Bunyan""]",1970,Folk,Calm,english,0.9656628450196162
19i4AK3PLbLGHxVALzpMNo,Rose of Sharon,Le Foret,"[""Xiu Xiu""]",2005,Pop,Calm,english,2.2573249277502243
6iGxLh9PwVOFE3788OicMM,Rotten Seed,Yonkers Death,"[""Malignancy""]",2007,Rock,Calm,english,3.67575385098791
5ncsgy4JwTGgZz5Zba8Qx3,Round the Bend,Blue River,"[""Eric Andersen""]",1972,Folk,Calm,english,1.9377648289163472
74aypsOZe1Z6EXaOYiGP46,"Rowdy Heart, Broken Wing",Souvenir,"[""Drew Holcomb & The Neighbors""]",2017,Folk,Calm,english,1.733983230267423
0n0y6q6yAqmKplxVKZ4Y9y,Royal Garden Blues,1917-36,"[""Original Dixieland Jazz Band""]",1992,Jazz,Calm,english,3.1080085071686616
17WuJKTCr6J3kqmanZe1W2,"Ruby, My Dear",Thelonious Monk's Greatest Hits,"[""Thelonious Monk""]",1997,Jazz,Calm,english,2.190553032748568
4lC0EOhYG0hNl0PqiuMybh,"Ruby, My Dear",The Essential Thelonious Monk,"[""Thelonious Monk""]",2003,Jazz,Calm,english,2.340418904183506
7u13uJHSBwCJ4WRo7e8iQl,"Ruby, My Dear",Ken Burns Jazz-Thelonious Monk,"[""Thelonious Monk""]",2000,Jazz,Calm,english,1.9151697001274783
3SMEWFndd7aYDsrKYKtFeN,"Ruby, My Dear - Take 1",The Columbia Years,"[""Thelonious Monk""]",2004,Jazz,Calm,english,2.3269655709811845
6FIxVFoNy1nJcTsGveqRX8,"Ruby, My Dear - Take 1",The Complete Columbia Studio Solo Recordings of Thelonious Monk: 1962-1968,"[""Thelonious Monk""]",1998,Jazz,Calm,english,2.16587720334742
5Zm5oxx8yyLKOAJf1knPmR,Ruled by Secrecy,Absolution,"[""Muse""]",2004,Rock,Calm,english,1.8362661577829595
2ji6954j5ak9EZ2KUNhuck,Run,Ludovico Einaudi: Portrait (Deluxe Edition),"[""Ang\u00e8le Dubeau"", ""La Piet\u00e0""]",2015,Classical,Calm,english,3.477209772068396
5hlUvgpxI4dEAjHykv7XuL,"Run Along, Son",Husbands,"[""Husbands""]",2013,Pop,Calm,english,1.950871158035524
75fB8YzJxfgEMN0D2aWk5X,Run for a Fall - Orchestral Version,The Phantom Agony (Expanded Edition),"[""Epica""]",2003,Rock,Calm,english,1.8378032354780047
4gkP8wN1K1EBPlHNyGPzkW,Run with the Devil,There's a Time,"[""Doug MacLeod""]",2013,Blues,Calm,english,3.428484214626601
399uWa4Km0lD0eTyqxtPvZ,Runnin' The Round Ball,Danse Manatee,"[""Animal Collective""]",2001,Rock,Calm,english,3.107147648843022
3niWNKxBJAM4wf2ipGFcac,Running On Fumes,Diamond Mine Jubilee Edition,"[""King Creosote"", ""Jon Hopkins""]",2012,Electronic,Calm,english,2.0127364612125462
7gAYF4ZPFjKYEIeFo9SvMI,Running To Stand Still - Daniel Lanois Remix,The Joshua Tree (Super Deluxe),"[""U2"", ""Daniel Lanois""]",1987,Rock,Calm,english,1.1964174991559626
6Zor9wcVrgazakMKZqZhAz,Rutter: What Sweeter Music,Christmas At King's,"[""John Rutter"", ""Choir of King's College, Cambridge"", ""Stephen Cleobury"", ""Robert Quinney"", ""City of London Sinfonia""]",2008,Classical,Calm,english,2.593775358500548
4mAWIeaVmynT3NMqkpEX4h,Rutti,Pygmalion,"[""Slowdive""]",1996,Rock,Calm,english,1.2169792692052046
4be8Su20JwkyQbL9f0PMQZ,Ry Cooder,Gold Record,"[""Bill Callahan""]",2020,Country,Calm,english,2.1180182747041587
3FhVVuIRl9yFpCAapARd9t,S'Wonderful,20,"[""Harry Connick, Jr.""]",1988,Jazz,Calm,english,2.029883748546929
4uRtjMdxkmW8WGrdccVxtZ,SEXLESS // NO SEX,AGNUS DEI,"[""Lingua Ignota""]",2021,Electronic,Calm,english,2.678771746127342
36ImLZWNbfSrDwxrnJu5MW,SORROW! SORROW! SORROW!,CALIGULA,"[""Lingua Ignota""]",2019,Electronic,Calm,english,2.5621508704182645
6l3vGaYNt1src6WSHzmvNI,SPIRAL,ONYX,"[""JACKIE EXTREME""]",2023,Electronic,Calm,english,3.194392355211873
5GRpj145eTcQRhH1aZPrg5,Sabbath Prayer,Fiddler On The Roof (Original Motion Picture Soundtrack),"[""John Williams"", ""Chaim Topol"", ""Norma Crane"", ""\""Fiddler On The Roof\u201d Motion Picture Chorus"", ""\""Fiddler On The Roof\u201d Motion Picture Orchestra"", ""Isaac Stern""]",1971,Classical,Calm,english,2.948135014366411
75XGz4ZeNIzetvjxcMn3EJ,Sabrina,Silence Is Sexy,"[""Einst\u00fcrzende Neubauten""]",2000,Rock,Calm,english,2.534350967733212
5IJ1XPg1t3IAfhxfLRSuA9,Sacred Play Secret Place,Laideronnette,"[""matryoshka""]",2012,Rock,Calm,english,2.9672712002942747
6Pb45oK9VvcMA2R3EujkAm,Sacrifice,Sadismo,"[""Power From Hell""]",2007,Rock,Calm,english,3.3650506159297584
6sElj550t0WSGLI8JDOvQw,Sacrifice,Return To The Sabbat,"[""Black Widow""]",2007,Rock,Calm,english,2.389729096869691
0yap7CqmqgPTkH5vlrseEk,Sad Theme For A Marriage,Filthy Notes for frozen Hearts,"[""Lacrimas Profundere""]",2006,Rock,Calm,english,1.5749284883756296
7JWJVUW905nJEvpXPgVbLO,Safe Harbour,Heroes Are Hard to Find,"[""Fleetwood Mac""]",1974,Rock,Calm,english,1.3190912354233069
64Y2HJHwvmOFymNSOA022J,Safe Tomorrow,Our Inventions,"[""Lali Puna""]",2010,Electronic,Calm,english,2.0353239304434254
4xV2mE4rbiE2jVpEoynhFu,Sailing,Halcyon Digest,"[""Deerhunter""]",2010,Rock,Calm,english,1.699648389592392
4vloWZDZSEPzQI8s9qtZoy,Saint Nothing,Silent Hour / Golden Mile,"[""Daniel Rossen""]",2012,Classical,Calm,english,1.765920107366719
28kn9HcjJGTXooh0muAocX,Saivon Kimallus,Saivo,"[""Tenhi""]",2011,Electronic,Calm,english,1.3136042179667056
0cWSquIusPs7EB1bjUoqnX,Sally In the Garden,Coal,"[""Kathy Mattea""]",2008,Country,Calm,english,3.517034277799757
1Mo4NVOKxnvo8DV2v2ssbR,Salt Bridge,A Day of Nights,"[""Battle Of Mice""]",2006,Rock,Calm,english,3.280431234184678
5WiLBYNNfqYxoyN9whs1Nf,Salt Paradise,False Light,"[""White Ward""]",2022,Rock,Calm,english,1.7787484328743663
5YuEURgZBOYen79ebjJ3aq,Saltwater,Beach House,"[""Beach House""]",2006,Pop,Calm,english,2.5161255206229005
0iP4y58DxY9hVZt1CC7uPC,Salvador Sanchez,Little Drummer Boy - Live,"[""Mark Kozelek""]",2006,Rock,Calm,english,1.6911892286823655
2KqsPDFaSPguTtQMjvWBXJ,Salvia Path,A Perfect Dream,"[""Sarah Fimm""]",2002,Electronic,Calm,english,3.7112538931276737
57rTItTuYCRDz8o1N7sRcI,Sam Wong Hotel,Admiral Fell Promises,"[""Sun Kil Moon""]",2010,Rock,Calm,english,1.1954176272089885
6Cgtv0UIHs5A7SguLVgCjm,Sam's Gone,I Am Legend (Original Motion Picture Soundtrack),"[""James Newton Howard""]",2008,Classical,Calm,english,1.615133714584508
3lJr6nekngOe4H1nGgSXlO,Same But Different,Lookaftering,"[""Vashti Bunyan""]",2005,Folk,Calm,english,0.9572187108698372
3pVUarZBV2srPm2WXA2BNB,Samurai Sword,"The Glow, Pt. 2","[""The Microphones""]",2001,Folk,Calm,english,3.433978909140743
6Xc5HQrlHmb2IwG5PIWXtA,San Antonio Rose,The Home Recordings,"[""Elvis Presley""]",1999,Rock,Calm,english,1.9256694237679504
2LsVCSP05P2uRUg2LsCoT7,Sanctus,ANÚNA,"[""Michael McGlynn"", ""An\u00fana""]",2005,Folk,Calm,english,1.151227350009718
4ONK7wKLdOepKa6fXMA4dw,Sandcastle,Reigne,"[""Regine Velasquez""]",2001,Pop,Calm,english,2.7550774554844057
5N7brBXIg607Dwm7uU1A6q,Sandman's Coming,Colfax,"[""The Delines""]",2014,Country,Calm,english,2.0648676338819945
2YEjGl4lTKts9To4B6HFrZ,Sans Day carol,Rutter: A Double Celebration,"[""John Rutter"", ""Traditional"", ""The Cambridge Singers"", ""City of London Sinfonia""]",2014,Classical,Calm,english,2.541207926854163
7pWlCtsnD701PBtAGUqU4Y,Sans Land,Ancient Transition,"[""Beta Radio""]",2018,Folk,Calm,english,1.492841725070059
58LPo4oa4Gl3NeOSsg9od5,Santa Claus Is Comin' to Town,Christmas At The Pops,"[""J. Fred Coots"", ""Haven Gillespie"", ""Jack Mason"", ""Arthur Fiedler"", ""Boston Pops Orchestra""]",1995,Classical,Calm,english,2.0078955669741902
2UiDFCZoQCO6x9XfMVcmzJ,Sarah,Pure Guava,"[""Ween""]",1992,Rock,Calm,english,1.2299222669875287
2jrBJyZyxUWL3NHN5zlMNX,Sarah,Pure Guava,"[""Ween""]",1992,Rock,Calm,english,1.103164132233492
4z1lwGayVN5e6wQNeloWdo,Satan,You Won't Remember Dying,"[""Bulbous Creation""]",2014,Rock,Calm,english,2.588005185438711
2fhnFTTtQAVOiTKHMSWy7Q,Satellite,Music To Draw To: Satellite,"[""Kid Koala"", ""Emil\u00edana Torrini""]",2017,Electronic,Calm,english,2.012845959753982
4Hw7vCYSeWXCltYCwbSOJ3,Saturn Song,B-Sides and Rarities,"[""Beach House""]",2017,Pop,Calm,english,2.6069503345053024
6Pkx6ynTJ3saak01FFFoqb,Satyriasis,Nymphetamine Special Edition,"[""Cradle Of Filth""]",2004,Rock,Calm,english,5.3553457668205935
7c6k2mKxobZvi09JVLRZBP,Saudade,Wistful,"[""Sylvaine""]",2016,Rock,Calm,english,2.66278166864506
441icCbex8jyIQoMP7XCQ0,Sauna,Sauna,"[""Mount Eerie""]",2015,Folk,Calm,english,3.053298068860381
0p5zkwnw5vVgx4O4vq4yfe,Save Our Love,Angels of Love,"[""Yngwie Malmsteen""]",2009,Rock,Calm,english,2.0957317818919075
4YugkcM2cvPKcuMoQgiOla,Saviour,The Turn of the Tides,"[""Empyrium""]",2014,Rock,Calm,english,2.665785544401805
1bp62uAn4ETZHpMaY7W7Un,Saw a Light,Longwave,"[""Bonny Doon""]",2018,Rock,Calm,english,1.550195912523697
0KPVOW1SAbaHZWaSzaJf5J,Say My Name,Late Night Tales: Ólafur Arnalds,"[""\u00d3lafur Arnalds"", ""Arn\u00f3r Dan""]",2016,Classical,Calm,english,1.7209414592746757
5KBYbAdaH7mYxqMGdcYTe2,Say Something,Shadows and Wings,"[""Stellenbosch University Choir""]",2017,Classical,Calm,english,2.972411202497115
5N9aJzWu56RVMfJ7wl4gBm,Say Yes! to M!ch!gan!,Michigan,"[""Sufjan Stevens""]",2003,Classical,Calm,english,2.5496282953736107
2cNXjjhPkmkuLkPzY5Ly4r,Scarborough Fair,Masters of Chant,"[""Gregorian""]",2000,Classical,Calm,english,1.841237289724107
4YOf5thTFDEm6rmNIk9kU7,Scarlet,The Trident,"[""Unearthly Trance""]",2006,Rock,Calm,english,3.596993573007902
08WsDn3bTdWYTE821ZzQj0,"Scenes from the Saga of King Olaf, Op. 30: As Torrents in Summer",Elgar: Part-Songs,"[""Edward Elgar"", ""Cambridge University Chamber Choir"", ""Christopher Robinson""]",2008,Classical,Calm,english,2.9363804832140867
5b8MdTZEx36JxKwJzzz5Xa,Schism,VSQ Performs Tool: Third Eye Open,"[""Vitamin String Quartet""]",2001,Classical,Calm,english,1.4559063765626423
396OugCa8cSw0GNc8wwdhn,Scorn Not His Simplicity,A Celtic Tapestry,"[""Phil Coulter""]",2005,Folk,Calm,english,1.0106222719639013
5NfNavayhlBgnWX2h8tN2I,Scorn Not His Simplicity,Classic Tranquility,"[""Phil Coulter""]",2005,Folk,Calm,english,0.8994775593977531
0KsQfPkp1A5Ubtnp0TYH8v,Scream,My War,"[""Black Flag""]",1984,Rock,Calm,english,1.00458604053441
2PHKFIjIuYnxHvyAbU8Szz,Screamin' And Hollerin' The Blues,"Complete Recordings, CD A","[""Charley Patton""]",2002,Blues,Calm,english,1.6557618523231958
6i6iaaFkuDUzjX8WtB0nnC,"Screen Love, Space, And The Time Man",Handwriting,"[""Khonnor""]",2004,Electronic,Calm,english,2.168069625662485
73Tl9gM1BeVA1IHvGubOmI,Sea Creatures,You Stay by the Sea (Deluxe),"[""Axel Fl\u00f3vent""]",2022,Folk,Calm,english,1.831662714733096
2EgQvpTKR9VhX0QDprYq4W,Sea Fever,"Ireland: 5 Poems / We'Ll To the Woods No More / Sea Fever / Santa Chiara (English Song, Vol. 18)","[""John Ireland"", ""Roderick Williams"", ""Iain Burnside""]",2008,Classical,Calm,english,2.2941229750638947
5DG2T5cFyEkkd7wRJqP8OX,Seafaring Song,Sunday at Devil Dirt,"[""Isobel Campbell"", ""Mark Lanegan""]",2008,Rock,Calm,english,1.1184221711397215
74lbnmGaqoeYOJtX9bqD1a,Seagull,Dream River,"[""Bill Callahan""]",2013,Country,Calm,english,1.6177684574320956
7f7wmtyk0rMLMsurQMySfL,Seagull And Eagull,The Spectrum Between,"[""David Grubbs""]",2000,Rock,Calm,english,1.8005866014452188
4fvTzqQdypqjwIolr8K91M,Searching,Ghost Gardens,"[""Elliott BROOD""]",2017,Country,Calm,english,2.7088239366611018
40RAsnNCqqkxkGGXuEnHlz,Searching for R. Olmstead (Introduction),EOD: A Tale of Dark Legacy,"[""The Great Old Ones""]",2017,Rock,Calm,english,2.9712878077625127
4ZfkGemOyXVExMzHGJGDUw,Searching for R. Olmstead (Introduction),EOD: A Tale of Dark Legacy (Deluxe Edition),"[""The Great Old Ones""]",2017,Rock,Calm,english,2.9712878077625127
0qlzsn6MPfIKDGFi5jYn2o,Season Man,The Shine,"[""Tony Joe White""]",2010,Blues,Calm,english,2.513158536855089
1XPrS97e8q6gDsGgNfmdnq,"Season Suite: Late Winter, Early Spring (When Everybody Goes to Mexico)",Rocky Mountain High,"[""John Denver""]",1972,Folk,Calm,english,1.7768288559057497
7sOXfngH60pznc85INgTj0,Seasoned Greetings,Meet The Residents,"[""The Residents""]",1974,Rock,Calm,english,3.5570416695042195
1mITvds7JRzV7WJhsnGGpn,Second Chapter,The Cross Of Changes,"[""Enigma""]",1993,Classical,Calm,english,2.7621070892428565
2MclMVjXp7IZHFixPcRHCd,Second Coming,Dark Metal,"[""Bethlehem""]",2014,Rock,Calm,english,3.504490905935825
07K1WkSQ5DnXTueDJfGlyW,Second Journey,Wind River (Original Motion Picture Soundtrack),"[""Nick Cave & Warren Ellis""]",2017,Classical,Calm,english,2.323035793491393
4lRrQ36d9z8O0u7txwYgDI,Secret Place,20th Century Blues,"[""Robin Trower""]",2010,Blues,Calm,english,1.495398292204561
3raQek5fsZzcCD1WIzlx5x,Secrets,"More Music From The Motion Picture ""Gladiator""","[""Klaus Badelt"", ""Lisa Gerrard"", ""Gavin Greenaway"", ""The Lyndhurst Orchestra"", ""Hans Zimmer""]",2001,Classical,Calm,english,2.367801121919525
7tbXSRxNuUUMz7rPlRLWCV,Secrets,Gladiator: 20th Anniversary Edition,"[""Klaus Badelt"", ""Lisa Gerrard"", ""Gavin Greenaway"", ""The Lyndhurst Orchestra"", ""Hans Zimmer""]",2020,Classical,Calm,english,2.302503387293939
5At4JXNbsbGcmPoH67fULT,"Secrets - From ""Gladiator"" Soundtrack",Hans Zimmer: Epic Scores,"[""Gavin Greenaway"", ""The Lyndhurst Orchestra"", ""Hans Zimmer""]",2022,Classical,Calm,english,2.302503387293939
3PxHB7prYINOcYuIpvEcxF,See Amid The Winter Snow,Christmas With Julie Andrews,"[""Julie Andrews""]",1982,Classical,Calm,english,2.905085558958797
53NjDgQr7c0LECahb4RnSV,See Amid the Winter's Snow,Carols From Cambridge: The Very Best Sacred Christmas Carols,"[""Choir of King's College, Cambridge"", ""Sir David Willcocks""]",2013,Classical,Calm,english,2.147297274705904
0YwNW5leIxcG5QpwLlatXl,See Me,Dawn,"[""Mount Eerie""]",2008,Folk,Calm,english,2.359416654916916
17DWtdZM1N6sYHXsEdUXnW,See You Next Week,Attention Please,"[""Boris""]",2011,Rock,Calm,english,2.342761784286828
30yXR2cUoiJvgFLlkj4mZe,"See, I Am Near",Mane nobiscum,"[""Taiz\u00e9""]",2010,Classical,Calm,english,3.189879002625457
00QNQicWMCTz24SR63M89B,Seeing Hands - Sleepwalking Version,Dengue Fever Presents: Sleepwalking Through the Mekong,"[""Dengue Fever""]",2009,Jazz,Calm,english,1.5115424723194235
3W8SohFenMQwlAyGv8E2nF,Seek Ye First,The Kids Praise Album,"[""Psalty"", ""Ernie Rettino""]",2014,Folk,Calm,english,2.001892075693953
6Ne19X1Cao4CCNlLrsMh7m,Sekunden,Sekunden,"[""Swod""]",2007,Electronic,Calm,english,1.6472984692183898
0QHtJwLYTK5PLy6DEfTx9g,Self Portrait of A New Yorker,Silk Noise Reflex,"[""James Tillman""]",2016,Jazz,Calm,english,1.549990292840432
4hbqTCFQ0REWJkEAFMPGNT,Self Portrait of a New Yorker,Silk Noise Reflex,"[""James Tillman""]",2016,Jazz,Calm,english,1.719594092161778
0BY74JdhrLUr8cnLfhFHoK,Sempreverde,Otto Spooky,"[""Momus""]",2005,Classical,Calm,english,1.0540336835285529
0ZAqsxGlbYkIqbDQND4NTw,Send Forth Thy Spirit #1009,"Hymns of the Church, Vol. 1","[""Oasis Chorale""]",2014,Classical,Calm,english,2.604815935314051
1uZT5glPfbCW3trQ295oCS,Send In The Clowns,Centre Stage,"[""Michael Ball""]",2001,Classical,Calm,english,2.4076780688645147
1vJPjQ69HdArWEQz5KHCBS,Send In The Clowns,Lost Verses Live,"[""Mark Kozelek""]",2009,Rock,Calm,english,2.512654406731337
4Le0NVbXXqQbHzpaABq1zv,Send In The Clowns,Goodbye,"[""Bobo Stenson"", ""Anders Jormin"", ""Paul Motian""]",2005,Jazz,Calm,english,1.0350360237392258
58H13DHmQwpvpX5Jqe7hxq,"Send In The Clowns (from ""A Little Night Music"")",Feelings,"[""Roger Whittaker""]",1994,Pop,Calm,english,2.8332597145407106
70CSaWc1gEy0xURVLpudzR,Send In The Clowns (from A Little Night Music),The Party's Over: Broadway Sings the Blues,"[""Glynis Johns"", ""Harold Hastings""]",1993,Classical,Calm,english,3.1796537475396263
0aMBJsMtNUl5Ow5XZ77vZr,Send In The Clowns - From ‘A Little Night Music’,Ol' Blue Eyes Is Back,"[""Frank Sinatra""]",1973,Jazz,Calm,english,2.683054764715208
0DkakeeVVUhg8Aa1kFA1Gf,Send in the Clowns,Mandy Patinkin Sings Sondheim,"[""Mandy Patinkin""]",2002,Classical,Calm,english,2.545793176020306
2AAD8a69nlgRWD3V2gB12G,Send in the Clowns,Classical Crossover 101,"[""Bryn Terfel""]",2015,Classical,Calm,english,2.480081747781715
3Sd5eBByIJatNp4YTrDyJ4,Send in the Clowns,Stages,"[""Elaine Paige""]",1983,Classical,Calm,english,2.794735120938161
4AZbSi2jG1ozNzmI6tcJdX,Send in the Clowns,Ultimate Broadway,"[""Judy Collins""]",1998,Folk,Calm,english,2.864439640632986
7v08mcZup71U9E6xm5Hk0k,Send in the Clowns,This One's for Tedi,"[""Johnny Hartman""]",1989,Jazz,Calm,english,3.0222839505508805
4NPyFqRoaftXQ6gk0X1hEf,Send in the Clowns (A Little Night Music),Songs From The Shows,"[""Treorchy Male Voice Choir""]",1990,Classical,Calm,english,2.830322763445648
6OxubR1H6gRz3VzYt37Sex,Send the Pain Below,Send the Pain Below,"[""Midwife""]",2022,Rock,Calm,english,2.3239121865327816
233sHWbC7v5XM9dYZnaUHx,Seneca,Birthplace,"[""Novo Amor""]",2018,Electronic,Calm,english,2.4798283131536296
5ZbsRAI0L22x5wV9sjvT1m,Seneca,Banga,"[""Patti Smith""]",2012,Rock,Calm,english,1.3697229435336304
2ESQbjaL6AMvf6S1eR9S9c,Sentence,"Low Level Owl, Vol. 1 + 2","[""The Appleseed Cast""]",2011,Rock,Calm,english,2.474506947793147
3LDVvTUhyo7vFbqkzMLyVS,Sentence,Low Level Owl: Volume 1,"[""The Appleseed Cast""]",2001,Rock,Calm,english,2.474506947793147
5pQNsm5hmOUVwgRtDGijyi,Sentimental,Fear of a Blank Planet,"[""Porcupine Tree""]",2007,Rock,Calm,english,2.6551554288008665
1bnEw1xzEc5f05KdbU9M7r,September Come Take This Heart Away,Songs About Leaving,"[""Carissa's Wierd""]",2010,Rock,Calm,english,2.340699756802705
0GFXSF7qoXqBm0RQdPoBYV,September Song,James Street,"[""Jimmy Ponder"", ""John Hicks""]",1997,Jazz,Calm,english,2.1601711283255782
2TF94a1wCeoGuf7Gfoc1zz,September Song,Indian Summer,"[""Dave Brubeck""]",2007,Jazz,Calm,english,1.907126290989364
3jeqeE91AY5KDbccCBZ1o1,September Song,Riverside Profiles: Chet Baker,"[""Chet Baker""]",2006,Jazz,Calm,english,0.6438770517592567
46UvGDyEjvkBAbTMMZgsGv,September Song,Les Années Bechet,"[""Sidney Bechet""]",1997,Jazz,Calm,english,4.5125681476065616
4ypHxGfWC5pAitabStEuma,September Song,Dear Mr. Cole,"[""The John Pizzarelli Trio""]",1995,Jazz,Calm,english,1.923004060923663
5pSJxgLHPwxLqUl7yhU968,September Song,The Indispensible Django Reinhardt (1949-1950),"[""Django Reinhardt"", ""Quintette du Hot Club de France""]",1979,Jazz,Calm,english,1.0865573276528442
63bO0K4FcmFbLiSygjhCsm,September Song,Dancing In The Dark,"[""Carmen Cavallaro""]",2011,Jazz,Calm,english,2.2346384639171983
1zc7zMoMpgTrQsxxLhhRM5,Serenade,The Student Prince,"[""Mario Lanza""]",2009,Classical,Calm,english,2.580252620652323
4JHahK9GjyceHjI0JrtqTw,Serenade In Blue,Phil Woods & Tom Harrell,"[""Phil Woods""]",2006,Jazz,Calm,english,1.2112737196570904
29aSs1SRhtvuvKfXx9QfVq,"Serenade for Strings, Op. 22, B. 52: I. Moderato","Dvorak, A.: Slavonic Dances, Op. 72 / Serenade in E Major","[""Anton\u00edn Dvo\u0159\u00e1k"", ""Berlin Chamber Orchestra"", ""Peter Wohlert""]",2000,Classical,Calm,english,2.0906226474695697
277DNa8rPc1GK4pEDsYHx7,Serenade in Blue,Don't Bother,"[""Stan Getz""]",2021,Jazz,Calm,english,1.998468991571412
1z5B8rltwS3zuEjGHx8H2x,Serene Dreams I. Mother,Refjorged,"[""Autumn Orange""]",2020,Electronic,Calm,english,2.1035490491355664
106Uop2gW5ruIR2SCZEDBo,Set The Controls For The Heat Of The Sun,Pink Box: Songs Of Pink Floyd,"[""Psychic TV""]",2007,Rock,Calm,english,1.9464393918495964
5D2SBxAj4JrdYVpkHb2on9,Set Theory,World Of Sleepers (2015 Remaster),"[""Carbon Based Lifeforms""]",2006,Electronic,Calm,english,3.1561095699144297
5pmNCaxzcpq1dvLNCyXx79,Set Theory,World of Sleepers,"[""Carbon Based Lifeforms""]",2006,Electronic,Calm,english,3.1561095699144297
02lP5ANdHyw8MHF5SVqfA2,Set the Controls for the Heart of the Sun,Echoes: The Best of Pink Floyd,"[""Pink Floyd""]",2001,Rock,Calm,english,1.572635514795888
4Tqh64RpzID1KwR2xea7Ce,Setting Sail (feat. Raya Yarbrough),"Outlander: Season 1, Vol. 2 (Original Television Soundtrack)","[""Bear McCreary"", ""Raya Yarbrough""]",2015,Folk,Calm,english,2.584361843069294
7F0qiiKDNjRNIe4fx7immH,Setting Sail (feat. Raya Yarbrough),"Outlander: Season 1, Vol. 2 (Original Television Soundtrack)","[""Bear McCreary"", ""Raya Yarbrough""]",2015,Folk,Calm,english,2.584361843069294
0eQimQRU6Z0akhLaui3638,Seven Priests,From the Graveyard,"[""1782""]",2021,Rock,Calm,english,2.124281756761772
3eKJ3yV7iAsb6PTvsniPF3,Seven Seas Of Rhye,Queen,"[""Queen""]",1973,Rock,Calm,english,2.1858662301404133
3x6Nn1pAbjTQqbIIlGLJOh,Seven Seas Of Rhye - Remastered 2011,Queen (Deluxe Remastered Version),"[""Queen""]",1973,Rock,Calm,english,1.802882112083387
6Si9ImvDVWAgjX3pfsldGM,Seven Seas Of Rhye - Remastered 2011,Queen (2011 Remaster),"[""Queen""]",1973,Rock,Calm,english,2.3910662891279366
0GtZMqEzi0FkwyvV3Jb3yE,Seventh Heaven,The Enigma IV,"[""Shinnobu""]",2017,Classical,Calm,english,1.55221136915187
247TWSpU0wdbqo73yCOOVF,Seventh Light,Seven Lights (A Mystical Experience),"[""Shinnobu""]",2020,Classical,Calm,english,2.304862248280497
6BiU2LB8Ikxz4ira5UBENS,Severed into Shreds,The Past is Alive (The Early Misschief),"[""Dissection""]",1997,Rock,Calm,english,3.613514451947129
57PjjVRy1rPsfMM2UX8wPD,Shades,Memory Loves You,"[""Sophie Zelmani""]",2007,Pop,Calm,english,1.65543187119904
3OvvuM7E8IckrtLztqrIBb,Shades Of Grey,Midnight Blue,"[""Jimmy Bruno""]",2001,Jazz,Calm,english,1.948980287366035
2PywzNDHWgLrCk7hC1swe4,"Shades Of Grey - From ""Fifty Shades Of Grey"" Score",Fifty Shades Of Grey (Original Motion Picture Score),"[""Danny Elfman""]",2015,Classical,Calm,english,1.627380576361401
3FAHykKPY91u0ulTt8ydfR,Shadow,Given to the Rising,"[""Neurosis""]",2007,Rock,Calm,english,2.199082931749313
3jXqv6BzECygt2I2Hsn0h8,Shadow (End Credits Instrumental),Shadow (12 Inch Mixes),"[""Chromatics""]",2018,Pop,Calm,english,3.189620046298413
1fwLuGwKH8qDck6MpTmr9d,Shadow (End Credits),Shadow (12 Inch Mixes),"[""Chromatics""]",2018,Pop,Calm,english,2.9905445299742945
2XbqFHhgvLuepcGUz3Ht1W,Shadow of the Mountain,Tahoma,"[""Alda""]",2012,Rock,Calm,english,2.23171656891209
1joODkq2XrjH7y3SPJ8alj,Shadows,Just a Burn,"[""Nightstalker""]",2004,Rock,Calm,english,3.044277395684082
4MDcn1hsmxnddN0GmwyRXu,Shadows Of Salford,Some Cities,"[""Doves""]",2005,Pop,Calm,english,1.3583184455772797
0ePr30QQr2XwYhku9Hz9BJ,Shadows On Parade,Beasts Of Seasons,"[""Laura Gibson""]",2008,Electronic,Calm,english,2.038664813717123
4ILRx0Pma1dkRqpco6E7nN,Shadows in Stone,As The Crow Flies,"[""Steve Von Till""]",2000,Rock,Calm,english,1.3081617734459745
3rBXjvuBmYLjowwRVWQyUl,Shadows of Planes,Capsule Losing Contact,"[""Duster""]",2019,Rock,Calm,english,1.9166876457581683
6wnDanzj3rUDoG11AF2UlP,"Shake, Rattle and Roll - Live",A Boy From Tupelo: The Complete 1953-1955 Recordings,"[""Elvis Presley""]",2017,Rock,Calm,english,3.7958748998549736
0IENxY9QXLXgW2w30EeP5G,Shaker,1992 - 2001,"[""Acetone""]",2017,Rock,Calm,english,1.4071910956431428
6xOZqX87Cg7886adIkomj5,Shaking Hands,"Low Level Owl, Vol. 1 + 2","[""The Appleseed Cast""]",2011,Rock,Calm,english,2.359163926175618
7qSdl3zAiPaTgpiVrcX0Q9,Shaking Hands,"Low Level Owl, Vol. 2","[""The Appleseed Cast""]",2001,Rock,Calm,english,2.2121866201923823
79nog14Jteq5se6hVULICd,Shall I?,Prayers of St. Brendan: The Journey Home,"[""Jeff Johnson""]",1998,Folk,Calm,english,2.176078625323003
6Gj2iNBAzz5RdrnG7W9xOy,Shallow in Youth,Cast From The Platform,"[""Auburn Lull""]",2004,Rock,Calm,english,3.341502141670588
3g2711X7Uu3m6dJP3fUU6X,Shalom Chaverim,Winter (The Best Nine Months of the Year),"[""Traditional"", ""Portland Cello Project""]",2013,Pop,Calm,english,2.2331591492816667
7jUiMNjJI5B9WbZHTy8rX3,Shambhala,Beat Cafe,"[""Donovan""]",2004,Folk,Calm,english,1.952710480302554
1U9LU4dotFaYIUAdihFmEC,Shaping a Fragile Utopia,The Origin of Sleep,"[""Autumn Tears""]",2018,Electronic,Calm,english,2.6310411437034595
0qhxI79cYTDPUlSnZGBwAl,She,Epic Chants,"[""Gregorian""]",2012,Classical,Calm,english,2.124835633296924
5W6BA8Wa8JZGKdliH2gkwO,She Likes Another Boy,She Likes Another Boy + Talk 2 U,"[""Oscar Lang""]",2017,Pop,Calm,english,2.747274628557459
1mWZRInmyxddfpNVwnWZSR,She Moved Through The Fair,Ascent,"[""Traditional"", ""Tyler Rix"", ""Tolga Kashif""]",2008,Pop,Calm,english,2.6441331776510286
3wVAOecOHPB8mffJUHCgXb,She Moved Through the Fair,Celtic Fairy Dream,"[""2002""]",2020,Folk,Calm,english,2.6955898296115604
67ZO3tvIAADM6QYF5eHS7N,She Moved Through the Fair,Spirit Voices,"[""The King's Singers""]",1997,Classical,Calm,english,2.752600092007345
6nem9leNvTN6g1UXMK2XEc,She Moved Through the Fair,Celtic Devotion,"[""Oliver Schroer""]",2013,Folk,Calm,english,2.6343708295828536
0UyEX00PgplVsCcqtl1Rna,She Only Lies,Montage Of Heck: The Home Recordings (Deluxe Soundtrack),"[""Kurt Cobain""]",2015,Rock,Calm,english,1.1112208193770052
4asfOnnT1tQkMwBqLMW6UO,She Played This Song for Me When I Was Five,Where Do We Float From Here?,"[""Ruxpin""]",2009,Electronic,Calm,english,2.332848319988825
4w0THDrCJgeiUaB2CiUnCI,She Was Different,Sherlock Series 4: The Final Problem (Original Television Soundtrack),"[""David Arnold"", ""Michael Price""]",2017,Classical,Calm,english,2.9520408470975235
1kV0DN8XcMNCdXdveoHouN,She Was Too Good to Me,Jazz Moods - Cool,"[""Chet Baker""]",1974,Jazz,Calm,english,2.010898236622712
5ONPeQRp1m4KJ0M57qBj1D,She Was Too Good to Me,She Was Too Good To Me (CTI Records 40th Anniversary Edition),"[""Chet Baker""]",1974,Jazz,Calm,english,1.4808359324355156
61PdjoAOi06B06w8nn0sKF,She Was a Witch,She Was a Witch,"[""1782""]",2019,Rock,Calm,english,1.8181851334916848
7yeyBlXG6KPS78fyaA3Mq8,She Would Die for Love,The Voice Of Love,"[""Julee Cruise""]",1993,Pop,Calm,english,2.226878971866503
1muYREX3gr4hRz7YKmoT6j,She moved through the fair,Charlotte Church (US version),"[""Traditional"", ""Charlotte Church"", ""Sian Edwards""]",1999,Pop,Calm,english,2.7924143784815425
3FozPx2YXke2TGFfVQcvXL,She's Funny That Way,In Harvard Square,"[""Lee Konitz""]",1993,Jazz,Calm,english,2.772982273800966
6U6wRwjLkBQUjBEQ1vdVJi,She's Leaving Home,Jazz Plays The Beatles,"[""McCoy Tyner""]",2019,Jazz,Calm,english,0.8128156456606115
6DeQw28SWKlyYxvSo52ZEI,She's My Best Friend,Seamonsters,"[""The Wedding Present""]",1991,Pop,Calm,english,3.0841499637271137
7zCADjIGAkMnFFhQEqqyqm,Shelter,Love Exchange Failure,"[""White Ward""]",2019,Rock,Calm,english,2.7325824714782727
5nKQO6YLh71a9Fecwv8xXH,Sheltered in the Arms of God,"The Best of the Collingsworth Family, Vol. 2","[""The Collingsworth Family""]",2016,Country,Calm,english,1.7167666792558136
72RuGGwwoX96Z5YsE7Fpw9,Shenandoah,Shenandoah,"[""Tennessee Ernie Ford""]",2011,Country,Calm,english,4.482153769628188
2zQKBPU4qW7zjm0pBg3Z6j,Shepherds in the Field Abiding (Ed. Wood),40 Essential Carols,"[""Traditional"", ""Choir of King's College, Cambridge"", ""Sir David Willcocks""]",2005,Classical,Calm,english,1.645329307465046
3cTzoqPY2HTAtZnO3eiJMf,Shepherds in the Field Abiding (Ed. Wood),"Christmas Carols, From King's College Cambridge","[""Traditional"", ""Choir of King's College, Cambridge"", ""Sir David Willcocks""]",2021,Classical,Calm,english,1.8286152859225664
5imF1gGEUJ4Ub8FrDKDW3Y,Shepherd’s Welcome,Shepherd in a Sheepskin Vest,"[""Bill Callahan""]",2019,Country,Calm,english,2.140968856986977
1fv69Amrc7iErrkP0ePCRv,Sherrie's Song,Indianapolis Intergalactic Spaceport,"[""BeebleBrox""]",1997,Electronic,Calm,english,1.1535208937125527
5nsLvUjkuieHOsDyLuhel1,Sherry,FOREVERANDEVERNOMORE,"[""Brian Eno""]",2022,Electronic,Calm,english,0.7536271756935417
662P0mAxv8N2H0JpHwLPb8,Shine On You Crazy Diamond (Pts. 1-4),A Collection Of Great Dance Songs,"[""Pink Floyd""]",1981,Rock,Calm,english,1.538346488916755
6pnwfWyaWjQiHCKTiZLItr,Shine On You Crazy Diamond (Pts. 1-5),Wish You Were Here,"[""Pink Floyd""]",1975,Rock,Calm,english,2.0177178142097407
6qRigT26GCSURQSzQWhYSA,Shine On You Crazy Diamond (Pts. 1-7),Echoes: The Best of Pink Floyd,"[""Pink Floyd""]",2001,Rock,Calm,english,2.214641570104895
21j1PsCiTaO8ZW88UZrh3A,Shine On You Crazy Diamond (Pts. 6-9),Wish You Were Here,"[""Pink Floyd""]",1975,Rock,Calm,english,2.502669749519576
32dnKMni3I3gwUbWp4mi45,"Shine On You Crazy Diamond, Pts. 1-5 - 2011 Remaster",Wish You Were Here (Remastered Version),"[""Pink Floyd""]",1975,Rock,Calm,english,1.680799937227835
2dWCp5vcNwSy25zRVFGC5t,"Shine On You Crazy Diamond, Pts. 1-5 - 2011 Remastered Version",Wish You Were Here [2011 - Remaster] (2011 Remastered Version),"[""Pink Floyd""]",1975,Rock,Calm,english,2.0028258177932967
2YMN5C5XDSsqCHSoJIbOzj,"Shine On You Crazy Diamond, Pts. 6-9 - 2011 Remaster",Wish You Were Here (Remastered Version),"[""Pink Floyd""]",1975,Rock,Calm,english,1.9181742782810804
0W1uJJJsbbLxc1Sa9aLNxN,"Shine On You Crazy Diamond, Pts. 6-9 - 2011 Remastered Version",Wish You Were Here [2011 - Remaster] (2011 Remastered Version),"[""Pink Floyd""]",1975,Rock,Calm,english,2.50498834821518
4PoTRZnQhOMJM9VMIS2pVh,Shine a Light,Lazer Guided Melodies,"[""Spiritualized""]",1992,Rock,Calm,english,2.618914721877492
1gNPP8TazAPuvq6R8oxxnU,Shit I'm Dreaming,Bismillah,"[""Peter Cat Recording Co.""]",2019,Pop,Calm,english,1.6362459719267095
79OeDYgFEJAGX2VD3MK4uk,Shiver,Homosapien,"[""PVT""]",2013,Electronic,Calm,english,1.2363225610902693
50fpuU08zN7hGcLqZccjKj,Shivering King,Shivering King and Others,"[""Dead Meadow""]",2003,Rock,Calm,english,1.7188570820507505
5M45utHzaRDhRYUal79Fes,Shores Serene,Funerals From The Astral Sphere,"[""Midnight Odyssey""]",2015,Rock,Calm,english,1.905030646260768
6jegYyunnYKHvLwmYr9aLh,Shores Serene,Funerals From The Astral Sphere,"[""Midnight Odyssey""]",2015,Rock,Calm,english,1.9120766698882832
02vcrAopI8pzBgcWPQokVo,Short,Damaged,"[""Lambchop""]",2006,Country,Calm,english,1.4916218116689914
4ROdI7pMLhREchUg6xb4ix,Shortline,Dawn,"[""RY X""]",2016,Folk,Calm,english,0.8204037563923473
0f4Hb9jc29K9ArQBqFtQyA,Shot Through the Fog,Writers Without Homes,"[""Piano Magic""]",2002,Rock,Calm,english,1.5640641252702765
1WEjwwicbDUm4uVlQ2xAgc,Shotgun Blues,Sunday at Devil Dirt,"[""Isobel Campbell"", ""Mark Lanegan""]",2008,Rock,Calm,english,2.644898226841099
3AyuigFWbuirWHvidbMz8O,Should Have Known Better,Carrie & Lowell,"[""Sufjan Stevens""]",2015,Classical,Calm,english,1.8602606057570488
7G9GW8EqdbIY5UyV4DlJDF,Show Me How You Self Destruct,An Autobiography,"[""Old Gray""]",2013,Rock,Calm,english,2.7080921248592777
3hArVmTqZofu4sCRlULycz,Shut up and Smile,"A Nice Night for an Evening, Vol. 1","[""Bowling For Soup""]",2019,Pop,Calm,english,1.547649127682401
2xDCa6L5quoFJvNbYleeO9,Shutting out the Sun,Walking on a Flashlight Beam,"[""Lunatic Soul""]",2014,Rock,Calm,english,1.3156108129909831
78c7pXj4U51HNds8Ttx8A2,Sick Transit Gloria Mundi,Sick Transit Gloria Mundi,"[""Red Harvest""]",2002,Rock,Calm,english,2.988565908542318
5zezxlbGoSr1q3GJ4PMRUW,"Side 3, Pt. 7: Talkin' Hawkin'",The Endless River,"[""Pink Floyd""]",2014,Rock,Calm,english,2.58747797741503
1b8WypsOIgWXLCzNavR3Es,Side by Side by Side,Side by Side by Sondheim (Original London Cast Recording),"[""Millicent Martin"", ""Julia McKenzie"", ""David Kernan""]",1976,Classical,Calm,english,2.761154708016514
22IffMEMCQMOjAnIPeBeG5,Sigh,Everything Ends,"[""The Lynch""]",2018,Electronic,Calm,english,2.549235044674763
4BAClPgqGiF6LjK0QIs5Gy,Sigh No More Ladies,Much Ado About Nothing - Original Motion Picture Soundtrack,"[""Patrick Doyle""]",1993,Classical,Calm,english,2.679001775601687
0MdH45aEhn3nMnJNYcW4wQ,Sign Of The Times - Piano Instrumental,Pop Piano Covers,"[""Ryan Louder""]",2018,Folk,Calm,english,2.352534854395795
3kVOajzZi2dGxs4vTefeAb,Silence,Ockerwasser,"[""Sonne Hagal""]",2014,Electronic,Calm,english,1.2760626460943338
2t9PJIjtYhY0YEu3jmeZXP,Silence But For The Gentle Tinkling Of The Flowing Creek,The Bloody Hand,"[""Frog Eyes""]",2006,Rock,Calm,english,2.5075052049833806
6ju9qq2ToE8UzkdfcHYCNW,Silent,All,"[""Colour Haze""]",2008,Rock,Calm,english,2.7885833309273806
07QfuFPazJYuzRtcWW0U2y,Silent Night,Christmas Portrait (Special Edition/Reissue),"[""Carpenters""]",1978,Pop,Calm,english,2.859555202715136
0Lx7oKNlCHjueGHAPFvSuS,Silent Night,The John Rutter Christmas Album,"[""Franz Xaver Gruber"", ""The Cambridge Singers"", ""City of London Sinfonia"", ""John Rutter""]",2002,Classical,Calm,english,2.2868709428265204
1ow71uSJ6MNKEyLgteQ0Aa,Silent Night,The Johnny Cash Family Christmas,"[""Johnny Cash"", ""The Carter Family""]",1972,Country,Calm,english,2.6134690833713967
2b83p4zIZ0zaZloMdYOdoB,Silent Night,Holiday!,"[""Crystal Lewis""]",2000,Pop,Calm,english,3.0249629351450418
3EXdCDEIn19jWbvJ0H5Kdi,Silent Night,Christmas Time,"[""Eddy Arnold""]",1997,Country,Calm,english,2.022582742759476
3WP3OIYgTAnfFuiQBvgzgi,Silent Night,The Best Of/20th Century Masters: The Christmas Collection,"[""Boyz II Men""]",1993,R&B,Calm,english,2.506227792019414
45ITwAuVOy9k6v8gd4JcIw,Silent Night,Christmas Interpretations,"[""Boyz II Men""]",1993,R&B,Calm,english,3.791880213017417
4m4g6372ynfpGoWAAwcNR4,Silent Night,Personal Christmas Collection,"[""Andy Williams""]",1994,Pop,Calm,english,2.672391316616062
4mrpQ2newz42ho7dWSEvn4,Silent Night,The Ultimate Classical Christmas Album Of All Time,"[""Franz Xaver Gruber"", ""The Tabernacle Choir at Temple Square"", ""Alexander Schreiner"", ""Richard P. Condie""]",2002,Pop,Calm,english,2.2283905851892376
4sudh8c11b5NoarJAvHzKt,Silent Night,The Christmas Song,"[""Roger Whittaker""]",1995,Pop,Calm,english,2.839801000020031
4w9mRQIRDxdqbg55FiUexX,Silent Night,The Alligator Records Christmas Collection,"[""Charlie Musselwhite""]",1992,Blues,Calm,english,2.4615926301587807
5cTZlMJcQ0QDtYtPJJNMn1,Silent Night,Martha Stewart Living Music: Classical Favorites For The Holidays,"[""Franz Xaver Gruber"", ""The Tabernacle Choir at Temple Square"", ""Alexander Schreiner"", ""Richard P. Condie""]",2005,Pop,Calm,english,2.328341101218665
5h56Ig6YZCUJKAwcpxmPcW,Silent Night,Holiday Spirits: 10th Anniversary Edition,"[""Straight No Chaser""]",2008,Pop,Calm,english,2.6830792551629075
5z3MMIyw8mjtSIe1mOeawk,Silent Night,Classic Christmas,"[""London Symphony Orchestra""]",2004,Classical,Calm,english,2.814166828381277
60VJEvFCkkpvelCmHJPm7i,Silent Night,Guitar Christmas,"[""Steve Wariner""]",2010,Country,Calm,english,2.403325925832101
648Zt7SdFkUW0edxhKs0Gp,Silent Night,Christmas,"[""The Singers Unlimited""]",2014,Jazz,Calm,english,2.770324280576181
68MLVQFMNNuGC1b8KP3M2c,Silent Night,Joy to the World,"[""Franz Xaver Gruber"", ""The Tabernacle Choir at Temple Square"", ""Alexander Schreiner"", ""Richard P. Condie""]",1970,Pop,Calm,english,2.35884351620744
6HTv3Y4QAAFfPBD77mt636,Silent Night,Carols From Trinity,"[""Franz Xaver Gruber"", ""The Choir Of Trinity College, Cambridge"", ""Richard Marlow""]",1995,Classical,Calm,english,3.992608431399405
6JYWqZGokd9NlB5XJ2OYG9,Silent Night,December Lights,"[""Andr\u00e9 Rieu"", ""Mirusia Louwerse"", ""Kimmy Skota"", ""Carla Maffioletti"", ""The Platin Tenors"", ""The Royal Choir Society Mastreechter Staar"", ""The Sjamaes Children's Choir""]",2012,Classical,Calm,english,2.2246053030846293
72wqfvC4fON25HH3HD5E5O,Silent Night,A Christmas Album,"[""Bright Eyes""]",2002,Folk,Calm,english,3.512590463596106
75VCiph0wzyM0hbUlE15pA,Silent Night,Celtic Christmas,"[""Celtic Christmas""]",2006,Folk,Calm,english,1.952508616686716
7amRkBiWD2L47e7eKeiIjl,Silent Night,Silent Night: The Greatest Hits of Christmas,"[""Franz Xaver Gruber"", ""The Tabernacle Choir at Temple Square"", ""John Longhurst"", ""Columbia Percussion Ensemble"", ""Jerold D. Ottley""]",1984,Pop,Calm,english,3.032672017280656
7e2UoRFNS7PHVTx31ncxPo,Silent Night,Libera at Christmas,"[""Libera""]",2016,Classical,Calm,english,2.1932990406015724
5revIuEcbinasF996lXooh,Silent Night - Live Bonus Track,Christmas Chants - Live in Berlin,"[""Gregorian""]",2010,Classical,Calm,english,4.89331721298178
04IK8DZdb6zKKrWaIkVsYj,"Silent Night, Holy Night",Christmas With Julie Andrews,"[""Julie Andrews""]",1982,Classical,Calm,english,3.087448950610397
0KKkwcU2VNik8Re17kuGel,"Silent Night, Holy Night",The Christmas Album (20 Great Christmas Favorites Performed By 20 Great Artists),"[""Mahalia Jackson""]",1987,Pop,Calm,english,2.9514831188601343
1F8oGYFU9zd4tskPt7tuqr,"Silent Night, Holy Night",Merry Christmas with Johnny Mathis,"[""Johnny Mathis""]",2010,Pop,Calm,english,3.630836834455501
4AhjXclvD3WECvShfRTJfe,"Silent Night, Holy Night",Pretty Paper,"[""Willie Nelson""]",1979,Country,Calm,english,2.903166876191028
5hgkmxlHJdClFuOEF26kzJ,"Silent Night, Holy Night",Christmas 16 Most Requested Songs,"[""Julie Andrews""]",2004,Classical,Calm,english,2.7076789771141616
0g2MgyqY71lV3VAGHiZpZj,"Silent Night, Holy Night (with The Ken Lane Singers)",Relaxing Christmas Music,"[""Frank Sinatra"", ""Ken Lane Singers""]",2019,Jazz,Calm,english,2.4739942430734385
04ohpWQHENREA5pmiIvrNB,Silent from Above,Foreign Body,"[""Mirrorring""]",2012,Rock,Calm,english,2.116012866627611
49wtZFX5fZdm0zgsZnCcxG,"Silent, O Moyle",ANÚNA,"[""Michael McGlynn"", ""An\u00fana""]",2005,Folk,Calm,english,2.297000805467836
0ZP3E9L1I0C6rmD0CAKqDc,Silly Girl,Rabbit Hearted.,"[""chloe moriondo""]",2018,Pop,Calm,english,2.550175115268363
3RGVYzHQWQOlHYphHMAaaj,Silly Girl,Rabbit Hearted.,"[""chloe moriondo""]",2018,Pop,Calm,english,2.5495823548276024
1dTtvwogt7yJ4uryzLCBal,Silver Bells,Silent Night: The Greatest Hits of Christmas,"[""Ray Evans"", ""The Tabernacle Choir at Temple Square"", ""John Longhurst"", ""Columbia Percussion Ensemble"", ""Jerold D. Ottley""]",1984,Pop,Calm,english,2.766166527387378
5Tv1sMrTXCG46hwAFo3No4,Silver Blue,Westcoast Rock,"[""JD Souther""]",2019,Country,Calm,english,2.641221033087349
7HDAqnBkRlziDg7u23ChoO,Silver Leaf,A Line That Connects,"[""Lycia""]",2015,Rock,Calm,english,2.5881794276329955
5gPxqJAOoQb7x1GphBwRSv,Silver Rain,Emptiness Emptiness Emptiness (2010 re-release),"["":Of The Wand And The Moon:""]",2001,Classical,Calm,english,1.2586597456796569
7GEoYRmsql6smdQW5WLgE2,Silver and Gold,Silver and Gold,"[""Mree""]",2017,Electronic,Calm,english,1.3820317683959935
4LVtp0ygPgWjhyokml69xJ,Simple Gifts,Essential Yo-Yo Ma,"[""Traditional"", ""Yo-Yo Ma"", ""Alison Krauss""]",2004,Country,Calm,english,2.744195838008096
5sOTfl2Jn8K4bzSOx6Um1d,Simple Gifts,That Eternal Day,"[""Cantus""]",2010,Classical,Calm,english,2.964218653904521
7H2bU3hectFUWxztqytrr9,Simple Gifts,Classic Yo-Yo,"[""Traditional"", ""Yo-Yo Ma"", ""Alison Krauss""]",1984,Country,Calm,english,2.688729034530115
1pNE2UBFxsn0BZ0MM0EYd5,Sin,20 Greatest Hits,"[""The Four Aces""]",2006,Pop,Calm,english,2.7895390023615376
2vAhgSxs7pQk1mcSXiDqPw,Sinai,Advaitic Songs,"[""OM""]",2012,Rock,Calm,english,1.6766886905858591
481QDWLtqmsZndlm3wOrni,Sing Gently,Sing as One: Ten Years of Eric Whitacre's Virtual Choir,"[""Eric Whitacre"", ""Virtual Choir 6"", ""Sam Glicklich""]",2020,Classical,Calm,english,1.7768184225406307
4gF4ALr7rlrvbsM59ucjrZ,Sing Lullaby,Treasures of English Church Music,"[""Herbert Howells"", ""The Cambridge Singers"", ""John Rutter""]",1995,Classical,Calm,english,3.4631037874674293
55SQu9KZRxRP4ftwUGu3Ms,"Single Girl, Married Girl",The Willies,"[""Bill Frisell""]",2002,Jazz,Calm,english,1.1527882326851062
2XlP76bUQxMHlfMlH6sRRT,Sir Greendown,The ArchAndroid,"[""Janelle Mon\u00e1e""]",2010,Pop,Calm,english,1.8171070764055488
5zVME2t9iqUQWLiaADwyS2,Sister,Another Friday Night / Hot Heavy Summer / Sister,"[""Ben Howard""]",2018,Folk,Calm,english,0.8289145797910813
6nfQE0yIbRA9RIklATizoF,Sister Moon,...Nothing Like The Sun,"[""Sting""]",1987,Rock,Calm,english,2.447004434988515
7lJN5XXJSugMDi6Ti7QRcW,Sisters of Mercy - Live in London,Live In London,"[""Leonard Cohen""]",2009,Folk,Calm,english,6.241915762939012
7Bl1GdYbcJ0QSffErVWOnv,Sit Around The Fire,Music For Psychedelic Therapy,"[""Jon Hopkins"", ""Ram Dass"", ""East Forest""]",2021,Electronic,Calm,english,2.1560083896444
2PE3aegiVBRUQFfnWb7mS7,Sittin' on Top of the World,The Willies,"[""Bill Frisell""]",2002,Jazz,Calm,english,1.2600215190818966
1iJgnHUnjjNXPO3pvRcxyx,Siúil a Rún,Invisible Stars: Choral Works of Ireland & Scotland,"[""Michael McGlynn"", ""Sarah Thursfield"", ""The Choral Scholars of University College Dublin"", ""Desmond Earley""]",2015,Classical,Calm,english,2.797446676817706
1g1PAND2ihjU1N62QXaA9z,Six Flags,Boat Songs,"[""MJ Lenderman""]",2022,Country,Calm,english,1.9988521366934504
0nHI9HJtXkxHF3x6RcL4WS,Six Sixty Six,In Another Land,"[""Larry Norman""]",1976,Rock,Calm,english,2.308815284235699
612oVbWxOBFRyVC2TInMEX,Siúil A Rúin,Fiona Ritchie Presents the Best of Thistle & Shamrock Volume 1,"[""Clannad""]",1999,Folk,Calm,english,2.099377238346096
2v8FJ08Kc4zUnCMkf0iHnu,Skylark,Underground Memoirs,"[""Cedar Walton""]",2005,Jazz,Calm,english,1.1207772348204668
32xC4sdNbASvhlbpohEXlm,Skylark,Biting The Apple,"[""Dexter Gordon""]",1976,Jazz,Calm,english,1.7068356367965476
3UvR4Ipe3G4G3TxvMwwrr2,Skylark,In a Sentimental Mood,"[""Houston Person""]",2000,Jazz,Calm,english,1.4726974525480805
4ThaEKA53YaE8iGmHZN9EG,Skylark,The Dreams Of Johnny Mercer,"[""Monica Mancini""]",2000,Jazz,Calm,english,2.745549157958948
5i7HT2KmqVuBrArhfBhjkn,Skylark,Skylark,"[""Paul Desmond""]",1973,Jazz,Calm,english,1.14273338804562
5lakOv357v1n5qKeM66EIj,Skylark,Skylark,"[""Annie Ross""]",1996,Jazz,Calm,english,2.043434356051304
6AQarG5frE5r8UE4rJMEUD,Skylark,Standard Time Vol. 3: The Resolution Of Romance,"[""Wynton Marsalis""]",1990,Jazz,Calm,english,1.067929787783894
6NgLNcNLqrRuBG7xEXAOCJ,Skylark,The Best Of Paul Desmond,"[""Paul Desmond""]",1990,Jazz,Calm,english,1.7484372833689572
6YVpUU35KiyqZMjS6bWnyb,Skylark,Stardust: The Music Of Hoagy Carmichael,"[""Bill Charlap""]",2002,Jazz,Calm,english,2.0088130807615148
6siulKy3tyv7JS2Xb1OTst,Skylark,20th Anniversary Chesky Records,"[""Clark Terry"", ""Marian McPartland""]",2006,Jazz,Calm,english,1.503056308691781
245tmwITWxh067JB25iiAx,Skylark - alt. take,Skylark,"[""Paul Desmond""]",1973,Jazz,Calm,english,1.006168234256471
62W7SoneY4BEZe8VXsKZNW,Skyrim - Age of Oppression,The Greatest Video Game Music III - Choral Edition,"[""Jeremy Soule"", ""Myrra Malmberg"", ""Orphei Dr\u00e4ngar"", ""MOD""]",2016,Classical,Calm,english,2.828783838711035
1ceKJsYHqeep54ZPGMwRzc,Skøgen skulle dø (Live),Mausoleum (Live),"[""Myrkur""]",2016,Folk,Calm,english,2.122360722441012
3wZ7KhOgJ3N97HlvnN8MdS,"Slane ""Lord of All Hopefulness""","The Complete New English Hymnal, Vol. 3","[""Traditional"", ""Ely Cathedral Choir"", ""Scott Farrell"", ""Paul Trepte""]",2000,Classical,Calm,english,3.006921930399072
5M4lxpxOH2Ofo7GK3nyPSL,Sleazy Mary,Evilution,"[""Upsidedown Cross""]",1993,Rock,Calm,english,3.879660299454729
5IcMce4p9SbPwWeN4g4Oip,Sleep,"Where Will We Go, Pt. 2","[""Nick Hakim""]",2014,R&B,Calm,english,1.5068275611697783
5viL6E7yylGtpuANKZxFJm,Sleep,Azure Ray,"[""Azure Ray""]",2001,Pop,Calm,english,1.9369787808645
78BLTUqTCCHuptFEGejEoS,Whitacre: Sleep,Light & Gold,"[""Eric Whitacre"", ""Eric Whitacre Singers""]",2010,Classical,Calm,english,2.7309144985301206
13KvP86PAjJFpMsIA6Mew5,Sleep Alone,18,"[""Moby""]",2002,Electronic,Calm,english,1.822015148199701
1v9dObUYUHAdpmShqi8VI2,Sleep Alone,18 & 18 B-Sides,"[""Moby""]",2002,Electronic,Calm,english,1.5856813542693449
4QvZJj77RezyHJhlyFqB2D,Sleep Alone,18 & 18 B-Sides,"[""Moby""]",2002,Electronic,Calm,english,1.6164917641311791
5vNPvDNcz12o4oJ5DOs96w,Sleep Don't Weep,9,"[""Damien Rice""]",2006,Folk,Calm,english,2.448200935021184
3E4OUWgzzouLxg7y5HmvbE,Sleep Has His House,Sleep Has His House,"[""Current 93""]",2006,Rock,Calm,english,3.154320510262291
6aBlcWm0JTeU04ww7166Ba,Sleep In My Arms [Between Interval Remix],Remix Romance Vol. 1,"[""Sally Shapiro""]",2008,Electronic,Calm,english,2.135752931358401
6Xwu88Rs7zVUjQlqpA2JrA,Sleep Little Jesus (Slaap nu mijn Jezuke),December Lights,"[""Andr\u00e9 Rieu"", ""Mirusia Louwerse"", ""The Royal Choir Society Mastreechter Staar""]",2012,Classical,Calm,english,2.609194377209079
39ML2tVTcUJ71wFX5YSJil,Sleep Paralysis,Wondrous Bughouse,"[""Youth Lagoon""]",2013,Pop,Calm,english,2.068807433694653
3VWeXC8bwm6agBEkvvs9lG,Sleep Warm,Sensuous,"[""Cornelius""]",2006,Electronic,Calm,english,2.573850266570484
1yFHUzJaBY7YMfoTlCLRZ6,"Cantata No. 140: Sleepers, Wake!",Songs Of Faith And Inspiration,"[""Johann Sebastian Bach"", ""Robert Shaw""]",2001,Classical,Calm,english,2.261332595684109
3k3IMtLbUJbbkidwX2GVTL,"Sleeping Bear, Sault Ste. Marie",Michigan,"[""Sufjan Stevens""]",2003,Classical,Calm,english,1.2659446303553032
7ih9WlKtkVXgDDuhmEgRKZ,"Sleeping Bear, Sault Ste. Marie",Michigan,"[""Sufjan Stevens""]",2003,Classical,Calm,english,1.28940585846734
2CUjvQiLtuDidhKXQNUWiG,Sleeping Pills,Lighthouse,"[""Iamthemorning""]",2016,Rock,Calm,english,1.395033851075992
6PuDnNxBJsxypNXqALqKgX,Sleepless,sleepless in __________,"[""Epik High""]",2019,Pop,Calm,english,2.8723802993742185
3OTVDPAOZeYgCdKdVuybXD,Sleepsong - Arr. for choir by Desmond Earley,Invisible Stars: Choral Works of Ireland & Scotland,"[""Rolf L\u00f8vland"", ""Brendan Graham"", ""Emily Doyle"", ""The Choral Scholars of University College Dublin"", ""Desmond Earley""]",2015,Classical,Calm,english,2.8402669608955966
4qOLgJuKH0kzZlaaNnj2gE,Sleepy Time Gal,Best Of The Big Bands,"[""Glenn Miller""]",1992,Jazz,Calm,english,1.9821532158388688
2hhBDltV9lOvM7CSCiIPWq,Slightly Floating,Joyland,"[""TR/ST""]",2014,Electronic,Calm,english,3.76584724876894
6FLgb6YIzDICIv925FDaBw,Slip,Guilty Pleasures,"[""CloudNone"", ""Direct""]",2020,Electronic,Calm,english,2.34805976221944
43MLWrbT62EjvAp5frq66t,"Slipknot! (1) - Live at Oakland Coliseum Stadium, Oakland, CA, October 9, 1976","Dick's Picks Vol. 33: Oakland Coliseum Stadium, Oakland, CA 10/9/76 & 10/10/76 (Live)","[""Grateful Dead""]",2004,Rock,Calm,english,2.0530473752575307
17eGYZUrWg7T2ffqR8YWpr,Slipped Dissolved and Loosed,OH (ohio),"[""Lambchop""]",2008,Country,Calm,english,2.269256556625064
5waI1qYtBOMxLzMZH6oujb,Slipped Dissolved and Loosed,OH (ohio),"[""Lambchop""]",2008,Country,Calm,english,2.269256556625064
14IM1TSEBf6iVUe0DGlgVW,Sloth Is the Soul of Dante,VII (Orcestral Edition),"[""Into Infernus""]",2016,Rock,Calm,english,3.5438678771671435
1xdKoVIlrcbYK3CD3jvX0X,Slow,Velvet,"[""Neon Cathedral""]",2021,Rock,Calm,english,1.9743296457086867
5mrKp3tYmAAD23Q5Bacc7a,Slow Moves,Veneer,"[""Jos\u00e9 Gonz\u00e1lez""]",2006,Folk,Calm,english,1.8929719263376965
7HqbjWzih93b7T00WUWvPq,Slowdance - How To Dress Well Seance,Slowdance EP,"[""Matthew Dear""]",2011,Electronic,Calm,english,2.4447825518370294
3ybKSVKVk8FhMxTNg9GwO5,Slowness,~~~,"[""Ana Roxanne""]",2019,Electronic,Calm,english,2.833917995086225
7qqxrcreNiB1sL91OrvVol,Slowness,~~~,"[""Ana Roxanne""]",2019,Electronic,Calm,english,2.833917995086225
6PKD7CEE1DTHUIiu30lMCq,Slowpoke,Maybe Later,"[""Whatever, Dad""]",2013,Electronic,Calm,english,2.0638261348278486
2lzG6cW1IVSpDY5cWe4bXG,Slumber My Darling,Heartland: An Appalachian Anthology,"[""Stephen Foster"", ""Yo-Yo Ma"", ""Edgar Meyer"", ""Mark O'Connor"", ""Alison Krauss""]",2001,Country,Calm,english,2.690999119727996
5WuHYQcMekJX3SC3CWW9ZN,Slumber My Darling,Appalachian Journey,"[""Stephen Foster"", ""Yo-Yo Ma"", ""Edgar Meyer"", ""Mark O'Connor"", ""Alison Krauss""]",2000,Country,Calm,english,3.3573695730370465
2nH0gsXkSo8hsMv992jbTm,Small,Rabbit Hearted.,"[""chloe moriondo""]",2018,Pop,Calm,english,2.565984261744284
3uqlniOJobMPnQwSX73OSq,Small Dub,Have Fun With God,"[""Bill Callahan""]",2014,Country,Calm,english,1.7143138706006174
2s6i1m7A9MnoNrezwodD0j,Small Hours,One World (Deluxe Edition),"[""John Martyn""]",1977,Folk,Calm,english,1.9623686099432545
1LhsGxrAQUV279TdvRl8lS,Small Plane,Dream River,"[""Bill Callahan""]",2013,Country,Calm,english,1.6474469290232412
2vrQUif0AfLeszWxzuhClz,Small Song IV,The Future Crayon,"[""Broadcast""]",2006,Rock,Calm,english,1.0587484442719886
4LImc8oAk3fo7wugjJqV87,Small Time Shot Away,100th Window,"[""Massive Attack"", ""Damon Albarn""]",2003,Electronic,Calm,english,1.3630616708946486
3Usvxmk9Skhn7zb91dNA0z,Smaointe,Shepherd Moons,"[""Enya""]",1991,Folk,Calm,english,2.89582071270702
493XhJmxBQrWESrcRDBf2O,Smells Like Teen Spirit - Live,On The Rocks,"[""Scala & Kolacny Brothers""]",2002,Classical,Calm,english,4.293336662147226
5m8Wca9QzMsXeGazrb1Umn,Smile,Unforgettable: With Love,"[""Natalie Cole""]",1991,R&B,Calm,english,2.355754581738567
5ZxJL2PgT5Kmlm0hkmDwfl,Smokefall,Griseus,"[""Aquilus""]",2011,Rock,Calm,english,3.703712351924923
4E8dJwHWs2tAao3Pg0lChp,Smoothie King,"A Nice Night for an Evening, Vol. 2","[""Bowling For Soup""]",2019,Pop,Calm,english,2.3131829466606915
1RaX1PYXVAIlvoJzt3OqkT,Snow,All Along The Road,"[""Marti West""]",2020,Folk,Calm,english,2.276678111829846
6rjvPGb3HN4anHeU8EJqf0,Snow Song,Bitter Melon Farm,"[""The Mountain Goats""]",2002,Folk,Calm,english,2.119088524735272
1HX8c7aQOymHO3cpZTNGIW,Snowfall,Personal Christmas Collection,"[""Doris Day""]",1994,Jazz,Calm,english,2.6176579411202585
1fo1eYOP5BdCCPPylV1SOa,Snowfall,Christmas Classics,"[""Claude Thornhill"", ""Doris Day""]",2016,Jazz,Calm,english,2.897066905547813
1vAK9WWxQ6ouksVbr8sGLr,Snowing Up the Red Towers,Remembering the Life of the Emperor,"[""Chung Fu-Chuan"", ""Chinese Classical Troupe Of Beijing""]",2006,Folk,Calm,english,1.91820421674786
5kOEOI0KYWphcDcrWt2189,So Are All of You in Love With Her Now?,Wonderful Little Seed of Joy and Chaos,"[""Autumn Orange""]",2019,Electronic,Calm,english,2.3139551036307755
6oVhL0lLUMswqSV3VcKwJO,So Far,Broadchurch (Music From The Original TV Series),"[""\u00d3lafur Arnalds"", ""Arn\u00f3r Dan""]",2015,Classical,Calm,english,1.2432716123770824
0VmZ18fZBQv2icxyZDUq1G,So Far Away and So Near,Raindancer,"[""Erutan""]",2013,Folk,Calm,english,1.2149883009699411
5N7Qqm005yXFSVnrj2nh0v,So Grossly Incandescent,Sol,"[""Oak Pantheon""]",2018,Rock,Calm,english,1.9339730242520108
1nM23eQxVwhrijc3KP19SE,So I Could Find My Way,Dark Sky Island (Deluxe),"[""Enya""]",2015,Folk,Calm,english,3.279269611867127
1Hnn4Ew1tryXwSRLdVCVZq,So Lost,Grounded in Space,"[""Advaita""]",2009,Pop,Calm,english,1.688159938470578
3zKaKFzgnfgLaYWMXFuNfH,So Many,Blushing,"[""Blushing""]",2019,Rock,Calm,english,2.0365574111400715
3kfyf559TiZFKCwSRu9mSq,So Tired - Single Version,Souvlaki,"[""Slowdive""]",1994,Rock,Calm,english,2.62405861775787
1mLeQWMKdeia7Eb8BG7hL0,So in Love,A Foreign Sound,"[""Caetano Veloso""]",2004,Jazz,Calm,english,1.7453441163542602
3PFECcZgMRNpDWMXZBVOIe,Soap (IDFC),Galaxy Dreaming,"[""Julia In Red""]",2021,Electronic,Calm,english,2.023893482212867
1cyRoWGazsa8Vr5qlDfvPP,Sodus,Barrow,"[""Cemeteries""]",2015,Pop,Calm,english,2.125919908994192
2mlxgtWbJgpM2VKRrK3sB3,Soft Black Stars,Soft Black Stars,"[""Current 93""]",2005,Rock,Calm,english,1.3527177304024216
5wSainqU0xykNqeNrwWRVB,Soft Collared Neck,Ayres,"[""Helios""]",2007,Electronic,Calm,english,1.7351215948032437
0vte2yrmcra11WpB5RLWjV,Softly as I Leave You - Mono; Single Version,Essential,"[""Matt Monro""]",1990,Pop,Calm,english,3.014154756972014
2ADqiYLb46aq1QYtgxXMbg,"Softly, As I Leave You",Softly,"[""Shirley Horn""]",1998,Jazz,Calm,english,2.6820540152053898
5Y0Cu5AHwfPd6ZKxdPAEu9,Sol Solis,Pneuma,"[""Moving Mountains""]",2007,Rock,Calm,english,1.6993055030388762
0ayEPUzuc10ICaevxKzfq0,Soldier's Things,Swordfishtrombones,"[""Tom Waits""]",1983,Folk,Calm,english,2.6161476049718444
6LmCkbrZPcLDbOwR97EewQ,Solid Ground - Piano Version,Drop=scene,"[""Ms. John Soda""]",2002,Electronic,Calm,english,1.1877734338030264
37zp5GspXoTEOieG0PhPbb,Solinari,Morgion,"[""Morgion""]",2008,Rock,Calm,english,1.1523801373249642
64buVJrqkvL5RqxcVtBs7h,Solinari,Solinari,"[""Morgion""]",1999,Rock,Calm,english,1.426266168930467
1MHqMMtl2LT5NZyfQ7unFf,Solitary Ground - Orchestral Version,Consign To Oblivion (Expanded Edition),"[""Epica""]",2005,Rock,Calm,english,1.32471400028428
0qnRBqSpAmKz5PNjQrn7pN,Solitude,The Black Sabbath Covers,"[""Jason Molina""]",2017,Country,Calm,english,2.604839941448396
1Jrdpneg6p0j2crsbuxW0R,Solitude,In a Sentimental Mood,"[""Duke Ellington""]",2018,Jazz,Calm,english,1.6114897226410043
2MVAvuQ2zNtWZMUBJAnVcQ,Solitude,Someday My Blues Will Cover The Earth (Love And War),"[""His Name Is Alive""]",2000,Rock,Calm,english,4.069795873323304
2gMVhLzFCbjw0T729eckbf,Solitude,Vidunderlige Kaelling,"[""Secret Oyster""]",2005,Electronic,Calm,english,3.0151735264565294
2rRM3O35YMMT9UZDdmpOSl,Solitude,"Take The ""A"" Train","[""Eddie DeLange"", ""Duke Ellington"", ""Irving Mills"", ""Canadian Brass""]",1999,Jazz,Calm,english,1.9806797286604627
40ienjucL3brNxUZmXOPj5,Solitude,Tony Bennett On Holiday: A Tribute To Billie Holiday,"[""Tony Bennett""]",1997,Jazz,Calm,english,3.9579136186699375
4SlLWOVti2cAywTvklEQ4V,Solitude,The Duke: The Columbia Years (1927-1962),"[""Duke Ellington""]",2000,Jazz,Calm,english,1.1130359405295562
4upjhJZ1ZiVqDVJ06DictI,Solitude,Overgrown Path,"[""Chris Cohen""]",2012,Rock,Calm,english,2.3634646997528543
4zUPeISUl7DEdVKgMLlMYE,Solitude,The Essential Duke Ellington,"[""Duke Ellington""]",2007,Jazz,Calm,english,1.620503682450626
6E7DlZqWFZlwT8xiGeJfXz,Solitude,Shadows Of The Sun,"[""Ulver""]",2007,Rock,Calm,english,2.052678932162168
6O1eFSDMXUKoHn8aGNNDwK,Solitude,Shadows of the Sun,"[""Ulver""]",2007,Rock,Calm,english,1.6281345716873423
3WMPYIW14ELZWHvq4O9Juz,Solitude - 1999 Remastered - Take 1,"Solos, Duets, & Trios","[""Duke Ellington""]",1990,Jazz,Calm,english,1.1568838244086832
19lLhJji9fxR8Vxq92QWJ6,Solitude - Alternate Take,Money Jungle,"[""Duke Ellington""]",2002,Jazz,Calm,english,1.54318455215819
3QamxU5OlPQV15RyGpjHrp,Solitude - Remastered,Money Jungle,"[""Duke Ellington""]",2002,Jazz,Calm,english,1.5373371002214866
70e8zaCjTaoRiN5BWV4Rgy,Some Children See Him,December,"[""Kenny Loggins""]",1998,Pop,Calm,english,2.902335636912431
4b2FehDuzKVcoGQjpEbkIm,Some Day My Prince Will Come (Disney Jazz),Disney Jazz Volume I: Everybody Wants To Be A Cat,"[""Dave Brubeck""]",2011,Jazz,Calm,english,1.6817771473905796
4RKkYBpfzwdUecdC1XxUvs,Some Enchanted Evening,Shadows in the Night,"[""Bob Dylan""]",2015,Folk,Calm,english,2.545395659289298
4ekdHLsEGMZ5kDyLbljipW,Some Enchanted Evening,"Music From The Motion Picture ""Only You""","[""Ezio Pinza""]",1994,Classical,Calm,english,1.766781589441628
69PS3wtAUphkrettQaYJuB,Some Enchanted Evening,"16 Most Requested Songs Of The 1940s, Volume One","[""Ezio Pinza""]",1989,Classical,Calm,english,2.217951438562486
1TmSD4wZYLnN26TwxV4h25,Some Enchanted Evening (Reprise),South Pacific (New Broadway Cast Recording (2008)),"[""Kelli O'Hara""]",2008,Classical,Calm,english,3.23101484503514
6eSCc6kOLQgfxu1GG2eTBB,Some Enchanted Evening,Vintage Jazz: Instrumental Jazz for Entertaining,"[""Beegie Adair"", ""Jack Jezzro""]",2012,Jazz,Calm,english,2.680495929370898
6oH5DO8RYXg4AstDr04071,Some Folks' Lives Roll Easy,Good Vibrations,"[""Paul Simon"", ""The King's Singers""]",1993,Folk,Calm,english,3.53303136935139
37ZK7eGoSukLKvMr2IyU4I,Some Girls,Once on This Island (Original Broadway Cast Recording),"[""Jerry Dixon""]",1990,Classical,Calm,english,2.8002226588419656
3lpBlh2EJjvdvyua61rs22,Some Kinda Fatigue,Genius + Love = Yo La Tengo,"[""Yo La Tengo""]",1996,Pop,Calm,english,1.885124130777759
4U9cmmViTd6DmEfX6hgvin,Some Never Come Home,Interiors,"[""Brad""]",1997,Rock,Calm,english,1.904921993202373
2JNxbnZV2CB8UXfTN13TeA,Some Of Them Are Old - 2004 Digital Remaster,Here Come The Warm Jets,"[""Brian Eno""]",1973,Electronic,Calm,english,2.962948105483968
5E3HXJkIYms7Hvb6CXLalw,Some Things We Do,To Be Kind,"[""Swans""]",2014,Rock,Calm,english,2.8511628620781155
6KWDWLmHsK4uplsechmdsE,Somebody Loves Me,16 Most Requested Songs,"[""Kate Smith""]",1991,Pop,Calm,english,2.5135325111973468
2q6hCYb7pBCpZmVxfehYV0,Somebody That I Used to Know,Somebody That I Used to Know,"[""Lofi Fruits Music"", ""Chill Fruits Music""]",2021,Electronic,Calm,english,1.9889792983263803
4HLyr3LIpQGL3fjdIaCJ2F,Someday,Ellenbogengesellschaft,"[""Ellende""]",2022,Rock,Calm,english,2.175238564562662
6zZjnLQR32oja6RgQbGE1w,Someday My Prince Will Come,Underground Memoirs,"[""Cedar Walton""]",2005,Jazz,Calm,english,0.783972668120736
4gDH40ldPNKtnZc4ZmVqSr,Someday the Waves,The Sea & the Rhythm,"[""Iron & Wine""]",2003,Folk,Calm,english,1.775358890779564
7camocbza1hMrO8nH8UGYa,Someday.,Yesterday's Tomorrow,"[""Phony Ppl""]",2015,R&B,Calm,english,2.250055543984796
6au7Gwxe7dRsOeSfiYUMOt,Somehow the Wonder of Life Prevails,Perils from the Sea,"[""Mark Kozelek & Jimmy LaValle""]",2013,Rock,Calm,english,1.451413122168629
1VGVQow66A3KtA0CaFIoDL,Someone To Watch Over Me,Verve Jazz Masters 51: Blossom Dearie,"[""Blossom Dearie""]",1996,Jazz,Calm,english,2.3324822528470146
5G9HXsL3gI5qD1gukuRjvG,"Someone To Watch Over Me - from Oh, Kay!",Jazz Gershwin,"[""Marcus Roberts""]",1998,Jazz,Calm,english,1.1067611257297776
25XfaXCehQxIFuJgQIXaic,Someone to Watch Over Me,Carr Toons,"[""Amanda Carr""]",1997,Jazz,Calm,english,2.7196731212112315
4gO0s0JXGajTbLxXQ3cela,Someone to Watch Over Me,What's New,"[""Linda Ronstadt""]",1983,Country,Calm,english,2.889479573528784
1DQe6feLlrRKgxEK6jU45y,Someone to Watch over Me,Gershwin For Lovers,"[""Marcus Roberts""]",1994,Jazz,Calm,english,1.7165136083462678
2wVehaFbPwT5ENoIzgXoAV,Someone to Watch over Me,Live in Tokyo,"[""Brad Mehldau""]",2004,Jazz,Calm,english,4.147318125740588
4BQK32BUYE59mu9O7xT2Fy,Someone to Watch over Me - Live,When I Fall In Love,"[""Chris Botti""]",2004,Jazz,Calm,english,2.0376227703802443
5zM4q55KKBR5eichzx7yCS,Someone to Watch over Me - Live,When I Fall In Love,"[""Chris Botti""]",2004,Jazz,Calm,english,2.302641970433549
3byjpH5rgKpxO8keFrb1DQ,Someone to watch over me,Introducing Doug Raney,"[""Doug Raney""]",1991,Jazz,Calm,english,0.8207035697075127
6VX947ely2dVtJ7prhd2RY,Something Blue,Something Blue,"[""ellis""]",2019,Pop,Calm,english,1.7049573897768684
1ToOiCGPGSlndiBPIoP7AJ,Something Good,The Sound of Music (50th Anniversary Edition),"[""Julie Andrews"", ""Bill Lee""]",2015,Classical,Calm,english,2.826679453453015
5AiFLoKs0uyBVvibg5bCXR,Something Wonderful,The King And I,"[""Richard Rodgers"", ""Marilyn Horne"", ""John Mauceri"", ""Hollywood Bowl Orchestra""]",1992,Classical,Calm,english,2.810335631708582
7rC4fpqWw83rw6SFSxN1Qo,Something in Water,Oncle Jazz,"[""Men I Trust""]",2019,Pop,Calm,english,1.891190520322728
4Ke43cWMboCRlSczEjXTRP,Sometimes,Black Celebration,"[""Depeche Mode""]",1986,Electronic,Calm,english,3.070083599160186
7mYPHFJ7mzQn8zCROP2lVM,Sometimes,Carpenters,"[""Carpenters""]",1971,Pop,Calm,english,2.5386151534750026
3OUIwDlVapolL6YJtuRRLS,Sometimes I Feel Like a Motherless Child,Ginseng Woman/Multiplication,"[""Eric Gale""]",1977,Jazz,Calm,english,1.321792914165964
0TDn8312ZH1xi4huYGwrOi,Sometimes I'm Right,Chicago Blues 2,"[""Hubert Sumlin""]",2006,Blues,Calm,english,2.0093695298809946
0VfelQhdrZcKVvAfmcJWEO,Sometimes When We Touch,Serene Classics,"[""Phil Coulter"", ""Dan Hill /Barry Mann""]",2014,Folk,Calm,english,1.527549875753336
3D2s0SloHkpIQybzhbUBmT,Somewhere,On the Shoulders of Giants,"[""Cantus""]",2012,Classical,Calm,english,3.2949840271179447
4if9NkVPFUB0Uq0I0RKqvk,Somewhere,Jazz Collection,"[""Dave Brubeck""]",1995,Jazz,Calm,english,1.4017108310377195
7k7VJMTmOvBMaah12bWj1D,Somewhere,I Want to Be There,"[""Sadness""]",2019,Rock,Calm,english,3.666808050687232
7lheW7M1L5UF2CnsyL3pIs,"Somewhere (From ""West Side Story"")",Blue Valentine (Remastered),"[""Tom Waits""]",1978,Folk,Calm,english,2.5186470146986903
6f9uTzcLeLW2MBrxAp7EsR,Somewhere (Orchestral Mix),Vortex,"[""Collide""]",2004,Rock,Calm,english,2.546470053959337
4A0dbR8pOfMMFbber0HMO0,"Somewhere (from ""West Side Story"")",On Broadway,"[""Roger Whittaker""]",1995,Pop,Calm,english,2.678584598910337
06yrnAUlXIB8QGaRQXHG65,Somewhere A Star Shines For Everyone,Now The Day Is Over,"[""The Innocence Mission""]",2004,Electronic,Calm,english,2.5400761967826138
2eSWdjZHXeSP8sug4qOTRw,Somewhere A Voice Is Calling,Titanic: Music As Heard On The Fateful Voyage,"[""Ian Whitcomb"", ""The White Star Orchestra""]",2005,Jazz,Calm,english,1.5768744460725228
46lJDeiAcdkD4Dr32U3p8e,Somewhere In My Memory - Voice,Our Favorite Things,"[""John Williams"", ""Pl\u00e1cido Domingo"", ""Steven Mercurio"", ""Wiener Symphoniker"", ""Gumpoldskirchner Spatzen""]",2001,Classical,Calm,english,3.086329809000688
4LdmIfeEHulSLEXH7RWwYW,Somewhere My Love,30,"[""Harry Connick, Jr.""]",2001,Jazz,Calm,english,2.0206370455154854
5zxAxZdQL3bbeB3XGviuFi,Somewhere My Love (Lara's Theme from Dr. Schiwago),Because You're Mine,"[""Pl\u00e1cido Domingo""]",2008,Classical,Calm,english,2.2448275995655496
1wgUTAbPQkblN0nykDueMI,Somewhere Over The Rainbow,Because You're Mine,"[""Pl\u00e1cido Domingo""]",2008,Classical,Calm,english,2.5081473589313936
5vnXuY9h7Yo2zCcTTKIfBx,Somewhere Over The Rainbow,Tenors Anyone?,"[""Harry Allen""]",1997,Jazz,Calm,english,1.185423942568742
08MOfC7fTfmPkTvx0OT7sx,Somewhere Over the Rainbow,Trying to Figure It Out,"[""Grace Kelly""]",2016,Jazz,Calm,english,1.7695187049738843
0WMaQ65VN27BxYCutcPqn2,Somewhere Tonight,Thank Your Lucky Stars,"[""Beach House""]",2015,Pop,Calm,english,3.317727590322244
4CF0ypdrYDSEtAczdwrQwo,Somewhere Tonight,Thank Your Lucky Stars,"[""Beach House""]",2015,Pop,Calm,english,3.3443354165139287
4uROR0y5k7u1bMfFOmc4WK,Somewhere Tonight,Thank Your Lucky Stars,"[""Beach House""]",2015,Pop,Calm,english,3.0382892112615254
1WA5av9UlqPNOKcaUdWbGM,"Somewhere in My Memory (From ""Home Alone"" Soundtrack) - Chorus & Orchestra Version",Home Alone (Original Motion Picture Soundtrack),"[""John Williams""]",1990,Classical,Calm,english,1.9002457154521413
46i95gO6IKxRKX6Yzi66SH,Somnambulist Blues (feat. Sandro Perri),Somnambulist Blues (feat. Sandro Perri),"[""Destroyer"", ""Sandro Perri""]",2022,Pop,Calm,english,1.4429051419228909
3Ls3yBjiIvVgFpMSxzY6Qy,Son of Man,Messe I.X–VI.X,"[""Ulver"", ""Troms\u00f8 Chamber Orchestra""]",2013,Rock,Calm,english,2.484662441131968
4l0vWvqa5VUG10TQ2a3C2G,Sonata Brodsky - 2015 Remaster,Creative Eclipses,"[""Cave In""]",1999,Rock,Calm,,1.6983342703244892
4qEhjje9DLuYuZxkkn7i4p,"Sonata No. 29 In B Flat, Op. 106 ""hammerklaver"" - Scherzo: Assai Vivace",Beethoven: The Last Six Piano Sonatas,"[""Ludwig van Beethoven"", ""Peter Serkin""]",2007,Classical,Calm,english,0.9478834009493056
4nxCQGoFaRZeyayz61Ochc,Sonetti 18 - radio edit,Vain Elämää 1992-2005,"[""Samuli Edelmann""]",2005,Pop,Calm,english,2.582722285700338
3UyfY9y3WvwXj1IY8mT89z,Song 6 (Chime),Phase 3: Thrones And Dominions,"[""Earth""]",1995,Rock,Calm,english,1.7550906782911933
2uZBLEA2LZyhG3BFs1RWfg,Song For Autumn,New Tricks,"[""Old Blind Dogs""]",1992,Folk,Calm,english,2.402954025493617
2a6PDbeNeqQJifagLha4EO,Song For Emma,So What (Reissue),"[""Joe Walsh""]",1974,Rock,Calm,english,3.448872794494677
2RzUQCQiPoTU54rMDXaOeI,Song For The New Breed,I See A Darkness,"[""Bonnie Prince Billy""]",1998,Country,Calm,english,1.5689633846036934
6B77SK4eop1KASYyZTQ6t7,Song From M*A*S*H (Suicide Is Painless) - Live,Homecoming,"[""Bill Evans""]",1999,Jazz,Calm,english,1.3375822599305134
2WkjIUByXztW6tFbIWyYrY,Song Of Life - Full Version,Song of Life A Collection,"[""Libera"", ""Robert Prizeman"", ""Takatsugu Muramatsu""]",2012,Classical,Calm,english,1.480307477082667
5tToPiK5y6qwqTSZNUIds7,Song Of Old Hawaii,The Home Recordings Vol. 1,"[""George de Fretes and his Royal Hawaiian Minstrels""]",2010,Rock,Calm,english,1.400936630829987
0c2hBU9wHSo2CwIJu2JKPu,Song for Caden,"Synecdoche, New York (Original Motion Picture Soundtrack)","[""Jon Brion""]",2008,Classical,Calm,english,2.6117258126172698
1myzZGOZ3O8OIjD6sKlwzj,Song for Ten (Reprise),Doctor Who: Series 4-The Specials (Doctor Who Series 4 - The Specials),"[""Murray Gold""]",2010,Classical,Calm,english,2.274588762290421
7dsgeGymsjH1mRfBtNx2WV,Song for Ten (Reprise),Doctor Who: Series 4-The Specials,"[""Murray Gold""]",2010,Classical,Calm,english,2.1381385381313467
3KHoHlrzTdLtWLkI08kNy6,Song for Tura Satana,Zopilote Machine,"[""The Mountain Goats""]",2005,Folk,Calm,english,2.328134778989422
6wfXKPuVwUKLY7ulTRePS2,Song of Sorrow,Live in England,"[""Mickey Newbury""]",1998,Country,Calm,english,4.696827340665202
5VwrpYZ4Fx3a7NvcvzgtYG,Song of Wyoming,Windsong,"[""John Denver""]",1975,Folk,Calm,english,2.255732728910151
4O30nKkBYcCKV2h3sdNSOT,Song of the Good Wife,Croaker,"[""Chris Knox""]",1991,Pop,Calm,english,1.3761178112836234
6BgRoiuxdxz6BMXtFYuf7w,Song of the Sandman (Lullaby),"Themes From ""Calmi Cuori Appassionati""","[""Enya""]",2001,Folk,Calm,english,2.8801557276813297
5v8MBP45onsqoKv3jB92Ad,Song of the Universal,Magnificat,"[""Ola Gjeilo"", ""Walt Whitman"", ""Nidarosdomens jentekor"", ""TrondheimSolistene"", ""Anita Brevik""]",2014,Classical,Calm,english,1.7452543663245013
2R3qhtvHXnFz9drEBoT2oO,Song to the Siren,30 Great Pop Songs,"[""Tim Buckley""]",2018,Folk,Calm,english,2.882344973781588
5s5N8kSizrNMAhcCvFnYjg,Song to the Siren,Starsailor,"[""Tim Buckley""]",1970,Folk,Calm,english,2.882344973781588
70Z3Krg1zVU2dUkh0M8WK7,Songs Of Captivity And Freedom,Doctor Who - Original Television Series Sountrack Vol. 4,"[""Murray Gold""]",2009,Classical,Calm,italian,1.9936786866314584
7kjtmLs8FUYSc3UGm2nHvB,Songs Of Captivity And Freedom,Doctor Who - Original Television Series Sountrack Vol. 4,"[""Murray Gold""]",2008,Classical,Calm,italian,2.070505937957005
1sByLWxv4e3u3MntFKpdOr,"Songs from ""Friday Afternoons"", Op. 7: Songs From Friday Afternoons, Op. 7: ""Cuckoo!""",Britten: A Ceremony of Carols; A Boy was Born; Psalm 150,"[""Benjamin Britten"", ""Choir Of Downside School, Purley"", ""Viola Tunnard""]",1993,Classical,Calm,english,2.7534118641283927
2X1G8bW2kJFYLpcNMZFjRt,"Songs from ""Friday Afternoons"", Op. 7: Songs From Friday Afternoons, Op. 7: ""Old Abram Brown""",Britten: A Ceremony of Carols; A Boy was Born; Psalm 150,"[""Benjamin Britten"", ""Choir Of Downside School, Purley"", ""Viola Tunnard""]",1993,Classical,Calm,english,2.3367341135542885
26vjS75HPQgMU3z2QJuS2A,"Songs from ""Friday Afternoons"", Op.7: Cuckoo!",Britten conducts Britten Vol.3 (10 CDs),"[""Benjamin Britten"", ""Choir Of Downside School, Purley"", ""Viola Tunnard""]",2005,Classical,Calm,english,3.4726502366386014
4Puf1vnxSnf9VCwwJW2M5X,"Songs from ""Friday Afternoons"", Op.7: Old Abram Brown",Britten conducts Britten Vol.3 (10 CDs),"[""Benjamin Britten"", ""Choir Of Downside School, Purley"", ""Viola Tunnard""]",2005,Classical,Calm,english,2.335084777688546
0gdc12Sfzzr0bxAQA0wZYz,Sonic Journey,Indianapolis Intergalactic Spaceport,"[""BeebleBrox""]",1997,Electronic,Calm,english,0.9091079999781562
4WUT9xjp9PQnRTI6ydDntJ,Sonny,Recollections,"[""Phil Coulter""]",2005,Folk,Calm,english,1.5647817809695557
4UAiN8JlVVf0k3mxfdCfuI,Sonny Boy,Mandy Patinkin,"[""Mandy Patinkin""]",1989,Classical,Calm,english,2.4086314984766446
5cFcIvjk9lfGfNcMlJ9iVE,Sonny Cried,"Blue Light, Red Light","[""Harry Connick, Jr.""]",1991,Jazz,Calm,english,2.5167304854963413
1Wig1noY1n0q43zEe5VkFv,Soon-Ah Will Be Done,In Bright Mansions,"[""The Fisk Jubilee Singers""]",2003,Country,Calm,english,2.6730262586254248
1OBjBcWxONZgJqgahe02zx,Sophisticated Lady - Take 2,The Essential Duke Ellington,"[""Duke Ellington""]",2007,Jazz,Calm,english,1.9931972709461416
1iGkhUH3YPH9sW7oCn9KrH,Sophisticated Lady,"Take The ""A"" Train","[""Mitchell Parish"", ""Irving Mills"", ""Duke Ellington"", ""Canadian Brass""]",1999,Jazz,Calm,english,1.081083135326151
1pfoZ5OIfyAUMM9Xi0zoWx,Sophisticated Lady,Body & Soul,"[""Erroll Garner""]",1991,Jazz,Calm,english,0.9283473135558938
2Rk9OE7MuhNjTN44DwvHPD,Sophisticated Lady,The Indispensible Django Reinhardt (1949-1950),"[""Django Reinhardt"", ""Quintette du Hot Club de France""]",1979,Jazz,Calm,english,2.031923064121329
2ua1p76h5Yy2u3dVZ9Qb0l,Sophisticated Lady - Take 2,In a Sentimental Mood,"[""Duke Ellington""]",2018,Jazz,Calm,english,1.9931972709461416
2wLtcJbWzgZ1xJLM7P49S1,Sophisticated Lady,The Very Best Of Thelonious Monk,"[""Thelonious Monk""]",2012,Jazz,Calm,english,2.051755057416571
4d0kXOCI1uqahSs4HOd4a4,Sophisticated Lady,Dick Hyman Plays Duke Ellington,"[""Dick Hyman""]",2012,Jazz,Calm,english,1.977954627680663
6Bhazn0bRPFrP0v62iBRti,Sophisticated Lady,Big Band instrumentals: 16 Most Requested Songs,"[""Duke Ellington""]",1992,Jazz,Calm,english,1.7707377593837277
6sIQLgmMNetPPgSoxca3aR,Sophisticated Lady,The Duke: The Columbia Years (1927-1962),"[""Duke Ellington""]",2000,Jazz,Calm,english,2.1284122188928025
39TqOxwesTjhcgK5aUQMdV,Sophisticated Lady - 1997 Remix / Remaster,After Hours,"[""Sarah Vaughan"", ""Malcolm Addey""]",1997,Jazz,Calm,english,2.412574688097832
3CpzRXYQuTvbACoZ3oUuzO,Sophisticated Lady - 1999 Remastered - Take 2,Never No Lament: The Blanton-Webster Band,"[""Duke Ellington"", ""Jimmie Blanton""]",2003,Jazz,Calm,english,1.963917985854684
5heOXcnqGIAwrXsD8l2hbB,Sophisticated Lady - 1999 Remastered - Take 2,"Solos, Duets, & Trios","[""Duke Ellington"", ""Mitchell Parish"", ""Irving Mills"", ""Jimmie Blanton""]",1990,Jazz,Calm,english,1.3376254748078522
6XCQQfZw588xHFLffQe8dA,Sophisticated Lady - 1999 RemasteredTake 1,"Solos, Duets, & Trios","[""Duke Ellington"", ""Mitchell Parish"", ""Irving Mills"", ""Jimmie Blanton""]",1990,Jazz,Calm,english,1.435217523507402
4PfPTDeQiu4VQ8uRHlElR1,Sorcerer's Dream,The Well,"[""Charlie Musselwhite""]",2010,Blues,Calm,english,2.6217842689391007
41FnNTSyRaEw4m4kaGr7h5,Sorrow,Gladiator - Music From The Motion Picture,"[""Klaus Badelt"", ""Lisa Gerrard"", ""Gavin Greenaway"", ""The Lyndhurst Orchestra""]",2000,Classical,Calm,english,2.0563499142195463
585azrLsN1PlpFIPM5mSWx,Sorrow,Memory Loves You,"[""Sophie Zelmani""]",2007,Pop,Calm,english,2.149994640504696
5tPgNlmKpVqp14paDZWBMg,Sorrow,Gladiator - Music From The Motion Picture,"[""Klaus Badelt"", ""Lisa Gerrard"", ""Yvonne S. Moriarty"", ""Walt Fowler"", ""Ladd McIntosh"", ""Elizabeth Finch"", ""Jack Smalley"", ""Bruce Fowler"", ""Gavin Greenaway"", ""The Lyndhurst Orchestra"", ""Hans Zimmer""]",2000,Classical,Calm,english,1.8028942017987004
4UpZjMN05lQTJGXQuS3sTv,Sorry,Profound Mysteries II,"[""R\u00f6yksopp"", ""Jamie Irrepressible""]",2022,Electronic,Calm,english,1.6515810632068373
4Cv02C1gfo6oe2Jm2eHaj5,Sorry for the Delay,Sorry for the Delay,"[""Grizzly Bear""]",2006,Pop,Calm,english,2.1849705950515075
4W0IwZhXarg3DnrjD8sv4J,Sorry-Grateful (From Company),Sondheim: Putting It Together (Original Off-Broadway Cast Recording),"[""Stephen Collins"", ""Scott Frankel""]",1993,Classical,Calm,english,2.443169825273405
0KQLe1peQtgVxXRgjrsZPI,Soul Abduction Ceremony,Nocturnal Poisoning,"[""Xasthur""]",2002,Rock,Calm,english,3.125268698538865
6xAwatCMi2wdhwo9wlJxew,South,South,"[""Damien Jurado""]",2019,Folk,Calm,english,1.4953789476727293
1bLD7LCwgkcCnkJGwqIhVA,"Souvenir de Florence in D Minor, Op. 70, TH 118: I. Allegro con spirito","Tchaikovsky: Serenade for Strings, Op. 48 & Souvenir de Florence, Op. 70","[""Pyotr Ilyich Tchaikovsky"", ""The Russian Virtuosi of Europe"", ""Yuri Zhislin""]",2016,Classical,Calm,english,0.8319825432596631
1kbfA6qA16XlOVf5qA3CuC,Soweto - Reprise,Heritage,"[""Earth, Wind & Fire""]",1990,R&B,Calm,english,3.782138842431602
1xXVTIPL3FgTVbkPgbqCkI,Space,MJ Lenderman,"[""MJ Lenderman""]",2019,Country,Calm,english,1.5640282090051627
07HF5tFmwh6ahN93JC6LmE,Space Cadet,Welcome to Sky Valley,"[""Kyuss""]",1994,Rock,Calm,english,2.753490123718706
75hUnp31s75zvK1vYEksHR,Space Cadet,Green Machine,"[""Kyuss""]",2018,Rock,Calm,english,2.753490123718706
3VEqlcM5X36EfIqgurvX7A,Space Jam,The Pizza Tapes,"[""Jerry Garcia"", ""David Grisman"", ""Tony Rice""]",2000,Country,Calm,english,2.6667098595023617
0005VnpISGYLSGrXg9TEJS,Space Loneliness,About Darkness,"[""SadDoLLs""]",2009,Rock,Calm,english,2.02288052317319
3ljsjBbQBDj6LivhOdWj1X,Spaceport Bar Band Blues,Indianapolis Intergalactic Spaceport,"[""BeebleBrox""]",1997,Electronic,Calm,english,2.006077815767191
1jji1sWxZOo7eWnXifT7yP,Spain - Composite Alternative Take,Light As A Feather (Deluxe Edition),"[""Chick Corea""]",1998,Jazz,Calm,english,2.0238111329774737
5VN7Wt4LoCCInsi2uBWqX2,Spain - Live,Solo Piano: Originals,"[""Chick Corea""]",2000,Jazz,Calm,english,4.720863425934757
2gczQod20kzMu9XJkviaLE,Spancil Hill,The Greatest Hits,"[""The Wolfe Tones""]",2010,Folk,Calm,english,1.8207784555218949
3XptFytqEsjTVvFK8pR674,Spancil Hill,Ireland's No.1 Folk Group,"[""The Dubliners""]",2004,Folk,Calm,english,1.8684875216182568
4wxgyWSZpHnS5xkhNyLNAP,Spandrel?,Spandrel?,"[""Evita Manji""]",2023,Electronic,Calm,english,2.325593727000937
63n0RpRjdeP4SVw0qwSv4j,Spanish Eyes,Spanish Eyes,"[""Flip Phillips""]",1975,Jazz,Calm,english,4.125045280371446
04YPKXg2EikgIQbg18Ozvs,Speak Low,A Time For Love,"[""Arturo Sandoval""]",2010,Jazz,Calm,english,2.086168059092804
5SxG1BQ8JUpakHZl19iHbr,Speak Softly Love,30,"[""Harry Connick, Jr.""]",2001,Jazz,Calm,english,2.417964897863464
574y1r7o2tRA009FW0LE7v,Speak to Me,The Dark Side of the Moon,"[""Pink Floyd""]",1973,Rock,Calm,english,2.510717701902533
7wAUJ2BbuEI8Yd55cUBXtp,Speak to Me - Live,Pulse (Live),"[""Pink Floyd""]",1995,Rock,Calm,english,4.872223942442616
68pRO8q1iZ326nt9en5FkQ,Speaking For Everyone,Why Aren't I Home?,"[""Athletics""]",2010,Rock,Calm,english,2.6343739721485027
1gYce0V8ZhJflnzYIeAm17,Speaking For Everyone - Version II - Piano,Stop Torturing Yourself,"[""Athletics""]",2012,Rock,Calm,english,1.6758874814610036
600bj9jEDi2GCFQlnuQZ4u,Special Tribute - Broken Home pt. 1,We're New Again - A Reimagining by Makaya McCraven,"[""Gil Scott-Heron"", ""Makaya McCraven""]",2020,Jazz,Calm,english,2.488919016681975
4Nwrh5BlZ8I31znYQULS7G,Spectre,Spectre,"[""Radiohead""]",2016,Rock,Calm,english,2.311362426873754
6FhqMiFC6PPYXihpGTFNMC,Spectre,Spectre,"[""Radiohead""]",2016,Rock,Calm,english,2.9457704046257267
6nDzGTp2IvrtEEEgCTInMX,Spider And I - 2004 Digital Remaster,Before And After Science,"[""Brian Eno""]",1977,Electronic,Calm,english,2.070802768337693
5AM8R0UF2OYsO1yjiy5khg,Spider Monkey,Out Of Season,"[""Beth Gibbons"", ""Rustin Man""]",2002,Electronic,Calm,english,2.9792749086761434
0HidODHdMe8OYdD8oYCV0l,Spin the Context,Smiling & Waving,"[""Anja Garbarek""]",2001,Pop,Calm,english,1.405694077339411
1BDe069adjv7yo5s5xnNq9,Spirit,The Hallowing,"[""Autumn Tears""]",2007,Electronic,Calm,english,2.371684758072884
5z3Onrt6xydZoUax4uF0Rs,Spirit Away,Trust the River,"[""Sparta""]",2020,Rock,Calm,english,2.336214069551548
2XOhwUwc6mwnDQaZnEQten,Spirit Of The Water,Moonmadness,"[""Camel""]",1976,Rock,Calm,english,0.9200061707450456
6yiFgN69dgP7WvH3RMPRWv,Spirit Of The Water,Moonmadness,"[""Camel""]",1976,Rock,Calm,english,0.8831340653321732
480b0VfQWtdBGL4TVaNVpv,Spotted Pinto Bean,Meet The Residents,"[""The Residents""]",1974,Rock,Calm,english,2.644387544047969
1qKDjasAnswlbgBsOd8DJp,Sprained Ankle,Sprained Ankle,"[""Julien Baker""]",2015,Electronic,Calm,english,1.4902727792597228
5mHTg6cqhyP0BmsTQKzN1X,Sprained Ankle,Sprained Ankle,"[""Julien Baker""]",2015,Electronic,Calm,english,1.490311086226815
1xDGuirKDAYLxPuG5RQqT2,Spray,Future Days (Remastered Version),"[""CAN""]",1973,Rock,Calm,english,2.153276488942528
0sBiAF6R6KjpCVUzDkGu8L,Spread Your Bloody Wings,The Doctor Came At Dawn,"[""Smog""]",1996,Rock,Calm,english,2.195542197722549
3Z1mY0qphTfrhvkMFqtM5e,Spring,Sauna,"[""Mount Eerie""]",2015,Folk,Calm,english,3.074142096765978
6sTy6vDgVYiiwE1PS1h3nJ,Spring,Beethoven: Violin Sonatas Nos. 1-5 & 8,"[""Huw Watkins"", ""Krysia Osostowicz"", ""Daniel Tong""]",2018,Classical,Calm,english,2.548897444463384
1706f2W2p6OpGj3n6WVGJR,Spring Can Really Hang You Up The Most,"Clap Hands, Here Comes Charlie! (Expanded Edition)","[""Ella Fitzgerald""]",1989,Jazz,Calm,english,2.352421742293352
1kSoacsSqWzE4BOaXPD29d,Spring Is Here,Bill Evans' Finest Hour,"[""Bill Evans""]",2001,Jazz,Calm,english,4.003254302722213
2UD4MnomGx706pSsmB9td1,Spring Is Here,Indian Summer,"[""Dave Brubeck""]",2007,Jazz,Calm,english,2.0261936553128423
7eiwQBB9gdgHFbJUBt9Zvd,Spring Is Here,Point in Time,"[""Fred Hersch""]",1995,Jazz,Calm,english,1.6924678607203774
5X3autNQKl6vwtu64tFgjR,"Spring Is Here - Live At Town Hall, New York City/1966",Bill Evans For Lovers,"[""Bill Evans""]",2004,Jazz,Calm,english,4.346361923242633
2HByTBrd5X2HDCHg84bCCv,Springtime,Let's Be Still,"[""The Head And The Heart""]",2013,Folk,Calm,english,2.163371176843496
17Joj6FBeiNAk3gdnq8i12,Squeeze Me,"Classic Earl Hines Sessions (1928-1945), Vol. 7","[""Earl Hines""]",2014,Jazz,Calm,english,1.5339872893368909
38eQjt5fJVlF0P3BmGII4Z,Squeeze Me,The Best Of Paul Desmond,"[""Paul Desmond""]",1990,Jazz,Calm,english,1.948062655614344
3vSPkAcdkvmMIO23LQAOTa,"St. Columba ""The King of Love My Shepherd Is""","The Complete New English Hymnal, Vol. 16","[""Traditional"", ""The Choir of Kings School, Canterbury"", ""Matthew Martin"", ""Howard Ionascu""]",2003,Classical,Calm,english,3.5721314572020586
0AviPcSoRWkhY8T7sdzC8D,St. Louis Blues,"Haverford College, Jan. 25, 1980 (Solo Rhodes Piano)","[""Sun Ra""]",2020,Jazz,Calm,english,1.3629060352031637
1rP5zypuhA5w3gfwLRrTMx,St. Louis Blues,Dreams of New Orleans,"[""Wycliffe Gordon""]",2012,Jazz,Calm,english,2.852066977378828
2IZSbs1FYv44lK4X1ef7AZ,St. Louis Blues,Amazing Brass,"[""Canadian Brass""]",2003,Pop,Calm,english,1.7159620575537966
45KAs60QoEynNJXWfY0rJy,St. Louis Blues,Swing That Music,"[""Luther Henderson"", ""William C. Handy"", ""Chuck Daellenbach"", ""Brandon Ridenour"", ""Jeff Nelsen"", ""Shachar Israel"", ""Eugene Watts""]",2009,Classical,Calm,english,1.839955044029391
5c6NfV3i8mVA2ViLB73DFk,St. Louis Blues,Teddy Wilson,"[""Teddy Wilson""]",1978,Jazz,Calm,english,4.355740492214189
3YGXKePlEOBkapT5BWN8yT,"St. Louis Blues - Recorded Live, May 8, 1977","Live at the Keystone Korner (Recorded Live, May 8, 1977)","[""Mary Lou Williams""]",2002,Jazz,Calm,english,4.542215519537029
7eRIeDIs4KMJ1rs7AIBoEQ,Stab,1692,"[""Frayle""]",2020,Rock,Calm,english,1.9584724751577005
1E81qx5u8U29k1S3rVxh0u,Stabat Mater,Pärt: Creator Spiritus,"[""Arvo P\u00e4rt"", ""Theatre Of Voices"", ""Paul Hillier""]",2012,Classical,Calm,english,3.1435753011872585
2JDl9i0X5msM56CuI7mYBS,Stagnation,Trespass,"[""Genesis""]",1970,Rock,Calm,english,2.112869577492716
39ZvOwk7KvQMT5pcwIf5E2,Stained Glass,As The Crow Flies,"[""Steve Von Till""]",2000,Rock,Calm,english,1.4687561501329025
5yyztdKB0zXJaYdRTFD2Kw,Stains of Time,Delicate Fade,"[""Common Children""]",1997,Rock,Calm,english,1.6769767800200666
7c8vBYwvGZ53rY2fmvOS4J,Stand By Me,Where No One Stands Alone,"[""Elvis Presley""]",2018,Rock,Calm,english,2.426898101570312
1PW2hid3ykCy8GEZeIST4A,Stand Up and Bless the Lord #7,"Hymns of the Church, Vol. 1","[""Oasis Chorale""]",2014,Classical,Calm,english,2.924944368385318
77dFjiEaqqwBoqZzT4UC5J,Star Carol,The John Rutter Christmas Album,"[""John Rutter"", ""The Cambridge Singers"", ""City of London Sinfonia""]",2002,Classical,Calm,english,2.549911001717797
45UhDc4gLwtxYmHDAVqFIs,Star City,Last Night Something Happened,"[""Monster Movie"", ""Christian Savill of Slowdive"", ""Sean Hewson of Sarah Records' Eternal""]",2002,Rock,Calm,english,2.322680809770735
4hW8aldFMxFjB4qcdmnKff,Star Dust,Ken Burns Jazz-Dave Brubeck,"[""Dave Brubeck""]",2000,Jazz,Calm,english,1.6586975466054734
4PjrzZPLNSbVvEiwXdeuKA,Star Dust - Remastered 2001,The Best of Army Air Force Band,"[""Glenn Miller & The Army Air Force Band""]",2001,Jazz,Calm,english,1.9722772110602755
4lWBOpCMeZYBO0vJNlvSk8,Star Of Bethlehem,Home Alone 2: Lost In New York (Original Score),"[""John Williams""]",1992,Classical,Calm,english,1.7627059859400642
3mLtdARk8yKSsrtFpadbZT,Star Power IV: Ooh Ooh,…And Star Power,"[""Foxygen""]",2014,Classical,Calm,english,2.18514329109087
1LaQ3RGV5wfIGEAsdUlkWA,"Star Trek: Main Theme - From ""Star Trek""",The Ultimate Star Trek,"[""Alexander Courage"", ""Fred Steiner"", ""Royal Philharmonic Orchestra""]",2000,Classical,Calm,english,1.6683066948364658
13MYAqxnt0VgcGAVunnQfk,Star eyes,The Touch Of Your Lips,"[""Chet Baker""]",1986,Jazz,Calm,english,1.7369672905413496
1FZPY1QBU0Hs5ptIanDVXK,Star in the East,"The Cherry Tree: Songs, Carols & Ballads for Christmas","[""Traditional"", ""Anonymous 4""]",2010,Classical,Calm,english,3.386648066647332
5MNkMPDxNoQCILLPJw4XAB,"Star of Bethlehem (From ""Home Alone"" Soundtrack) - Voice",Home Alone (Original Motion Picture Soundtrack),"[""John Williams""]",1990,Classical,Calm,english,1.865959791551374
4DzQPw4z8y8ZcJ6EmEz843,Star of Wonder (Gloria) [feat. Dear Gravity],"And on Earth, Peace","[""Salt Of The Sound"", ""Dear Gravity""]",2019,Electronic,Calm,english,3.7561718560913526
0hlX3I3u0sYNTTsvVgEKKQ,Starbound,Okie,"[""J.J. Cale""]",1974,Blues,Calm,english,1.783865621460834
02mkQASJnCbz5nHYaFCeLc,Stardust,New Metropolitan Swing,"[""Pearl Django""]",1999,Jazz,Calm,english,2.3903236269701384
09JSmxCUJrjBE0dVXurHT2,Stardust,Portrait,"[""Gerry Mulligan"", ""Hoagy Carmichael"", ""Mitchell Parish""]",2014,Jazz,Calm,english,1.4670972063004128
1Rb80vFF1Hcj2sWkpPZRtx,Stardust,Glenn Miller - 34 Greatest Hits,"[""Glenn Miller""]",2006,Jazz,Calm,english,1.969764100653276
1V6oOEJHXDOIZESnxpxt0p,Stardust,Plays For Lovers,"[""Dave Brubeck""]",2006,Jazz,Calm,english,2.447352771817581
1kjDOg743WbpyNDPTkXo6P,Stardust,Tenor Giant,"[""Don Byas""]",1996,Jazz,Calm,english,2.5306889671780004
2g1iBv7SXxiXX0IEG4lz2k,Stardust,Reunion With Chet Baker,"[""Gerry Mulligan"", ""Chet Baker""]",1988,Jazz,Calm,english,1.4670972063004128
2kmoIS46XnkZITMasjt08S,Stardust,Stardust & Much More,"[""Hoagy Carmichael & His Orchestra""]",1989,Jazz,Calm,english,2.3646604021428663
4MGR9FW68b6Ojgbzw26xVc,Stardust,"""25""","[""Harry Connick, Jr.""]",1992,Jazz,Calm,english,2.342983027570124
4Q9EqMGjUiuHjONbi7w8pN,Stardust,The Shadows: Essential Collection,"[""The Shadows""]",2004,Rock,Calm,english,1.216052566700732
4nbqUfqKObLWhuUT7PWV1N,Stardust,Plays Ballads,"[""Ben Webster""]",2002,Jazz,Calm,english,1.6949741125409368
58Ag7aACK2hGaVHuwmHJZQ,Stardust,The Tonight Show Band Vol II with Doc Severinsen,"[""Doc Severinsen""]",1987,Jazz,Calm,english,2.5524237773399285
6ZVSmq2eSZecH6vqIeQukf,Stardust,Oscar Pettiford,"[""Oscar Pettiford""]",2015,Jazz,Calm,english,2.008154515992045
6uWZiHfVLcEGgrvSYCcGzQ,Stardust,In The Beginning,"[""Sonny Stitt""]",1991,Jazz,Calm,english,1.7625386303653543
7EBajj5xlJKyma2nzZbnea,Stardust,The Very Best of Doc Severinsen,"[""Doc Severinsen""]",1986,Jazz,Calm,english,2.5524237773399285
7q6jrCEQ9VbDRdEkxdBxXU,Stardust,Stardust: The Music Of Hoagy Carmichael,"[""Bill Charlap"", ""Shirley Horn""]",2002,Jazz,Calm,english,2.456054812757563
7op7V4oQXrE9eNUqUFcsnH,Stardust (feat. Uncle Festive) - Digitally Remastered: 1996,Beautiful Ballads & Love Songs,"[""Barry Manilow"", ""Uncle Festive""]",1973,Pop,Calm,english,2.4046351874193643
74QZQajnDeQ3LLhXropNGJ,Stare,"Crooked Rain, Crooked Rain: LA's Desert Origins","[""Pavement""]",2004,Rock,Calm,english,2.377348449181781
7AyX7olXMf8RCpmIfJDc8g,Starla - 2011 Mix,Gish (Deluxe Edition),"[""The Smashing Pumpkins""]",1991,Rock,Calm,english,3.019599371915898
4TeXfwPmAhXDpTFSOkKBtZ,Starlight Ride,Breathless,"[""Camel""]",1978,Rock,Calm,english,2.108983998447975
5O2xqqoHBbMrxvBUlKYO3a,Starlite Diner,29,"[""Ryan Adams""]",2005,Country,Calm,english,2.619945906841935
0APiN9bbtjfKVaPqf5yggs,Stars,Lux,"[""\u0112riks E\u0161envalds"", ""Sara Teasdale"", ""VOCES8""]",2015,Classical,Calm,english,1.8046067192327784
5ut7RavktHdSciT8HhaeDm,Stars,Lux,"[""\u0112riks E\u0161envalds"", ""Sara Teasdale"", ""VOCES8""]",2015,Classical,Calm,english,1.8046067192327784
2VK5BkqdDqLHVPWzp5ihCk,Stars Die,Stars Die (Remaster),"[""Porcupine Tree""]",1992,Rock,Calm,english,1.7794669713609623
22MSlLnkw4jTFnsmDsdepZ,Stars Fading,It's A Game,"[""Edith Frost""]",2005,Country,Calm,english,1.068385180693291
1eIBztiBEGI5wMRShVrK2s,Stars Fell On Alabama,Work From Home with Stan Getz,"[""Stan Getz""]",2020,Jazz,Calm,english,0.8370618523557242
7ayzC8IuVTWWcDBGnfNgKA,Stars Fell On Alabama,20,"[""Harry Connick, Jr.""]",1988,Jazz,Calm,english,1.2325133906205097
6Fxc6PVPHdvhz94kyqXHvA,Stars I Shall Find,If Music Be The Food Of Love (Disc 2),"[""The University Of Utah Singers""]",2007,Classical,Calm,english,1.718411036911144
0PgT8DiJmpqTnf9SnFnHM0,Stars Will Fall,Capsule Losing Contact,"[""Duster""]",2019,Rock,Calm,english,1.254421678718567
1AAG2NjzmczwoQxi2Jo1M7,Stars Will Fall,Capsule Losing Contact,"[""Duster""]",2019,Rock,Calm,english,1.2556929125760077
6rutiXUj2TSKBeuooCvigP,Stars Will Fall,"Transmission, Flux","[""Duster""]",1997,Rock,Calm,english,1.2556929125760077
46BV8Nf5pWJT8VMd5jGPfc,Starship,Black to Comm,"[""MC5""]",1994,Rock,Calm,english,2.648414159152392
0dcu28YT8cXZH7JTIraszp,Starting Over,LSD and the Search for God,"[""LSD and the Search for God""]",2007,Rock,Calm,english,2.4206086681503938
3foIGbQ1FPZYJJ7RQ6v4Nj,Stay,Adore,"[""Numenorean""]",2019,Rock,Calm,english,2.2485652030436944
2HLneG1Tgk5fwsP8cSEPO9,Stay - Bloodwire Mix,Glo,"[""Hungry Lucy""]",2003,Electronic,Calm,english,0.7051772581650351
79ureJnW6EPJ04KM1QE3Mh,Stay - Claire Voyant Mix,Glo,"[""Hungry Lucy""]",2003,Electronic,Calm,english,1.824689067108997
0PzZSDxrJB4G7c1QT2rYEq,Stay As Sweet As You Are,"The Art Tatum Solo Masterpieces, Vol. 1 [Original Jazz Classics Remasters]","[""Art Tatum""]",2013,Jazz,Calm,english,1.400625464861647
4p4TZNs0Z0HNQZayJnRUQ6,Stay Awake,Mary Poppins (Original Motion Picture Soundtrack),"[""Julie Andrews""]",1997,Classical,Calm,english,2.660844765757464
0DcxLrvPPkOQtytolEC5ZI,"Stay Awake - From ""Mary Poppins""/Soundtrack Version",Mary Poppins,"[""Julie Andrews""]",1997,Classical,Calm,english,2.660844765757464
1g8SAhlSBYxRcP5boyr4r9,Stay with Me,Shadows in the Night,"[""Bob Dylan""]",2015,Folk,Calm,english,2.54523947116528
3fkAmC42Bc46hUO5lLVGMj,Stead,Thank You Reykjavik,"[""Rivulets""]",2002,Rock,Calm,english,1.7923748361499603
6aFHqXUGGB8eMV7OuNtxhi,Steamed Glass,Debridement,"[""Rivulets""]",2003,Rock,Calm,english,1.746325246538478
53Em0dYoacDflMEROypSlD,Steer Your Way,You Want It Darker,"[""Leonard Cohen""]",2016,Folk,Calm,english,2.6999422517980443
7zkA4TSmYO1Bko2PnFn0YB,Steven Universe,Steven Universe,"[""L.Dre""]",2020,Electronic,Calm,english,2.3766418846892186
6aBdQEsJIsM3vzRFk66qvV,Stevie,Caroline Now! The Songs of Brian Wilson and the Beach Boys,"[""Saint Etienne""]",2005,Pop,Calm,english,1.708556393280606
0ZKQhyB74voH7hOuh9X3Hj,Stick Around,Blood Hot,"[""Tess Parks""]",2013,Rock,Calm,english,1.8150384757666391
2OQOYULLeWnGzlGcXQMGLv,Still,Midnight Magic,"[""Commodores""]",1979,Pop,Calm,english,2.445205843617928
7CgMhO59eKmKfVMr8skSvZ,Still,Relapse,"[""Chiasm""]",2006,Rock,Calm,english,1.8282390631431809
7o28R0XuIjvD3cdepj3cjL,Still,Unmap,"[""Volcano Choir""]",2009,Folk,Calm,english,2.148474851987272
56mjAvldUW30Oge7yOsnYw,Still (Interlude),Cloak,"[""Jordan Rakei""]",2016,R&B,Calm,english,2.392661704766045
3YZk0pVNHJHTbfMNYrshMN,Still Light,Silent Shout,"[""The Knife""]",2006,Electronic,Calm,english,2.301349415342316
3IRgQUzn3lOFceuGI5JTNi,Still Still Still,A Fresh Aire Christmas,"[""Mannheim Steamroller""]",1988,Pop,Calm,english,2.170111074761938
1gE8cIAV38iOXCfr0xi4kA,"Still, Still, Still",The Christmas Album,"[""Traditional"", ""Aled Jones"", ""English Session Orchestra""]",2004,Pop,Calm,english,2.9071191658095
5beGjithATEJKjobjWfLZL,"Still, Still, Still",Hodie,"[""Arr. Norman Luboff"", ""Octarium""]",2007,Classical,Calm,english,3.5141457291355684
5krswNzuQrxAmOwn2s9GMj,"Still, Still, Still",Libera: The Christmas Album (Standard Edition),"[""Libera"", ""Robert Prizeman""]",2011,Classical,Calm,english,2.399196231460622
2sgGIcaub1Gg4FGrslGKe8,Stille Nacht (Silent Night),Christmas Favorites from the World's Favorite Tenors,"[""Franz Xaver Gruber"", ""Jos\u00e9 Carreras""]",1981,Classical,Calm,german,2.272605041397357
0deemZt26nbiZbxBTZOXsZ,Stimulation,Hated in The Nation,"[""GG Allin""]",1987,Rock,Calm,english,5.299125527133487
4XCHulAtlxqy8wbjjl5Tc4,Stitched to My Heart,1,"[""The Black Heart Procession""]",1998,Rock,Calm,english,1.564308602715208
3vCg1IbQEpEJc0fxWdLLw3,Stockholm Syndrome Interlude,blink-182,"[""blink-182""]",2003,Rock,Calm,english,1.6546653074229454
1znur4T7S8wftHv6hcaHov,Stomach Song,Feel Good Lost,"[""Broken Social Scene""]",2001,Classical,Calm,english,1.848409309876221
40Ny0Ul87pnAUeiqzmOyEt,Stompin' at the Savoy,When Harry Met Sally... Music From The Motion Picture,"[""Harry Connick, Jr.""]",1989,Jazz,Calm,english,2.049565243807823
6wwfUKOJViK9mkpScVcB8O,Stompin' at the Savoy,The Only Big Band CD You'll Ever Need,"[""Benny Goodman""]",1999,Jazz,Calm,english,3.558621063880551
21L1dVOTGhvAKvBXXnTIHj,Stop,The Wall,"[""Pink Floyd""]",1979,Rock,Calm,english,2.9967302853067523
3RUJ5JNb6QcZe4gqc1N2iZ,Stop Singing,No Flashlight,"[""Mount Eerie""]",2015,Folk,Calm,english,1.771993380414719
5yoigfremdPbLVV3bwB2Wg,Stop Talking,Everyone Who Pretended To Like Me Is Gone,"[""The Walkmen""]",2002,Rock,Calm,english,1.936441434244194
74AgXeDneR41rYHxIZ278B,Storm,Stay In The Shade EP,"[""Jos\u00e9 Gonz\u00e1lez""]",2007,Folk,Calm,english,1.3033002679236338
1uQVrfQXsCDaGvjt6qDOWv,Storms in Africa (Pt. II),Watermark,"[""Enya""]",1988,Folk,Calm,english,1.8938854080248
6nabYyHpzzDQg28eNU3HKc,Stormy Monday,You Won't Remember Dying,"[""Bulbous Creation""]",2014,Rock,Calm,english,1.6138153594833675
32pQP3XD7rIYraHKMVq9pu,Stormy Weather,All Kinds Of Weather,"[""Red Garland Trio""]",1990,Jazz,Calm,english,0.9586495121473227
2Eq6EmlwoI7p8woK6gCfpe,Straighten Up And Fly Right,The Nat King Cole Collection,"[""Beegie Adair""]",1998,Jazz,Calm,english,2.7848092220265475
7dP6E5XvugYsUjdXukLC0L,Straighten Up and Fly Right,Exhale,"[""Arthur Blythe""]",2003,Jazz,Calm,english,2.2807051686517594
4HNrmrZdEgJfbj3gbOPXEi,Strange Dreams II. Consume,Fathoms,"[""Autumn Orange""]",2019,Electronic,Calm,english,2.8622369426591283
11iYctPaxdXkrQt2JU7XtN,Strange Dreams III. Falling Stars,Fathoms,"[""Autumn Orange""]",2019,Electronic,Calm,english,4.742150000301291
1qX3Jfn3fFFbrJpLgZdxPh,Strange Dreams IV. Wander,Refjorged,"[""Autumn Orange""]",2020,Electronic,Calm,english,2.243936976384785
0NuXvZ8tqwzZFmkqE6hhAN,Strange Dreams VI. Arbor Exemplar,Refjorged,"[""Autumn Orange""]",2020,Electronic,Calm,english,2.498951962476964
1tCEkfTqRPnaD1ZcB2Jx3Z,Strange Fruit,Yarlung Records: 10th Anniversary,"[""Abel Meeropol"", ""Sophisticated Lady Jazz Quartet""]",2015,Electronic,Calm,english,1.697718666990776
44nMqGPzjso1qnJrCvvoBE,Strange Fruit,Abbey Sings Billie,"[""Abbey Lincoln""]",2001,Jazz,Calm,english,4.790738140576508
6IdupS7vvlSd95IDqCibw3,Strange Land,Legend,"[""Clannad""]",1984,Folk,Calm,english,2.917468338939881
31eiP5b7wZUAZRvKKt8rNe,Strange Things Will Happen,Lesser Matters,"[""The Radio Dept.""]",2003,Pop,Calm,english,2.3363001132849206
1MLyiinUIUR17NeE4K21w6,Strange World,A Call to Irons: A Tribute to Iron Maiden,"[""Evoken""]",1994,Rock,Calm,english,2.9057297297967053
4UMSIF61YJERLBFiFRwswJ,Strangelight,The Argument,"[""Fugazi""]",2001,Rock,Calm,english,2.5461606561697057
1Ev6m6aZBca1OESkeR6Tby,Stranger In Paradise,Feeling Good,"[""Lisa Hilton""]",2002,Jazz,Calm,english,0.8346615345683361
73ayfNER37Uq6RGyT7vwgi,Stranger In Paradise,All Time Greatest Hits,"[""Al Hirt""]",1989,Jazz,Calm,english,2.396562329416679
1nhHmLz8RZEHGwNWIZJ6kM,Strangers In The Night,The Frank Sinatra Collection,"[""Beegie Adair""]",1997,Jazz,Calm,english,2.143498843417421
3gLmDtWTOG4sWWIEtgFpOd,Stratofarm,Tempel,"[""Colour Haze""]",2006,Rock,Calm,english,2.2958111397412697
2W0FkJ568a4BM4639pSRkQ,Stray (demo),1992 - 2001,"[""Acetone""]",2017,Rock,Calm,english,1.0409976935740195
5k843J6DOwmkHqD2j9TYyH,Street of Dreams,"Music of Manhattan, 1951","[""Lee Wiley"", ""Billy Butterfield"", ""Joe Bushkin"", ""Mort Stuhlmaker"", ""George Wettling""]",2008,Jazz,Calm,english,2.374070151695641
3Lk3p6f0jUsYL0BvozpvJa,Street of Dreams - 78 rpm Version,The Divine Sarah Vaughan: The Columbia Years 1949-1953,"[""Sarah Vaughan""]",1988,Jazz,Calm,english,2.486064904802741
5XmANW5E4FmD59cFfjxgbK,Strings of Nashville,"Crooked Rain, Crooked Rain: LA's Desert Origins","[""Pavement""]",2004,Rock,Calm,english,1.4285107887906674
0OF5OajG8QaXfI61sewTHP,Strolling Down The Highway,Family Tree,"[""Nick Drake""]",2007,Folk,Calm,english,1.6640883171001544
1gi6XFHqmjDFvIRmtBK2Yc,Stronger,Angel Lust,"[""Eartheater"", ""LEYA""]",2019,Electronic,Calm,english,1.7362312601816376
1TT4QOplsT0tciZXTeukHN,Stubborn Salty Tears,Sleep,"[""Kimberly Freeman""]",2009,Folk,Calm,english,2.449632395757523
2OWs4IaG1vWTcxEKvANwTX,Stuck In The South,Stuck In The South,"[""Adia Victoria""]",2016,Folk,Calm,english,1.965554565805378
7gCQxWpBtMg2tpEdqGUQa8,Stuck In The South,Beyond The Bloodhounds,"[""Adia Victoria""]",2016,Folk,Calm,english,1.965554565805378
3O9Hx293mpkdwwR8v2G68h,Study for Three Hands,The Legend of 1900 (Original Motion Picture Soundtrack),"[""Ennio Morricone""]",1998,Classical,Calm,english,2.6753045052601405
4bbdwn07T9xWdZv8siAptT,Stumbleine - Remastered 2012,Mellon Collie And The Infinite Sadness (Deluxe Edition),"[""The Smashing Pumpkins""]",1995,Rock,Calm,english,1.5978335197197409
2l0UEegDXNWsnZ7kzR8UJd,Stupid Car,Drill EP,"[""Radiohead""]",1992,Rock,Calm,english,2.728024660242061
0Uzhjrs4aQNBYigpR8kL98,Stygian II: In Ageless Slumber (As I Dream in the Doleful Embrace of the Howling Black Winds),Stygian,"[""Atramentus""]",2020,Rock,Calm,english,2.368303441732107
7tseFSjONtAYWSngGQiAz0,Subconscious,Equilibrium,"[""LTR""]",2013,Electronic,Calm,english,0.9972719517301024
2BNHMv7lqDbWlN9LISW7NK,Submarine,Live in Italy,"[""Cranes""]",2003,Rock,Calm,english,4.345762756704611
09t1bwFXBEOR4PyXdBhdLd,Submerged Seconds,Fall-Dark Waters,"[""Decoryah""]",1996,Rock,Calm,english,2.680038468486502
1hF8tlYKoBMJiqa011nPeu,Submerged in Emptiness,Death Requiem,"[""Frowning""]",2020,Rock,Calm,english,3.069387755998129
3HCfh7fn7opHuKsLoLYWsZ,Subterranean Homesick Alien,Strung Out On OK Computer: VSQ Performs Radiohead,"[""Vitamin String Quartet""]",2001,Classical,Calm,english,2.511364004810568
2yfKkvgywRAY9xy849piLp,Subterraneans - 2017 Remaster,Low (2017 Remaster),"[""David Bowie""]",1977,Rock,Calm,english,2.3367717116146607
0QNBTPbBVATgu6VOdj6lEU,Subway (J'aime La Pluie D'été),Lost Causes,"[""Flunk""]",2013,Electronic,Calm,english,2.20778609405518
0WtK1oYyB89j6V2tfGirHp,Sugar,"Music of Manhattan, 1951","[""Lee Wiley"", ""Billy Butterfield"", ""Joe Bushkin"", ""Mort Stuhlmaker"", ""George Wettling""]",2008,Jazz,Calm,english,2.8999728502501307
0owwlHecJXjKWs18vQqAM0,Sugar,"Music of Manhattan, 1951","[""Lee Wiley"", ""Billy Butterfield"", ""Joe Bushkin"", ""Mort Stuhlmaker"", ""George Wettling""]",2008,Jazz,Calm,english,2.840591578141076
59K1uNydY6K2z1HEGBJ4WH,Sugar Babe,Texas Songster,"[""Mance Lipscomb""]",2000,Blues,Calm,english,1.9887698033758896
3HyVnHmdBqREFZY852QVpt,"Suite (From ""Dirty Harry"")",100 Greatest Film Themes,"[""National Youth Jazz Orchestra"", ""Bill Ashton""]",2007,Jazz,Calm,english,1.938602262290986
7dC6SEEbnFoxQ0jTOl98k6,"Suite (From ""To Kill A Mockingbird"")",The Essential Elmer Bernstein Film Music Collection,"[""The City of Prague Philharmonic Orchestra""]",2005,Classical,Calm,english,2.1251960479137706
47qdTr6Y4EEg2EodPr9YkR,Suite From The Tender Land: Laurie's Aria,Copland: Tenderland Suite; Appalachian Spring,"[""Aaron Copland"", ""Third Angle"", ""Murry Sidlin""]",1997,Classical,Calm,english,3.009334025496579
1jlwmxZr1E0ID0f06zpikh,Sum,Catch Thirty Three,"[""Meshuggah""]",2005,Rock,Calm,english,3.3274155006805697
3bTKNMZ4PJ89USIdZK3uJc,Summer (Estate),Softly,"[""Shirley Horn""]",1998,Jazz,Calm,english,1.4141222893152496
58HDQrY3D23KjyYFc4apbW,Summer - Demo,Empath (Deluxe Edition),"[""Devin Townsend""]",2019,Rock,Calm,english,1.6860742541580604
1tPbf2sk6mJMO8Kkr86WSR,Summer Dub,Have Fun With God,"[""Bill Callahan""]",2014,Country,Calm,english,2.58979013215876
2VFlocmKzrePi16um5MJhg,Summer Dying Fast (Orchestral),Midnight in the Labyrinth,"[""Cradle Of Filth""]",2012,Rock,Calm,english,3.248675057849934
0WpzlpLJwsLpdgWh4YxXhp,Summer Painter,Dream River,"[""Bill Callahan""]",2013,Country,Calm,english,1.253583815761317
2Qxxsr5qLqVl5r9cXMGrX0,Summer Song,1975: The Duets,"[""Paul Desmond"", ""Dave Brubeck""]",1975,Jazz,Calm,english,1.3537295869603243
73GLwlOrimPn0JNq4t555r,Summer Song,1975: The Duets,"[""Paul Desmond"", ""Dave Brubeck""]",1975,Jazz,Calm,english,1.143707058802694
6SYVs7SfG66DFbssujO9Sg,Summercrush,Life In A Coma,"[""Ask For Joy""]",2009,Rock,Calm,english,2.9759621139210064
16bdPedmSqdAKuRfTY47IF,Summerside,Before And Now Seems Infinite,"[""Federico Albanese"", ""Marika Hackman""]",2022,Classical,Calm,english,2.223010141639997
1gpH9lLgCVgRcffsfdTQFe,Summertime,Moon River,"[""Dan Gibson's Solitudes""]",2013,Classical,Calm,english,3.402176065696004
4x4t439YUJT6WxThGXUhrw,Summertime,Charlotte Church (US version),"[""George Gershwin"", ""Charlotte Church"", ""Sian Edwards""]",1999,Jazz,Calm,english,2.175668702185448
6Nfbuj98WMpkc53x4raKVx,Summertime,Evening by the Lake,"[""Dan Gibson's Solitudes""]",2013,Classical,Calm,english,6.05424436302808
5X1NqwElULkmpOg8EZasR9,"Summertime (From ""Porgy and Bess"")",100 Greatest Musicals,"[""Philharmonia Orchestra"", ""Lesley Garrett""]",2010,Classical,Calm,english,2.86246940270836
5TAq4NXQnxLZ17BeTZB941,"Summertime in Heidelberg (From ""The Student Prince"") - 1989 Remastered",Mario Lanza Sings Songs From The Student Prince and The Desert Song,"[""Nicholas Brodszky"", ""Mario Lanza"", ""Elizabeth Doubleday"", ""Constantine Callinicos""]",1989,Classical,Calm,english,2.8592546234284963
7JNZRT9CsL9vOay0mb9eoN,Sun Day,Jesu,"[""Jesu""]",2004,Rock,Calm,english,3.112158573570944
1mdAB6ICTiHkedEy777hvJ,Sunday,Sunday in the Park with George (Original Broadway Cast Recording),"[""Mandy Patinkin"", ""Bernadette Peters"", ""Sunday in the Park with George Ensemble""]",1984,Classical,Calm,english,2.421264766110601
5hj2WG3fsBoBHvetVGIWBS,Sunday,Sunday in the Park with George (Original Broadway Cast Recording),"[""Mandy Patinkin"", ""Bernadette Peters"", ""Sunday in the Park with George Original Broadway Cast Ensemble""]",1984,Classical,Calm,english,2.9388494591289835
4DW0VY5fyPLl0HU4LlPkCm,Sunday Mornin' Comin' Down,Willie Nelson Sings Kristofferson,"[""Willie Nelson""]",1979,Country,Calm,english,1.648530782718366
30eY4BWL9mD5Gmi8fIPCax,"Sunday Morning - Live At The Family Dog, San Francisco 11-9-69",The Bootleg Series Vol.1 - The Quine Tapes (Live),"[""The Velvet Underground""]",2001,Rock,Calm,english,1.663671136762188
0b1rVimqw4SU0O9gxba2Em,Sunrise,Blows Against The Empire,"[""Paul Kantner/Jefferson Starship""]",1970,Rock,Calm,english,2.299862664141484
4qPVA2Vl5JoYK1XTXQlLxr,Sunrise,Live in Italy,"[""Cranes""]",2003,Rock,Calm,english,4.13508100005597
59VRe9Y5FmqpWvL4EgDsAJ,Sunrise,Future Songs,"[""Cranes""]",2002,Rock,Calm,english,1.393711692468503
5yfHJKRdkFbJy0XKlLWibG,Sunrise,Spirits,"[""Adam Rudolph""]",2000,Jazz,Calm,english,2.823678247821781
17fl2dOXIfItvl8gXJM7uc,Sunshine,So Sunshine,"[""HNNY""]",2020,Electronic,Calm,english,1.4567344939885127
47TlrKsE33PbtpdoyiYLNe,Sunshine,Sunshine,"[""HNNY""]",2020,Electronic,Calm,english,1.4567344939885127
78IOa4E1H4SCGTXEESQuQf,Sunshine,Sunshine,"[""Seneca B""]",2018,Electronic,Calm,english,2.631138490488682
7nwzuHFo2zuzq1daebNi23,Super Falling Star,Peng!,"[""Stereolab""]",1992,Rock,Calm,english,1.8353509461883049
4Y5nf6sLY0YryjmKBgJK8F,Supersymmetry,Reflektor,"[""Arcade Fire""]",2013,Rock,Calm,english,2.355220261222523
5VowyNY05hbAksqO72xmKp,Suppose,The Home Recordings,"[""Elvis Presley""]",1999,Rock,Calm,english,2.154007730613793
2s1TwjyRDFl0Hy8oFPjBpx,Supreme - Greetings From - Live Session,All That We Had Is Lost,"[""Postiljonen""]",2014,Pop,Calm,english,1.7475670201386506
3exq8Jw1w0rstVgFT9mjJW,Surf Colorado,"A Nice Night for an Evening, Vol. 2","[""Bowling For Soup""]",2019,Pop,Calm,english,1.4631386526237975
4QjM7smqeTJRmzen3TgoaB,Surrender,The Very Best Of Perry Como,"[""Perry Como""]",2000,Pop,Calm,english,3.3564924909886287
54ASUXVZNSUruVQ42N1QDJ,Surrender,Perry Como's Greatest Hits,"[""Perry Como""]",1999,Pop,Calm,english,2.5575918692081085
3JGhWkxALa6OLMjBv6yz79,Susie May,Susie May,"[""beabadoobee""]",2018,Pop,Calm,english,1.510423822124509
1e3eIhxlP3bF3HaGJg8i75,Sussex Carol (On Christmas Night),"Christmas Carols, From King's College Cambridge","[""Traditional"", ""Choir of King's College, Cambridge"", ""David Briggs"", ""Stephen Cleobury""]",2021,Classical,Calm,english,2.5404644849102644
0MRTmPOJ628nMO5bCpQHkJ,Swallowing the Filth of Life,Elements,"[""Hopeless""]",2009,Rock,Calm,english,3.0433573642883647
7lm9pakNz5YKIOKk2IrUAv,Swanmate,Trickstereprocess,"[""Kidneythieves""]",2003,Rock,Calm,english,5.037417424147792
46K5aK8Tm5gvh7ueJsE8GU,Swans,Rivulets,"[""Rivulets""]",2002,Rock,Calm,english,1.3049646582337984
4iYTAHN9guLbPvziZMpK8z,Sweet Dreams (Are Made of This),80s Covers,"[""Scala & Kolacny Brothers""]",2017,Classical,Calm,english,2.066773498558963
2Hvl81xmuqfDnDFd0bR9zf,Sweet Hour of Prayer - Live,Voices In Harmony,"[""William B. Bradbury"", ""Vocal Majority"", ""The Tabernacle Choir at Temple Square"", ""Jim Clancy""]",1987,Classical,Calm,english,3.808098615299028
347lGcvxMhptxxJ8W0RyZ9,"Sweet Is the Peace the Gospel Brings (Arr. L. Johnson for Men's Choir, Violin & Piano)",Set Apart: Beloved Missionary Hymns,"[""Alfred M. Durham"", ""BYU Men's Chorus"", ""Mayu Greenhalgh"", ""Conlan Miller"", ""Rosalind Hall""]",2018,Classical,Calm,english,3.721267958149453
1Jn19hWYhtFTHmpN1NLdKL,Sweet Lorraine,Used To Be Duke,"[""Johnny Hodges""]",2009,Jazz,Calm,english,1.677278601147467
2zUlIWRHpqHR2WdzxvlmAJ,Sweet Lorraine,Dear Mr. Cole,"[""The John Pizzarelli Trio""]",1995,Jazz,Calm,english,2.529608597461818
5k3A6d8MNgMkRDpj7uZ8Ww,Sweet Lorraine,Indian Summer,"[""Dave Brubeck""]",2007,Jazz,Calm,english,2.006179421232288
5ow3vYPmbL4LeKOrkyw2uI,Sweet Lorraine,Swing Time! The Fabulous Big Band Era 1925 - 1955,"[""Teddy Wilson""]",1993,Jazz,Calm,english,1.743802967761198
5S9H3CmP97AIFZ5wWl0fmF,Sweet Sorrow,MoodSwing,"[""Joshua Redman Quartet""]",1994,Jazz,Calm,english,1.627484902280355
0T9MZ9y6BezEXadjDg85FJ,Sweet Treat,Knock Knock,"[""Smog""]",1999,Rock,Calm,english,1.7100245682773336
6iZQfGWwAjKhZ7WrkJE4EM,Sweet and Low-Down*,Gershwin Fantasy,"[""George Gershwin"", ""Joshua Bell"", ""London Symphony Orchestra"", ""John Williams""]",1998,Classical,Calm,english,1.8244024818863265
17S730SHUdwQuQSuK51gWw,Sweet dreams (Are Made of This),Solstice,"[""Scala & Kolacny Brothers""]",2016,Classical,Calm,english,2.066773498558963
7jZsrykc9T1nJkCgFankhE,Sweeter Than You - Re-Recorded In Stereo,Best Of Ricky Nelson,"[""Ricky Nelson""]",1991,Rock,Calm,english,1.664240131145835
6mDi9sH8XCUVSDV6mqIzji,Sweeter Than You - Remastered,Legacy,"[""Ricky Nelson""]",2000,Rock,Calm,english,2.5043293160997635
1QdvgJUcu6e7Bba7IjHKG2,Swimming Pool - Hunted Version,Hunted,"[""Anna Calvi"", ""Julia Holter""]",2020,Pop,Calm,english,2.2408341441816657
0Rl5p03XoRjywpzLu8rj56,Swing Wide,Found,"[""United Pursuit"", ""Brock Human""]",2018,Folk,Calm,english,1.2268750292923891
0DBIYyONtffnfzghtKeOV6,Swinging At The Haven,Heart Of Gold,"[""Ellis Marsalis""]",1992,Jazz,Calm,english,2.447989182303984
0Vof9g11F4cbctYIR5UXTk,Sylvia Plath,Gold,"[""Ryan Adams""]",2001,Country,Calm,english,2.5587547784311893
2lDQmNvLidoEdlFG8bdPot,"Symphony No. 7, ""Sinfonia antartica"": II. Scherzo: Moderato",Vaughan Williams: Symphonies Nos. 7 and 8,"[""Ralph Vaughan Williams"", ""Christopher Dowie"", ""Lynda Russell"", ""Waynflete Singers"", ""Bournemouth Symphony Orchestra"", ""Kees Bakels""]",1998,Classical,Calm,english,2.1195919807717707
26N00Y47gD5PhdDh1gNP7J,"Symphony No. 2 in D, Op. 36: 2. Larghetto",Beethoven at Bedtime - A Gentle Prelude to Sleep,"[""Ludwig van Beethoven"", ""Gewandhausorchester"", ""Kurt Masur""]",1995,Classical,Calm,english,1.631739028835103
16s5S7I0PufpVRuppdrxsq,Syzygy,Elegy,"[""Dead To A Dying World""]",2019,Rock,Calm,english,1.8169572585336944
0l7jCF6UjSUynpCwP7hV82,T.n.T. (Terror 'n Tinseltown),Dr. Feelgood,"[""M\u00f6tley Cr\u00fce""]",1989,Rock,Calm,english,3.427554024562459
1v56z2UkcYlLPxxcWn0H3U,THE SUN MAY CRY...,CHRYSALIS,"[""Central Pacific State Beach""]",2022,Rock,Calm,english,3.2297929427090586
1nZTc6eHIICFFSMRD9LMV5,THE THEME OF EVA(エヴァのテーマ),デビル メイ クライ オリジナル・サウンドトラック,"[""Capcom Sound Team""]",2004,Electronic,Calm,english,1.6081715646709025
16QbSokrgbyul6fUgT4g8d,TTFN K?,VIRTUAL UTOPIA EXPERIENCE,"[""death's dynamic shroud""]",2014,Electronic,Calm,english,2.481774239516615
5Pr96Pyr1xp9nUm6bvxfid,Taco DE Macque,The Dead Texan,"[""The Dead Texan""]",2004,Electronic,Calm,english,2.6821363000009533
0LrVtzdvd2ojEuFMUURlA1,Tag,Tag,"[""Teethe""]",2022,Rock,Calm,english,1.2376933636689926
3sdaBjHYbgJF3r0DcY4HjD,Tainted,The End of Eden (Orchestral Edition),"[""Into Infernus""]",2016,Rock,Calm,english,3.08682590428724
4v5NRi83lvn8nbJh3pA8YX,Take Care,Summer Sun,"[""Yo La Tengo""]",2003,Pop,Calm,english,1.3289703020093424
2Wq4OX5g6cRE5dMeNAy1vC,"Take Her To Sea, Mr. Murdoch (From ""Titanic"")",The Film Music of James Horner,"[""The City of Prague Philharmonic Orchestra""]",2011,Classical,Calm,english,1.9162071355315489
40mPd126I5yN6LxLTD3qoc,"Take Her To Sea, Mr. Murdoch (From ""Titanic"")",Titanic: The Essential James Horner Film Music Collection,"[""The City of Prague Philharmonic Orchestra""]",1998,Classical,Calm,english,1.9162071355315489
7yDqnIkHlDJoeT7GJQptD4,Take It Back,Arrows,"[""Red Fang""]",2021,Rock,Calm,english,1.880429260817733
0xatOaoy83mffZW0wpynbb,Take Me,The Essential Frank Sinatra with the Tommy Dorsey Orchestra (with Frank Sinatra),"[""Frank Sinatra"", ""Tommy Dorsey""]",2005,Jazz,Calm,english,2.3525984965223867
72ZZqYFcpdIxC84EYsWjpP,Take Me Down - Remastered 2012,Mellon Collie And The Infinite Sadness (Deluxe Edition),"[""The Smashing Pumpkins""]",1995,Rock,Calm,english,1.6142714624775274
2Ax7dx22jpM7ElZpiftaQx,Take Me Home,Seriously Orchestral - Hits Of Phil Collins,"[""Royal Philharmonic Orchestra""]",1991,Classical,Calm,english,1.7834256577987235
2BPMz5V0g0uw9phgqjY7se,"Take My Hand, Precious Lord",The Essential Mahalia Jackson,"[""Mahalia Jackson""]",2004,Pop,Calm,english,2.6823825995975685
4gD9OOsMYbtnM4FqVz3NMB,Take My Heart,AL Martino,"[""Al Martino""]",2011,Pop,Calm,english,2.3620636645270614
6OfDNbhNDDBi1t6VIrsMua,Take My Leave Of You,Broadchurch - The Final Chapter (Music From The Original TV Series),"[""\u00d3lafur Arnalds"", ""Arn\u00f3r Dan""]",2017,Classical,Calm,english,1.882609145409167
3LCrpQLPWDs02ieBKeaJZm,Take This Longing,The Best Of Leonard Cohen,"[""Leonard Cohen""]",1987,Folk,Calm,english,2.7605495066283017
3ESVGQiPtNjcbZkxjm2QgD,Take Time to Be Holy (Arr. J. Longhurst),The Sound of Glory,"[""Traditional"", ""Craig Jessop"", ""The Tabernacle Choir at Temple Square"", ""Orchestra at Temple Square""]",2001,Classical,Calm,english,2.986031187749145
18wOlxZrMBzWUOkBvNRo18,"Take, O Take Those Lips Away","Vocal Recital: Baird, Julianne - Johnson, R. / Morley, T. / Lanier, N. / Wilson, J. / Campion, T. (The English Lute Song)","[""John Wilson"", ""Julianne Baird"", ""Ronn McFarlane""]",1988,Classical,Calm,english,2.639440659072032
4ZwwW8wafUlhwxuItjYmPJ,Taken by the Sea,Grave Mounds and Grave Mistakes,"[""A Forest Of Stars""]",2018,Rock,Calm,english,3.022858054548467
13tPxMeMvBv9EdZsUlqyBl,Takes A Little Time - Intro,Still Riot,"[""Ferron""]",2009,Folk,Calm,english,1.576985708288867
0j8bnD1EGeUPjHBnXPHibI,Taking A Chance On Love,The Complete Verve Sessions,"[""Vernon Duke"", ""Tal Farlow""]",2011,Jazz,Calm,english,2.3426747580459324
6XsZbSacs0sNziYgDl7x5m,Taking A Chance On Love - Live,Vintage Grappelli,"[""St\u00e9phane Grappelli""]",2001,Jazz,Calm,english,4.247534744451102
7B7pBku79p0GVWWRJ88Aiq,Taking Tiger Mountain - 2004 Digital Remaster,Taking Tiger Mountain (By Strategy) [2004 Remaster],"[""Brian Eno""]",1974,Electronic,Calm,english,1.6985260796731996
27VHTA1GM6sFj363FktL3F,Talking Casey,Complete Studio Recordings,"[""Mississippi John Hurt""]",2000,Blues,Calm,english,2.212914476192436
7LcHQBA8y14FrYT609DtWr,Tangerine,Dreamer,"[""Eliane Elias""]",2004,Jazz,Calm,english,1.7181312719358524
3X2Hq43wlcA3fCjwW28oOD,Tangier,Take Cover,"[""Foreign Fields""]",2016,Electronic,Calm,english,3.5338549842085274
2xQHlMPoncslyj1WAWa5Mj,Tapes,Loyalty,"[""The Weather Station""]",2015,Folk,Calm,english,1.3884058363490015
1bJTBSe2tqzUs0AlbKYSHo,Tara (Recapitulation),Tara,"[""Absu""]",2008,Rock,Calm,english,2.9341595881879883
1eJGgEZTO7crSR2wz5TXC9,Tarzan and Jane,The Legend Of Tarzan (Original Motion Picture Soundtrack),"[""Rupert Gregson-Williams""]",2016,Classical,Calm,english,3.0514855537810286
7DFjDAKFGD4vqYdJtHh1X8,Tarzan and Jane,The Legend of Tarzan (Original Motion Picture Soundtrack),"[""Rupert Gregson-Williams""]",2016,Classical,Calm,english,3.0514855537810286
4uQVZMyFM7rfaomwl5W7GC,Tastebud - Instrumental Version,Complete Studio Rarities Collection,"[""Grateful Dead""]",2013,Rock,Calm,english,3.0695343089082785
0LaYl4BTbGHMLNiAkTlQlN,Tavener: The Lamb,Renaissance - Music for Inner Peace,"[""John Tavener"", ""The Sixteen"", ""Harry Christophers""]",2007,Classical,Calm,english,3.264201020304329
51c0n7GwlM1eUtSq9B7a1v,Tea For Two,Jazz Romance,"[""Blossom Dearie""]",2022,Jazz,Calm,english,2.3192297173152734
6vhBBc7tfVHJ0iDlluq7bk,Tea For Two,Jazz Dream House,"[""Blossom Dearie""]",2023,Jazz,Calm,english,2.3192297173152734
3cQ3nZ7pjvmsbvBblhLj91,Tea Swamp Park,Tea Swamp Park,"[""N\u00fc Sensae""]",2012,Rock,Calm,english,2.7361660165626422
5ndLqQBFNpXVrkHhtdLaHQ,Teach Me How To Self Destruct,An Autobiography,"[""Old Gray""]",2013,Rock,Calm,english,2.7273847835089127
07s41A6RuAMp9GnDmfwlbm,Teach Me How to Self Destruct,An Autobiography,"[""Old Gray""]",2013,Rock,Calm,english,2.7080921248592777
0QmDKiE2qHkuQJNIIjoDhA,Tear Love From My Mind,A Chaos Of Desire,"[""Black Tape For A Blue Girl""]",1991,Electronic,Calm,english,2.0399972970063645
18aFSQMWInQzGks5mnt4E3,Tears In Heaven,Slow Jazz,"[""Joshua Redman""]",2019,Jazz,Calm,english,2.227236494166029
1RpljaF7PbjdZdv0eT1Jyw,Tears In Heaven,The Choir Boys,"[""Will Jennings"", ""Eric Clapton"", ""The Choirboys""]",2005,Blues,Calm,english,1.6243770859557398
5nyXnstIkQSg2rO4VwxK2R,Tears In Heaven,Tutu: Smooth Jazz,"[""Joshua Redman""]",2018,Jazz,Calm,english,2.227236494166029
6Glws9l4AoEFrl7rwQ39yd,Tears In Heaven,The Chillout Sax Lounge,"[""Joshua Redman""]",2019,Jazz,Calm,english,2.227236494166029
5zsK7qHas5MM06v9QZcYiM,Tears of Laughter,End of Flowers,"[""Diary Of Dreams""]",1996,Electronic,Calm,english,1.8772536034869347
1PVIT0cfK9leOEExLXgDLW,Tecolote Eyes,Closer Than They Appear,"[""Sara K.""]",1992,Jazz,Calm,english,2.687478514974561
6ltSd7CLSqO4C2Q1feQrsc,Tecolote Eyes,No Cover,"[""Sara K.""]",1999,Jazz,Calm,english,2.363347547372056
51qmzDP7feitiMvqm2jXym,Teddy Bear,WARZONE,"[""Yoko Ono""]",2018,Pop,Calm,english,2.0796217375517223
7xueAc2nuW1NLxGgoVonS8,Teenage Hurt,Teenage Hurt,"[""Oscar Lang""]",2018,Pop,Calm,english,1.0698906575690104
4oQkvCJqnX5kbc0ZnB0z4n,Telepath,Tomorrow's Harvest,"[""Boards of Canada""]",2013,Electronic,Calm,english,2.6346440226797307
7HtTToRe1708wSqxiYJAB1,Telescopic,Telescopic,"[""Edith Frost""]",1998,Country,Calm,english,1.217545152114399
2KjtehJzBHpmzqX9smD87v,Tell Me I'm Not Dreamin',Tell Me I'm Not Dreamin',"[""Sara K.""]",1995,Jazz,Calm,english,2.738316526577641
1n6pK3uDzTbXD32ta6Nq3l,Tell Me Man Blues,"Complete Recordings, CD C","[""Charley Patton""]",2002,Blues,Calm,english,2.651383240691083
3vKZot3Mozrm1KPUpq8JL6,Tell Me On A Sunday,Centre Stage,"[""Michael Ball""]",2001,Classical,Calm,english,2.5191551812525725
64XGKpzNUEBskFPdMAjeEU,Tell Me Pretty Lies,Tell Me Pretty Lies,"[""Yusei""]",2020,Electronic,Calm,english,6.810570691166104
0hFLt4B7QvthnwXFsESwk0,Tell Me What To Swallow,Crystal Castles,"[""Crystal Castles""]",2008,Electronic,Calm,english,2.0614307403086984
4dOAFzH1y3TvN5oRSkA8ND,Tell Me on a Sunday,Song & Dance - The Songs (Original Broadway Cast Recording),"[""Bernadette Peters""]",1985,Classical,Calm,english,2.92875773190957
1pBuukWnP5dPFo74vKBi9p,"Tell My Father - From ""The Civil War""",Dreams and Songs,"[""Frank Wildhorn"", ""Bryn Terfel"", ""Katherine Jenkins"", ""Pete Murray"", ""Czech Philharmonic"", ""Paul Bateman""]",2018,Classical,Calm,english,2.836508965687885
2dwyZLWE70jxqZPF8fDMIv,Tell me pretty lies,Tell me pretty lies,"[""Kapa Boy"", ""Yusei""]",2022,Electronic,Calm,english,5.837972634477233
2gdPFe8rkrcW2tmNXvWUKt,Tempest,Double Negative,"[""Low""]",2018,Rock,Calm,english,1.6272483454664108
6ALWsAWq3bZmKBNnVKcMJG,Tempest,Double Negative,"[""Low""]",2018,Rock,Calm,english,1.6272483454664108
4tvMXXnjUZYhT0lD1LTWPU,Ten Thousand Years Won't Save Your Life,Departure Songs,"[""Hammock""]",2012,Electronic,Calm,english,3.265101432741061
6rjnIVVOGCQYoK94WwJf85,Ten Thousand Years Won't Save Your Life,Departure Songs,"[""Hammock""]",2012,Electronic,Calm,english,3.5826412501507456
0eDujRzvaUv7n8jtnb0qgf,Tenderly,Steel Guitar By Moon Light,"[""CMH Steel""]",2000,Country,Calm,english,1.4438954828777868
3M6HcG1WGz9x3LdVSAaknV,Tenderly,The Shearing Piano,"[""George Shearing""]",2001,Jazz,Calm,english,1.0527750362617283
5fqgjglk3n5ynmrO7kY7G9,Tenderly,Born to Be Blue,"[""Chet Baker""]",2014,Jazz,Calm,english,2.086258472793093
69iWa55LaMRGZ4BwL7niz9,"Tenderly (From ""Return to Me"")",Return To Me,"[""Jackie Gleason""]",1999,Pop,Calm,english,3.53916564573065
3jA6hQtMdLgPzRci6aGluZ,TendingToTheGarden,BreathingExercise,"[""surrenderdorothy""]",2018,Hip-Hop,Calm,english,2.126921100835697
0Yjut9aLhT8zEEYPBehobp,Tenenbaum,States,"[""The Paper Kites""]",2013,Folk,Calm,english,1.6926794448920468
1AGaqD9PjgeLDy6mYLwAQK,Tenenbaum,States,"[""The Paper Kites""]",2013,Folk,Calm,english,1.5969531184843213
243BlZWv6pJbsU83aEoOLA,Tennessee Waltz,Platinum - A Life In Music,"[""Elvis Presley""]",1997,Rock,Calm,english,1.4697949664040355
2eD2EuBGEcXxCbpzoDKtho,Tennessee Waltz,The Home Recordings,"[""Elvis Presley""]",1999,Rock,Calm,english,2.9935837641636045
4LMLPQceLP0PGDDhIqMBSL,Terminal Sounds at Night,On Point and Red,"[""Readymade""]",2001,Rock,Calm,english,1.8826017100599208
2oyanvF8cv45GW9vxvjnak,Terry: Myn Lyking,Christmas At King's,"[""Richard Runciman Terry"", ""Choir of King's College, Cambridge"", ""Ian Hare"", ""Sir David Willcocks""]",2008,Classical,Calm,english,2.2516787722264024
2sDGOOLoeI8aEhYsCwQfym,Testament,DJ Hotday Present Lost & Unreleased Instrumentals,"[""Cormega""]",2007,Hip-Hop,Calm,english,3.082431620630853
06jBIZZ5rxyfJBLWiBJBw0,Texas Girl at the Funeral of Her Father,Good Vibrations,"[""Randy Newman"", ""The King's Singers""]",1993,Classical,Calm,english,2.805407936887099
3M0WYAQRvf1BfdQOLnNhEE,Thank Dub,Have Fun With God,"[""Bill Callahan""]",2014,Country,Calm,english,1.3168954554119134
7oScblnjiVCB1P2LZVxdvZ,Thanks for the Memory,16 Most Requested Songs: Encore!,"[""Ray Conniff""]",1972,Classical,Calm,english,2.2635628071684577
6rvzXO4pZk1CgZPbc6maBd,Thanksgiving Song,Grid of Points,"[""Grouper""]",2018,Rock,Calm,english,1.8186023321276767
3vKXCgDHtpTRnoIUxoqYOu,That Dress and Summer Skin,Introducing My Dying Bride,"[""My Dying Bride""]",1993,Rock,Calm,english,2.092035264147796
4jSuthawb7fitf3Wx3MqVM,That Home,Ma Fleur,"[""The Cinematic Orchestra""]",2007,Electronic,Calm,english,1.4355327334897252
6q4c1vPRZREh7nw3wG7Ixz,That Home,Ma Fleur,"[""The Cinematic Orchestra""]",2007,Electronic,Calm,english,1.4041770038574384
3xcT7aBfHmoLnSCh5Pl5PR,That Lonesome Road,Good Vibrations,"[""Don Grolnick"", ""James Taylor"", ""The King's Singers""]",1993,Jazz,Calm,english,2.5076062776414743
2eATt7RUpMbE1oGi8y1c6n,That Lucky Old Sun,Shadows in the Night,"[""Bob Dylan""]",2015,Folk,Calm,english,2.373533431948124
61qJ4hUpEMshk1afsLmAEE,That Shore,Your Wilderness,"[""The Pineapple Thief""]",2016,Rock,Calm,english,2.304663401028293
4ELuM1p3hx0iuE78Hqp3t1,That's All,Dreamer,"[""Eliane Elias""]",2004,Jazz,Calm,english,1.9313475741472848
6yP4r69bbyMFN7FBxTQi4A,That's All,This One's for Tedi,"[""Johnny Hartman""]",1989,Jazz,Calm,english,2.402685773689772
0hTKUGNqKaGKZbI8PWAvQ1,That's All I Want From You,Baltimore,"[""Nina Simone""]",1978,Jazz,Calm,english,2.265710712366614
0IY73QR4Y5QO1BkKGFzFYd,"That's All Right - Live from Eagles' Hall, Houston, Texas",A Boy From Tupelo: The Complete 1953-1955 Recordings,"[""Elvis Presley""]",2017,Rock,Calm,english,2.976610879432306
1eN4hM6SPQrlkn20ZtGtwD,"That's All Right - Live from the Jimmie Rodgers Memorial Festival, Meridian, Mississippi",A Boy From Tupelo: The Complete 1953-1955 Recordings,"[""Elvis Presley""]",2017,Rock,Calm,english,3.2009660141641887
2Xoz5ZFueGtlLkR1ZmxudA,That's What Weddings Are All About,Walking on Sunshine (Original Motion Picture Soundtrack),"[""Anne Dudley"", ""Paul Dunne"", ""Rolf Wilson""]",2014,Classical,Calm,english,2.651111343807809
3cq68tjGY3d62iBf0EDdXm,The (R)evolution of Steve Jobs: Prologue. Thought It Was High-time,Bates: The (R)evolution of Steve Jobs,"[""Mason Bates"", ""Kelly Markgraf"", ""Santa Fe Opera Orchestra"", ""Michael Christie""]",2018,Classical,Calm,english,3.882530650187933
47rGibU9RczWzWn5WdH9ed,"The (R)evolution of Steve Jobs: Scene 2, Hey, Stranger",Bates: The (R)evolution of Steve Jobs,"[""Mason Bates"", ""Edward Parks"", ""Sasha Cooke"", ""Santa Fe Opera Orchestra"", ""Michael Christie""]",2018,Classical,Calm,english,2.747004029029642
681sImrGUPMlU4SnEJqjaQ,"The (R)evolution of Steve Jobs: Scene 3, What Are You Doing Here?",Bates: The (R)evolution of Steve Jobs,"[""Mason Bates"", ""Edward Parks"", ""Wei Wu"", ""Santa Fe Opera Orchestra"", ""Michael Christie""]",2018,Classical,Calm,english,2.4677021559094188
4nr4gSTFGmTTSbumSY3kfH,The 2nd Law: Isolated System,The 2nd Law,"[""Muse""]",2012,Rock,Calm,english,2.0900240586242167
1QRUb1j32Fbdd6niEOHp4v,The Advent Candle,Chilcott: The Rose in the Middle of Winter,"[""Bob Chilcott"", ""Commotio"", ""Tanya Houghton"", ""Matthew Berry""]",2013,Classical,Calm,english,2.6416448880084125
3qVbHo5aBHSyivXlwAiCvT,The Advent Candle,Chilcott: The Rose in the Middle of Winter,"[""Bob Chilcott"", ""Commotio"", ""Tanya Houghton"", ""Matthew Berry""]",2013,Classical,Calm,english,2.6416448880084125
0ewxqKwRW9DKkUePYhOqIX,The Air Is Heavy and I Should Be Listening to You,This (Is What I Wanted to Tell You),"[""Lambchop""]",2019,Country,Calm,english,0.927697153760732
3dO07X26VBjXOLS1LGtq7N,The Air in the Morning,No Flashlight,"[""Mount Eerie""]",2015,Folk,Calm,english,2.720885179493864
4azs8SkiIZ0XSeMe7xzi8w,The Angel Gabriel,The Great British Carol Collection,"[""Traditional"", ""The Choir Of Trinity College, Cambridge"", ""Richard Marlow""]",2014,Classical,Calm,english,1.806739246575639
7kenRbHEA13XEHD0uXWLfI,The Angel Gabriel,Carols From Trinity,"[""Traditional"", ""The Choir Of Trinity College, Cambridge"", ""Richard Marlow""]",1995,Classical,Calm,english,2.024431703903252
5ohFuVTiVm3JK81RLD6VZ0,The Angel Of Death,Piety Street,"[""John Scofield""]",2009,Jazz,Calm,english,1.8053550399780145
7cUA0s475AspVAFDaw8hDy,The Angelus: Angelus Domini,A Day In The Cloister,"[""Traditional"", ""Daughters of Mary""]",2010,Pop,Calm,english,2.344085308826497
0dEDeeRZBQOUcLQl7yWV88,The Answer - Trentemøller Remix,Reworked/Remixed,"[""UNKLE"", ""trentem\u00f8ller""]",2011,Electronic,Calm,english,2.8959536194286164
3631ftJU3MI65YXDiqBEC4,The Apocalypse: Silent Cries Divide The Night / The Vision - Burning / Force Majeure,"The Best Of Eloy, Vol. 2 - The Prime 1976-1979","[""Eloy""]",2003,Rock,Calm,english,2.923097110254976
5WV9W7a1hT9BTux4N10KV8,The Art Teacher,Daylight at Midnight,"[""Taylor Eigsti""]",2010,Jazz,Calm,english,1.3882162346082314
4fe4pp1lLGmXdjn8Tt1ezi,The Artist Overwhelmed,Otto Spooky,"[""Momus""]",2005,Classical,Calm,english,2.388382615428874
3YcMvb5oCYwn9YVUP7RJox,The Ascent,Persephone,"[""Wendy Rule""]",2019,Folk,Calm,english,2.3995267710123644
2mnrE3I9lcW7OAfv4aDt5m,The Bad Beginning,Lemony Snicket's: A Series of Unfortunate Events (Music from the Motion Picture),"[""Thomas Newman""]",2004,Classical,Calm,english,3.459982997630046
0z4NRarUAC5vPrmIwbtnsw,The Ballad for Failure,Ballads Of The Research Department,"[""The Boats""]",2012,Electronic,Calm,english,0.6362550464791021
1INQctJoJMBG9vdmGnttD6,The Ballad of Indecision,Ballads Of The Research Department,"[""The Boats""]",2012,Electronic,Calm,english,3.443191708936916
6NlGOt4tIpXaZpRR9eBTXS,The Ballad of the Sad Young Men,This One's for Tedi,"[""Johnny Hartman""]",1989,Jazz,Calm,english,2.860793411559009
2NwVVFH38sJVNc2KZPLdp4,The Banks O' Sicily,Tall Tails,"[""Old Blind Dogs""]",1994,Folk,Calm,english,1.747009892696037
2zgLBgDICECjj0Xm3Q5swX,The Bastard Wind,Stygian Bough Volume I,"[""Bell Witch"", ""Aerial Ruin""]",2020,Rock,Calm,english,2.637925477191646
66XxJTfrJw8msrLCuofkJb,The Beautiful Days,Soundtracks For The Blind,"[""Swans""]",2001,Rock,Calm,english,2.967260330077072
02QuBib8q2Cw3F9ORHeMq9,The Bed,Actor,"[""St. Vincent""]",2009,Pop,Calm,english,1.496373684333198
2tvoIQqGv1vnJAA1fM8cEk,The Bed,Berlin,"[""Lou Reed""]",1973,Rock,Calm,english,2.311847039364181
2WBmXN8FiW8guuRbS6Oen3,The Bed - Live at St. Ann's Warehouse,Berlin (Live at St. Ann's Warehouse),"[""Lou Reed""]",2008,Rock,Calm,english,2.2662536749854514
0d2HX14emol25j4C8yL7SP,The Belldog,After the Heat,"[""Brian Eno"", ""Moebius"", ""Roedelius""]",2009,Electronic,Calm,english,1.3985635059217405
3eAJg1Iznxlm3VeX3oE3nI,The Bells,The Bells,"[""Lou Reed""]",1979,Rock,Calm,english,2.4815009715853367
6NQ7uZJG0OTjHPRIwfbzxV,The Bells - Digitally Remastered 1992/Edit,Between Thought And Expression,"[""Lou Reed""]",1992,Rock,Calm,english,2.038240300277856
0elnDs6mAALq9dzZyvCBN8,The Best Thing,Notes,"[""Johan Agebj\u00f6rn"", ""Sally Shapiro""]",2015,Electronic,Calm,english,1.3638170848951934
6r4Ux7Szu6ncGMjVh0tmCB,The Big Gloom,Deathconsciousness,"[""Have A Nice Life""]",2008,Rock,Calm,english,2.538569039151146
0THSL81vhnlCYDZBDgwlm7,The Big Hat and Toy Show,Let's Go Eat The Factory,"[""Guided By Voices""]",2012,Pop,Calm,english,1.7808839179535936
4Dbu38JkDaAZHsPMYTkPiO,The Biltmore Piano.,Straight From The Fridge,"[""James Hardway""]",2002,Electronic,Calm,english,1.3799914521736245
0tkvhl3fQrFw0ya7F1Um5V,The Bitch Song,"A Nice Night for an Evening, Vol. 1","[""Bowling For Soup""]",2019,Pop,Calm,english,1.5434860138885218
6vTl95b0WogA8B3sqJwaIf,The Black Dog Runs at Night,Twin Peaks: Fire Walk With Me - Soundtrack,"[""Angelo Badalamenti""]",1992,Classical,Calm,english,2.2212068235707494
0HPcgEdf35LVPMkCEhWHh8,The Black Funeral,Sadismo,"[""Power From Hell""]",2007,Rock,Calm,english,3.395714059276066
5yyLpkmh5UXhXMknFyZ81B,The Black Rose,Celtic Twilight 2,"[""Joanie Madden""]",1995,Folk,Calm,english,2.5550804638396007
4O76joQmZKoZm78s0vOHTJ,The Book Lovers,Work And Non Work,"[""Broadcast""]",1997,Rock,Calm,english,2.857955042327195
6SWcMCO8k07ptNCxf3Vmij,The Bottom Line (feat. Josin),some kind of peace,"[""\u00d3lafur Arnalds"", ""Josin""]",2020,Classical,Calm,english,1.8207115208503373
27VNsGSrBfJE6l57aNf3Ix,The Boxer,Three Fires,"[""Whalebone""]",2010,Folk,Calm,english,1.725944771162618
7FZE9wVhWN78NeLOQ5w3D0,The Boxer,Three Fires,"[""Whalebone""]",2010,Folk,Calm,english,1.7405870311209943
33bDNo0OkxPI4GG0enmoUS,The Boy,Heartleap,"[""Vashti Bunyan""]",2014,Folk,Calm,english,1.4497983062855109
5f9KknGIDjTbQzergpZK9z,The Boy Has Built a Catacomb,Mitternacht,"[""Sopor Aeternus & The Ensemble Of Shadows""]",2014,Rock,Calm,english,2.1036220841929425
4AXJkCYH1zCnXYLy5ER0Cx,The Breach,Pacific Rim (Original Motion Picture Soundtrack),"[""Ramin Djawadi""]",2013,Classical,Calm,english,1.7482409733894373
1ykbtFnlIjmIFnZ8j6wg6i,"The Breaking of the Fellowship (feat. ""In Dreams"")",The Lord of the Rings: The Fellowship of the Ring (Original Motion Picture Soundtrack),"[""Howard Shore"", ""Edward Ross""]",2001,Classical,Calm,english,2.307595870626768
40C0dZwJnZuE0QUQtTrZVH,The Bridegroom,Darkness Into Light: Tavener: The Bridegroom & Other Works,"[""John Tavener"", ""Anonymous 4"", ""Chilingirian Quartet""]",2002,Classical,Calm,english,3.1047445341182693
3p4ZezCzbv5iXLyxNowByt,The Burning Heart,Hannibal - Original Motion Picture Soundtrack,"[""Hans Zimmer"", ""Anthony Hopkins"", ""The Lyndhurst Orchestra"", ""Gavin Greenaway""]",2001,Classical,Calm,english,2.063500287438944
6nBNIdywsQGx19en9O2goN,The Calm Before the Storm,Dark Age of Reason,"[""Arcana""]",2010,Electronic,Calm,english,2.072460820526184
0SPDcUA1rDazHBVH4DA73D,The Canals of Our City,Gulag Orkestar,"[""Beirut""]",2006,Classical,Calm,english,2.813541165929192
4GP6amsdJzlNW6VTlHNFRB,The Candle Burned Out,Work,"[""Shout Out Louds""]",2010,Pop,Calm,english,2.1501765838297366
7rfnWoni3z2SUAKG7CO517,The Candle Burned Out,Work,"[""Shout Out Louds""]",2010,Pop,Calm,english,2.1501765838297366
69Q7fm5kz5RkpT5CoyObOl,"The Carnival Of The Animals, R.125: The Swan / blessing the boats",New Worlds,"[""Bill Murray"", ""Jan Vogler""]",2017,Classical,Calm,english,2.924538253519376
3ULcZk1aWq31IDVBW5gXOz,The Center Of Your Heart,Children of God/World of Skin,"[""Swans""]",2003,Rock,Calm,english,2.6304747538496134
1UiLKjf5M232u5y7rlvKyO,The Christmas Song,The Christmas Song,"[""Roger Whittaker""]",1995,Pop,Calm,english,2.7435835404299755
2ehMCF9GMSJdzXkJE8j94E,The Christmas Song,JULMYS,"[""Gregory Porter""]",2022,Jazz,Calm,english,2.7016662778842884
2touKO7fkbp6oPfchA2Nft,The Christmas Song,JULPYNTA,"[""Gregory Porter""]",2022,Jazz,Calm,english,2.7016662778842884
383Pvwe12XSwaOWoPe2JWK,The Christmas Song,Merry Xmas,"[""Brenda Lee""]",2016,Pop,Calm,english,2.975851814554149
3kGKXegU0KyTveyCNuep5y,The Christmas Song,Christmas Songs 2022,"[""Gregory Porter""]",2022,Jazz,Calm,english,2.7016662778842884
4Arqt9I3yqXvKuGnc3cWYv,The Christmas Song,"Justin Time for Christmas, Vol. 4","[""Hank Jones""]",2004,Jazz,Calm,english,1.3074738983768563
4hC2YJ7vTBMwr2qIIaEvMF,The Christmas Song,Christmas Day Chill,"[""Gregory Porter""]",2022,Jazz,Calm,english,2.7016662778842884
5JhfwQbFvnlST21evT6Qle,The Christmas Song,Calm Christmas,"[""Gregory Porter""]",2022,Jazz,Calm,english,2.7016662778842884
5uSGS7LADxmsdRJiZMu6QX,The Christmas Song,From The Sony Vault: Christmas With The Big Bands,"[""Doris Day""]",2012,Jazz,Calm,english,2.735564620385232
3ax2q2Zeo0XG4RgKJXmwA3,The Christmas Song (Chestnuts Roasting On An Open Fire),A Big Band Christmas,"[""Doris Day""]",1988,Jazz,Calm,english,2.5417608694997256
6hYeUJoKaA7zY1BChLQYt0,The Christmas Song (Chestnuts Roasting On An Open Fire),December,"[""Kenny Loggins""]",1998,Pop,Calm,english,3.0010116303299177
7djkq24z7gyoJND8VIsAeH,The Christmas Song (Chestnuts Roasting On an Open Fire),Christmas Morning,"[""Mel Torm\u00e9""]",2019,Jazz,Calm,english,3.182471331184444
2HmPWoNpHOaDENBDuXOjVV,The Christmas Song (Chestnuts Roasting on an Open Fire),Holly Jolly Christmas,"[""Sammy Davis Jr.""]",2022,Jazz,Calm,english,2.8693722068279417
4PSjU3BTM5T7nNkDBxoCTs,The Christmas Song (Chestnuts Roasting on an Open Fire),Perfect Christmas Hits,"[""Sammy Davis Jr.""]",2022,Jazz,Calm,english,2.8693722068279417
5KThK90XVaAUvElDBuGXB7,The Christmas Song (Chestnuts Roasting on an Open Fire),Christmas Time,"[""Sammy Davis Jr.""]",2022,Jazz,Calm,english,2.8693722068279417
6ExmrRvbyUWm0LiLQH6WwD,The Christmas Song (Chestnuts Roasting on an Open Fire),Merry Christmas,"[""Sammy Davis Jr.""]",2022,Jazz,Calm,english,2.8693722068279417
7DziNGtI6RxDbuqO1Flayd,The Christmas Song (Chestnuts Roasting on an Open Fire),Christmas Music - Holiday Hits,"[""Sammy Davis Jr.""]",2022,Jazz,Calm,english,2.8693722068279417
7aoxuXYqwGjV6aLRaE4w7z,The Christmas Song - Chestnuts Roasting on an Open Fire,Nat Cole Song Book,"[""Sammy Davis Jr.""]",2005,Jazz,Calm,english,2.8662330190616085
7iIWmQoJNCM6EVLQ13hh3K,The Christmas Symphony,A Perry Como Christmas,"[""Perry Como""]",2001,Pop,Calm,english,3.1155369019827583
2REEDCPjx23VJNeM4phuNH,The Christmas song,Some Other Blues,"[""Michal Urbaniak""]",1994,Electronic,Calm,english,0.6692952538183398
5pjMnn6desmFpf7IgsOFsT,The Clap - Studio Version,The Yes Album (Deluxe Edition),"[""Yes""]",1971,Rock,Calm,,2.474080886909052
7kYsV81UkV4z7UuF94u8T6,The Colour Of Spring,Mark Hollis,"[""Mark Hollis""]",1998,Rock,Calm,english,3.748387012657685
0VsLS8KE3dMIlRbLEEizop,The Coventry Carol,Winter Magic (International Version),"[""Hayley Westenra""]",2009,Folk,Calm,english,1.9587223907921656
7tmYmSbcTvoUYJp66puCuG,The Coventry Carol,Byzantium (Original Soundtrack Recording),"[""Javier Navarrete""]",2013,Classical,Calm,english,2.739132608552522
0HKSFdMaHMuPCUCHlebmbG,The Cross Of Changes,Love Sensuality Devotion: Greatest Hits & Remixes (Remastered 2016),"[""Enigma""]",2016,Classical,Calm,english,2.8749361785801675
0l1Pp67JljnHBeNYzffPkf,The Cross Of Changes,The Cross Of Changes,"[""Enigma""]",1993,Classical,Calm,english,1.742458437104907
4K6z4EO5WXzLszwxC8CS3k,The Crows Ahead Cry War,World's Blood,"[""Wayfarer""]",2018,Rock,Calm,english,2.740769550744212
239ZUf9WnIBhq1dmxL40cV,"The Crucifixion - From ""Jesus Christ Superstar"" Soundtrack",Jesus Christ Superstar (Original Motion Picture Soundtrack),"[""Ted Neeley""]",1973,Classical,Calm,english,2.421507071693596
4izzv8Nuc5NL2e4UEuQcGk,The Crucifixion: Hymn: Litany of the Passion,Stainer: Crucifixion (The),"[""John Stainer"", ""James Gilchrist"", ""Simon Bailey"", ""Stephen Farr"", ""Choir of Clare College, Cambridge"", ""Tim Brown""]",2005,Classical,Calm,english,2.887381985827565
5L2E2y9ECQcFkygb8P5MRh,The Crying of Lot G,And Then Nothing Turned Itself Inside-Out,"[""Yo La Tengo""]",2000,Pop,Calm,english,1.2001760748628365
6pOh8xhOLGZ0gLsuPQAjVZ,The DJ from Outer Space,"Memories of Love, Eternal Youth, and Partygoing.","[""Future Bible Heroes""]",2013,Folk,Calm,english,2.228716632425506
2xY72Vk1w08jJES1n1NhLK,The Daily Growl,Is a Woman,"[""Lambchop""]",2002,Country,Calm,english,2.085634556083109
2gmb3k9JxYJY7KenMJkNVq,The Dance of the Pagan Flames - Version 1,Thy Winter Kingdom / From the Pagan Vastlands,"[""Behemoth""]",2015,Rock,Calm,english,3.884871132338356
3BR1PZDUuZUbh7PZF647wx,The Darkness of His Smile,Holy Fire,"[""Backworld""]",2010,Classical,Calm,english,2.027772342744228
0ZFpr6geB0cECOMgEObF23,The Dawn Will Come,Dragon Age Inquisition,"[""Trevor Morris""]",2014,Classical,Calm,english,2.945488661772101
6poWhLjBNjaYUwL8DWXT6W,The Day I Wanted To Die,A Good Fool,"[""Michael Seyer""]",2021,Pop,Calm,english,3.9933130071781
3JOF2S1V3RXsU8SuxcfSho,The Dead Marshes,The Lord of the Rings: The Two Towers - the Complete Recordings,"[""Howard Shore""]",2002,Classical,Calm,english,2.063082019857476
30V7skhoE2hMczz16mT35J,The Dead of Night,11 Old Songs,"[""Mount Eerie""]",2005,Folk,Calm,english,2.8176980655459007
1IeSjHhvFGIJ4JJJrOpw8c,The Decision,Unravel,"[""Gehenna""]",2013,Rock,Calm,english,2.8824871438110145
3I6bH4tpDbzEYXEvnwLhg9,The Declaration,Supercharger,"[""Machine Head""]",2001,Rock,Calm,english,5.205242465653482
4Fjv84kmmnz02yCyAsHYxb,The Deer's Cry,Arvo Pärt: The Deer's Cry,"[""Arvo P\u00e4rt"", ""Vox Clamantis"", ""Jaan-Eik Tulve""]",2016,Classical,Calm,english,3.2558714685296337
5VT9i9vEwFfRFVy8jpU80t,The Deer's Cry,Pärt: Creator Spiritus,"[""Arvo P\u00e4rt"", ""Ars Nova Copenhagen"", ""Paul Hillier""]",2012,Classical,Calm,english,3.2939241849670777
41RB9qtlfsIcLVBMBDvxCt,The Deer’s Cry,The Deer's Cry,"[""Arvo P\u00e4rt"", ""The Sixteen"", ""Harry Christophers""]",2016,Classical,Calm,english,2.784370489289326
4iXxBkStpuyVrw1lK2Aylf,The Demented Man,Warrior on the Edge of Time,"[""Hawkwind""]",2013,Rock,Calm,english,2.365479860721734
26i16c7qSueIxz0SgLZZjZ,The Demiurge Molecule - Orchestral Version,Abrahadabra,"[""Dimmu Borgir""]",2010,Rock,Calm,english,2.876744513601223
5Hu4zzuAFx41yRSGAY7Ynq,The Demon [original tempo] (Garage Band Demo),Into The Darkness (EP & Demos),"[""Samantha Scarlette""]",2011,Rock,Calm,english,1.373705514058435
64sS1nZU2tTg4RPTNOJnHP,The Depths,Wabi-Sabi,"[""Cross Record""]",2016,Rock,Calm,english,1.3604900365193868
0C4W3VzXPrxc5LnwZFxmZ0,The Desert,Burning Kingdom,"[""Smog""]",1994,Rock,Calm,english,1.3437096667944644
7mIcZiP7NJPyoFjIrBKHBO,The Desperate Kingdom Of Love,Uh Huh Her,"[""PJ Harvey""]",2004,Pop,Calm,english,2.4732275779156336
4VtIGveedCr8jEZWmlRZXT,The Devil Needs You,Love Songs for Patriots,"[""American Music Club""]",2004,Rock,Calm,english,1.9887042180727643
201Zg1lBtPaq4RFQ06HLXs,The Diver,This Is Stina Nordenstam,"[""Stina Nordenstam""]",2001,Rock,Calm,english,1.7883397910110947
3ZpClkrCXG5zYLGFPQK8Qz,The Dome,Range of Light,"[""S. Carey""]",2014,Folk,Calm,english,2.036588775524102
2QzdlL1Fyzb4bdSItMxBxw,The Doorway,Official Bootleg.01.Lyon.France.11.02.99,"[""Neurosis""]",2002,Rock,Calm,english,2.9940562515557665
1sAGxsaAAQqxSzEkr1txDN,The Downward Spiral,The Downward Spiral,"[""Nine Inch Nails""]",1994,Rock,Calm,english,0.9848461349520536
5S0lMPV8otzLZvvUNMVVpx,The Drain (Audiotree Live Version),Ellis on Audiotree Live,"[""ellis""]",2019,Pop,Calm,english,2.118030451663425
1BK4P5U99RBR0Vlvueshtp,The Dream Of The Dolphin,The Cross Of Changes,"[""Enigma""]",1993,Classical,Calm,english,2.109876816751011
2ifhuYMGXXo6j90VF6Z2Km,The Dreame,Sense & Sensibility - Original Motion Picture Soundtrack,"[""Jane Eaglen"", ""Patrick Doyle""]",1995,Classical,Calm,english,2.941926424841668
626PfAqSgmBEpMDHONoPax,The Dreamer Is Everyone in Her Dream,The Long Sleep,"[""Jenny Hval""]",2018,Pop,Calm,english,2.203232910480488
4cdZsMZi0vfmSMs8BklX3Z,The Dreaming Plain,World's Blood,"[""Wayfarer""]",2018,Rock,Calm,english,3.048183695162234
40R7Nw0JZAT54Diz178Iu6,The Drift,Golem,"[""Wand""]",2015,Rock,Calm,english,3.565213254734245
14qMVQS57iZMNKp1xtHtSu,The Duel,Canvas,"[""Moya Brennan""]",2017,Folk,Calm,english,2.596684786152723
0ASwVUstfxlBu2pCbPty5C,The Earth and the Sun,Pneuma,"[""Moving Mountains""]",2007,Rock,Calm,english,2.224741540941755
705z6CMUlCuVVbwVGiMT95,The Earth is Broken,Dream Letter,"[""Tim Buckley""]",1990,Folk,Calm,english,4.853955791664102
2nZYHcpip9ZaDJ27w4G0IG,The Ebony Meadow Act III,Love Poems for Dying Children... Act II: The Garden of Crystalline Dreams,"[""Autumn Tears""]",1997,Electronic,Calm,english,1.0711547186051114
1Xdo0s36n6uoFbHhvwyQKq,The Eclipse - The Raven,"Through Chasm, Caves And Titan Woods","[""Carpathian Forest""]",2008,Rock,Calm,english,1.707889816023681
5PBYcnq8NZaSHWuDER3kmB,"The Ecstasy of Gold - from ""The Good The Bad and The Ugly""",IL VOLO SINGS MORRICONE,"[""Il Volo"", ""Ennio Morricone""]",2021,Classical,Calm,english,2.8996632483364992
40PDlQp3Vd8iJrDf3PrlGV,"The Eleven (1) - Live at Kings Beach Bowl, Kings Beach Lake Tahoe, CA, February 23-24, 1968","Dick's Picks Vol. 22: Kings Beach Bowl, Kings Beach Lake Tahoe, CA 2/23/68 & 2/24/68 (Live)","[""Grateful Dead""]",2001,Rock,Calm,english,3.0240617574136195
2svWSN1cu3TghohnSmgheq,The End (feat. Josephine Philip),Lys,"[""Christian L\u00f6ffler"", ""Josephine Philip""]",2020,Jazz,Calm,english,0.8849262374199404
2xdeWXQtsC3fmPlH7910Rq,The End Of The Rainbow,The Best Of Richard And Linda Thompson: The Island Record Years,"[""Richard & Linda Thompson""]",2000,Folk,Calm,english,2.438757854248764
1N9rwaXOnorv285HOMyBV2,The End Steps Forth,Horizonless,"[""Loss""]",2017,Rock,Calm,english,1.3610745936260724
4Tcr45Q15hwPGrLBp632Ks,The End of All Things (feat. Renee Fleming),The Lord of the Rings: The Return of the King (Original Motion Picture Soundtrack),"[""Howard Shore"", ""Ren\u00e9e Fleming""]",2003,Classical,Calm,english,2.78909192783191
3iWPPa7VeHhc49984gLxg2,The Endless Plain Of Fortune,Paris 1919,"[""John Cale""]",1973,Rock,Calm,english,1.544394956321058
3rzacuMmP0VdpWcGiNmIwY,The English Ladye And The Knight,An Ancient Muse,"[""Loreena McKennitt""]",2014,Folk,Calm,english,3.049711856980287
6AR0V7ZYIluBMR4woDNj1O,The Entitled Few,There's a Time,"[""Doug MacLeod""]",2013,Blues,Calm,english,3.0125618770573794
505tv6EJfRcs7ussfCl6nO,The Escape Angels,The Dusty Mirror,"[""Mark Sheeky""]",2020,Electronic,Calm,english,1.046005824581168
21HGkcr1nB7siNH85rjuo0,The Ethereal Blues,The Ethereal Blues,"[""Mimi Page""]",2015,Electronic,Calm,english,2.9355198117167776
0gXBYJTtUKA4SjiIgY2vbk,The Ethereal River,Burn of God,"[""Mark Sheeky""]",2020,Electronic,Calm,english,2.07957530549797
7uFPT4SwgZUO70YiPhJcEm,The Evergreen,The Evergreen,"[""Mree""]",2017,Electronic,Calm,english,1.5190635962704655
3nY9dufKMz187tSkqnO60w,The Exact Color of Doubt,WIXIW,"[""Liars""]",2012,Rock,Calm,english,1.73152141842583
28QsjAyZ1ul9Hv1ceJxJOE,The Failure of Human Nature,Solitude,"[""Striborg""]",2007,Rock,Calm,english,3.783952071019288
198afRqM6u3lVto3mZvC7b,The Fairy Queen,Greatest Hits,"[""Clannad""]",2000,Folk,Calm,,2.640038409253882
5iUZKGVhFFBSG4HmdJpm8A,The Fairy Queen,Rogha: The Best Of Clannad,"[""Clannad""]",1997,Folk,Calm,,1.4945327398475945
6uqa9Nc6N5akEunZsuzxei,The Fairy Queen - Remastered 2003,Magical Ring,"[""Clannad""]",1983,Folk,Calm,,1.433443412859384
5cATSB9h6xmIOQMQdZ9aSH,The Fall,Interstellar,"[""Frankie Rose""]",2012,Pop,Calm,english,1.896495427969995
1mlNVdkIe3R6Giwk88Smsf,The Fall Of The House Of Usher: Prelude - 1987 Remix,Tales Of Mystery And Imagination - Edgar Allan Poe (1987 Remix),"[""The Alan Parsons Project""]",1976,Rock,Calm,english,3.5219770585795853
1lIcdDpGlc2mO2LYA0f5KM,"The Fellowship Reunited (feat. Sir James Galway, Viggo Mortensen and Renée Fleming)",The Lord of the Rings - The Return of the King - The Complete Recordings (Limited Edition),"[""Howard Shore""]",2003,Classical,Calm,english,2.256203163681614
3hsSddpow4vXuBWGz2ajxo,The Fireman,Twin Peaks (Limited Event Series Soundtrack),"[""Angelo Badalamenti""]",2017,Classical,Calm,english,2.2820432738833283
0PRl892BgGSinDBeeGRDOP,The Fireside,Popular Songs,"[""Yo La Tengo""]",2009,Pop,Calm,english,1.1099514379575062
1dAHOH4aD7Fy3EA6VFfdLe,The First Day,ANÚNA,"[""Michael McGlynn"", ""An\u00fana""]",2005,Folk,Calm,english,1.5561676619523894
1VRgteEeDFPYaoNKZL7ZZN,The First Noel,"Christmas With the 101 Strings Orchestra, Vol. 1","[""101 Strings Orchestra""]",2008,Classical,Calm,english,2.3794472035248075
3qT3lUntTSpTBz7UeRP9jx,The First Noel,Silver and Gold,"[""Mree""]",2017,Electronic,Calm,english,1.6938083441564062
3oTaFoE88PS764sX43kHV3,The First Noel/When The Meadow Was Bloomin',Because It's Christmas,"[""Barry Manilow""]",1990,Pop,Calm,english,2.4273037335298646
0Qq6AWZ7KRyd320Ej9dbCj,The First Nowell,The Great British Carol Collection,"[""Traditional"", ""The Choir Of Trinity College, Cambridge"", ""Richard Marlow""]",2014,Classical,Calm,english,2.4809497522057176
12yjImPfjFpBcgQj8OjALf,The First Nowell,Carols From Trinity,"[""Traditional"", ""The Choir Of Trinity College, Cambridge"", ""Richard Marlow""]",1995,Classical,Calm,english,2.651787135287876
4rbE8xmX0XbApgdcKfAYv2,The First Nowell,Carols From Cambridge: The Very Best Sacred Christmas Carols,"[""Choir of King's College, Cambridge"", ""Sir David Willcocks""]",2013,Classical,Calm,english,1.3985841420170606
67ei77k2f5tpHKp46YCHy7,The First Nowell,Music for Christmas Dinner,"[""Libera""]",2018,Classical,Calm,english,1.7969972994087478
0wk8yxM4fomG6aECfELq5V,The First Noël,Home For Christmas,"[""101 Strings Orchestra""]",2000,Classical,Calm,english,1.370173107230459
0DyLJsh7KOj8ZPPxEulmun,The First Time Ever I Saw Your Face,Amour,"[""Natasha Marsh"", ""Craig Leon"", ""London Symphony Orchestra""]",2007,Classical,Calm,english,2.82279598224166
0vybPV9twU7ux9RAoPzG4E,The First Time Ever I Saw Your Face,X-Men: Days of Future Past (Original Motion Picture Soundtrack),"[""Ewan MacColl"", ""Roberta Flack""]",2014,Folk,Calm,english,2.228240241286974
2M81YYyVkir6Svy0cTDlU8,The First Time Ever I Saw Your Face,Alfie,"[""Alfie Boe""]",2011,Classical,Calm,english,3.317539847853688
321PLS8FauRS4OkvBNcyUy,The First Time Ever I Saw Your Face,Kailangan Ko'y Ikaw- OST,"[""Regine Velasquez""]",2000,Pop,Calm,english,2.0347242702652952
439YoBl1Gw02uF2P4bA5hS,The First Time Ever I Saw Your Face,Best Of Bert Jansch,"[""Bert Jansch""]",2005,Folk,Calm,english,3.454858529938849
4L4gEoJVC8oqlnhq3yHxAs,The First Time Ever I Saw Your Face,All Directions,"[""The Temptations""]",1972,Pop,Calm,english,2.027427241520717
6O9vwm6ineoeZpR9w8oI5N,The First Time Ever I Saw Your Face,The First Time Ever I Saw Your Face,"[""Sissel""]",2019,Pop,Calm,english,2.108092587981505
6JZ1wNQM7GXovqwmrnZQwt,The Fisherman's Song/ Lament for the Fisherman's Wife,Wild & Beautiful,"[""Silly Wizard""]",2006,Folk,Calm,english,3.629465905339868
29db8U2clT5EqzaJ4Vrk5u,The Five-Fifteen (Reprise),Grey Gardens: The Musical (Original Broadway Cast Recording),"[""Scott Frankel"", ""Michael Korie"", ""Christine Ebersole""]",2007,Classical,Calm,english,2.5153363677212286
02gW8xCy4EZfG7OpoYBYtj,The Flower of Maherally,Omnis,"[""An\u00fana"", ""Michael McGlynn""]",2003,Folk,Calm,english,2.6655449579550328
660D1KONP5QoayR5MUGGcK,The Fold,The Crow Mother,"[""Wickerbird""]",2012,Electronic,Calm,english,1.324719980165514
7kqPqRSTKLlK6MjvbtshNl,The Folks Who Live On The Hill,Moments Like This,"[""Peggy Lee""]",1993,Jazz,Calm,english,3.06876385764886
7kSaXrHANOFv8iXgh2gvgA,The Folks Who Live on the Hill - Live,"Progression: The Art of the Trio, Vol. 5","[""Brad Mehldau""]",2011,Jazz,Calm,english,4.362813742764655
13i3Nhp7YdBiYe9f4liVP6,The Fool,Memory of a Cut off Head,"[""OCS""]",2017,Rock,Calm,english,2.371777048804924
1ILXUMIJAO4cITJoJLaCti,The Fool - alt. take 1,"Today, Tomorrow and Forever","[""Elvis Presley""]",2002,Rock,Calm,english,1.922432779804789
5uTPkp6bBJHH52MfE97ujW,The Fool On The Hill,Blackbird - The Beatles Album,"[""Milo\u0161 Karadagli\u0107""]",2016,Classical,Calm,english,1.777279802579187
0H9sXkWkIQlCNqJhXhxpul,The Forest,Vestiges & Claws,"[""Jos\u00e9 Gonz\u00e1lez""]",2015,Folk,Calm,english,1.478500477883757
5QIR20taE191a0gNExf4qm,The Fox and the Hound,Your Blues,"[""Destroyer""]",2004,Pop,Calm,english,1.8435624317797223
6Hbj72viJaJWUch7PlVx3E,The Fox and the Hound,Your Blues,"[""Destroyer""]",2004,Pop,Calm,english,1.8435624317797223
49T23jJvNLh5BjSAnyMmRf,The Frowner,The Frowner,"[""Joey Pecoraro""]",2021,Electronic,Calm,english,2.2532877604003088
13ZqvSF6TGRx2MvGMMBbv5,The Funeral Bazaar,The Hallowing,"[""Autumn Tears""]",2007,Electronic,Calm,english,2.402995665135685
6PRRetMsSodiYtUzAKdJQK,The Gal from Joe's,Dick Hyman Plays Duke Ellington,"[""Dick Hyman""]",2012,Jazz,Calm,english,2.4605453673112154
5YGOdlXKNe4mQ1zwws0tKy,The Games We Play,Gravity,"[""Anekdoten""]",2003,Rock,Calm,english,1.8892813277091336
3DohBh0ly8hTtyfd9EgOTD,The Garden,The Garden...Plus,"[""John Foxx""]",2008,Electronic,Calm,english,1.900028110038629
4dNFKnJeqtCzN9MYM8SeCS,The Garden,Unweave the Sky,"[""Paper Branches""]",2018,Rock,Calm,english,1.53681005698601
5D657FICdgHhEd1i3I5Xp6,The Garden,The Virgin Years 1980-1985,"[""John Foxx""]",2014,Electronic,Calm,english,2.204439369387288
6FHAKzi7SZ7l84VwDMvdSX,The Garden Hides The Jewel,New Mother,"[""Angels Of Light""]",1999,Rock,Calm,english,2.063518940340811
66KJfnej6tJWkuJDFGx19A,The Gartan Mother’s Lullaby,Invisible Stars: Choral Works of Ireland & Scotland,"[""Desmond Earley"", ""The Choral Scholars of University College Dublin"", ""Hazel Conway"", ""Geraldine O'Doherty""]",2015,Classical,Calm,english,3.143344734765641
3znTSbFie2bjuijsZml7tu,The Gate - Extended Mix,The Gate (Extended Mix),"[""Caroline Polachek""]",2020,Pop,Calm,english,2.5819245517010496
4tTvrLPdfjsLotby7xGQFD,The Gemini,Night Drive,"[""Chromatics""]",2007,Pop,Calm,english,2.179479046413739
1s1RSWV651gwOCI3v1s915,The Gentle Rain,Brazilian Sketches,"[""Jim Tomlinson"", ""Colin Oxley"", ""Simon Thorpe"", ""Chris Wells"", ""David Newton"", ""Stacey Kent""]",2001,Jazz,Calm,english,2.0763654735519648
3iFCJmOpENcNPuDE9oBElK,The Gentle Rain - Remastered,In Tune (Remastered Anniversary Edition),"[""Oscar Peterson Trio"", ""The Singers Unlimited""]",2014,Jazz,Calm,english,2.06019067794955
09RQKhsTiz0NuD9kWipIAU,The Gift,Diva,"[""Annie Lennox""]",1992,Electronic,Calm,english,2.480949642454533
372NvLuHd2tujFkSRfDieE,"The Gift of Life: No. 5, The Gift of Each Day",Rutter: The Gift of Life,"[""John Rutter"", ""The Cambridge Singers"", ""Royal Philharmonic Orchestra""]",2015,Classical,Calm,english,3.0872533375890256
1ZiwqF4srqd9IqosUjT5mX,The Glass Screen,A Walk in the Countryside,"[""Mark Sheeky""]",2018,Electronic,Calm,english,3.080280440396433
7K1HpRlFM1G203S5XvpmpA,The Glow,"It Was Hot, We Stayed in the Water","[""The Microphones""]",2000,Folk,Calm,english,1.939619902671436
3FZ0cKw1RjJSjIOpbBEzK7,The Glow Pt. 2 Sequel,Little Bird Flies into a Big Black Cloud,"[""The Microphones""]",2002,Folk,Calm,english,2.3423332029456483
3MEHERLBFLrvecpBg5BLwZ,The Glow Pt. 4 (Version),Song Islands,"[""The Microphones""]",2002,Folk,Calm,english,1.470707234090029
3QgrGT7dnmzBL7wDEdJNs0,The Golden Circle,Avifauna,"[""Fauna""]",2012,Rock,Calm,english,2.0079001517750674
43eyJLyBWEHPxWnPOtZ0LW,The Good in Eva Patterson,The Nerado Black Sessions,"[""Vagenda"", ""Kaito"", ""Hatsune Miku"", ""CYBER DIVA""]",2016,Hip-Hop,Calm,english,2.6224363856235
7LBWAib31Cthfz2KoI611Z,The Great Below,The Fragile,"[""Nine Inch Nails""]",1999,Rock,Calm,english,2.4352918929362968
25tZHMv3ctlzqDaHAeuU9c,The Great Gig In The Sky - 2011 Remastered Version,The Dark Side Of The Moon (2011 Remastered Version),"[""Pink Floyd""]",1973,Rock,Calm,english,1.2959799130911485
0jFE49q7cnUGdYSQTVxUyU,"The Great Gig In the Sky - Live in Amsterdam, June, 2018",Us + Them,"[""Roger Waters""]",2020,Rock,Calm,english,3.468472075407082
0pa1qPQkefm7LzsLEjG00L,The Great Gig in the Sky,Echoes: The Best of Pink Floyd,"[""Pink Floyd""]",2001,Rock,Calm,english,2.0937338416237936
2TjdnqlpwOjhijHCwHCP2d,The Great Gig in the Sky,The Dark Side of the Moon,"[""Pink Floyd""]",1973,Rock,Calm,english,1.373021548655402
1VwHhucEPgYCn8NuAV2d37,The Great Marsh,The Snow Goose,"[""Camel""]",1975,Rock,Calm,,3.2338782709185114
14VWPYWaemUTwfy1G1Nnoe,The Greatest Gift,The Greatest Gift,"[""Sufjan Stevens""]",2017,Classical,Calm,english,2.8695254126636254
2lFXZ6pE7Rb85JJAaiAueA,The Greatest Gift,The Greatest Gift,"[""Sufjan Stevens""]",2017,Classical,Calm,english,2.903098985344081
1afxSuFfRnIMmxJv4njEJC,The Greatest Illusion,Living Creatures,"[""Stolas""]",2013,Rock,Calm,english,1.4524468187071555
1dIYM4KEgHdrcaH1RlY0kK,The Green Leaves Of Summer,American Tranquility,"[""Phil Coulter""]",2005,Folk,Calm,english,1.2524546643287742
4rWC2NFanTdvYzLOlrJFBN,The Grieving,Colors Hidden Within the Gray,"[""Theodore B Tringo"", ""Autumn Tears""]",2019,Electronic,Calm,english,3.081544993434115
68xRA7Ny41qPU24xCA3hS4,The Groves of Lebanon,The Night Is Advancing,"[""Appendix Out""]",2000,Rock,Calm,english,1.179672551967044
4xivJ5lO3vzFiGR4LTZX4O,The Guilt,The Best of Migala,"[""Migala""]",2014,Rock,Calm,english,1.788357434345617
3QNGpjgYr15S3JgdLuK0kT,The Guilty Party,Drinking Songs,"[""Matt Elliott""]",2005,Rock,Calm,english,1.163561394415128
6GbLbASHbNYNGPOH3zMrAE,The Gypsy's Wife - Live in Dublin,Live In Dublin,"[""Leonard Cohen""]",2014,Folk,Calm,english,4.324307822049405
7iPlDUqdOfa1qaIAsy1XjZ,The Hallowing,The Hallowing,"[""Autumn Tears""]",2007,Electronic,Calm,english,2.511261025692932
089QFxwC1qzkdZAYLB5SL6,The Hallowing Of Heirdom,The Hallowing Of Heirdom,"[""Winterfylleth""]",2018,Rock,Calm,english,1.818479914563698
0npxjlMNGb5uq3XRTxKO0m,The Hardest Part,In Field & Town,"[""Hayden""]",2008,Rock,Calm,english,1.7508500035685717
2ZpNQulGxhqzaGxpD3iRFD,The Harvest,Persephone,"[""Wendy Rule""]",2019,Folk,Calm,english,2.534750701185526
5mQYZLyB2WnpLlEJdS9WM6,The Hawaiian Wedding Song,16 Most Requested Songs,"[""Andy Williams""]",1986,Pop,Calm,english,3.587195177153876
4LdxNQZKD9P0V9bTmIekBp,The Healing Place,Gone To Earth (Remastered 2003),"[""David Sylvian""]",1986,Pop,Calm,english,1.0670973490279732
03LQaMpqhQGlhTlb38Sm9x,The Herald,First Utterance,"[""Comus""]",1971,Rock,Calm,english,1.6174894298601386
0pZvRsxO57jXB8vsOsvQ9d,The Hero in Your Heart,The Hero in Your Heart,"[""Thomas Bergersen"", ""Merethe Soltvedt""]",2013,Classical,Calm,english,1.871804824229587
0wqnaAQJCnEYRMWmDuPGnl,The High and Exalted One,The Master and the Musician: 30th Anniversary Edition,"[""Phil Keaggy""]",2008,Rock,Calm,english,1.555815823840894
7vbFgY55LOUJ8rm7PFCS9f,The Highland Clearances,So Many Partings,"[""Silly Wizard""]",2006,Folk,Calm,english,3.142320566769946
1KvZioQ0C6W7sNGeitUGyW,The Hill,The Hill,"[""Richard Buckner""]",2000,Country,Calm,english,3.96519796663588
30Y3oX5JAHuGqbIpygBdz6,The History Of Rape,Tentacles Of Whorror,"[""Leviathan""]",2004,Rock,Calm,english,2.214798970846325
7rL8WURNm3vEAZMwfe94P5,The Holly And The Ivy,40 Essential Carols,"[""Traditional"", ""Choir of King's College, Cambridge"", ""Sir David Willcocks""]",2005,Classical,Calm,english,2.823396248312884
33Zxi1ZbIcaLbYgCwdvJ11,The Holly and the Ivy,Christmas 25Th Anniversary Collection,"[""Mannheim Steamroller""]",2009,Pop,Calm,english,1.6527879679161457
4mRnuEDRUJRcigHCUobS0J,The Holly and the Ivy,Christmas Symphony,"[""Mannheim Steamroller""]",2012,Pop,Calm,english,1.9346659028197488
6HbfN2DIR3KWy2LAlLno2t,The Holly and the Ivy,My Little Christmas Tree,"[""Mannheim Steamroller""]",1997,Pop,Calm,english,1.8244081109800936
6UsYcKWIQBVbeyQicfp5I6,The Holly and the Ivy (Live),Our Favorite Carols (Live),"[""Chanticleer"", ""Reginald Jacques""]",2011,Classical,Calm,english,1.5196540952646918
6a9pF2TcKqD6KgkbyyTSHo,The Holly and the Ivy,A Fresh Aire Christmas,"[""Mannheim Steamroller""]",1988,Pop,Calm,english,1.8311288074451848
0kuWh4vdtHAPg67lzTrBFW,The Horse,YTI⅃AƎЯ,"[""Bill Callahan""]",2022,Country,Calm,english,2.106887438964403
6NfhJnufcldpDimI4UiLof,The Host Of Seraphim (Remastered),The Serpent's Egg (Remastered),"[""Dead Can Dance""]",1988,Rock,Calm,english,3.553524605430553
0Xq6NBBLDI0TN8wjeB5GjN,The Hot Gates,300 Original Motion Picture Soundtrack (U.S. Version),"[""Tyler Bates""]",2007,Classical,Calm,english,2.8831300622667184
7ujQer4HYvJEWAuPfbeZYr,The Hour Grows Late,Electr-o-pura,"[""Yo La Tengo""]",1995,Pop,Calm,english,2.7219732099380662
3STYntspHbnCB1KQHEgNAl,The Houses of Healing (feat. Liv Tyler),The Lord of the Rings - The Return of the King - The Complete Recordings (Limited Edition),"[""Howard Shore"", ""Liv Tyler""]",2003,Classical,Calm,english,2.229306617951349
0oHLmXTyHzP7m4K6dCjEVo,The Human Heart,Once on This Island (Original Broadway Cast Recording),"[""Andrea Frierson"", ""Once on This Island Ensemble""]",1990,Classical,Calm,english,2.6858864320203155
1BtPDNnI1yhkL6H4MmZyTT,The Humility of God,Suddenly (Or the Nuclear Sunburst of the Truth Revealed),"[""Young Oceans""]",2017,Folk,Calm,english,2.505982016375205
0LZg0zQQ2ubZVw29OMdYaD,The Hunt,The Call of the Wretched Sea,"[""Ahab""]",2006,Rock,Calm,english,3.426116493923771
0AGVzKKPhXb89AV1S92eaZ,The Huron Carol,Christmas Ett Barn Ar Fott - Julsanger Fran Hela Varlden,"[""\u00d6rebro Chamber Choir"", ""Traditional""]",1998,Pop,Calm,english,3.0572503668200866
6XhZsNKwog0CJetApiUaAX,"The Huron Carol, ""Jesous ahatonhia"" (Arr. For choir)",Christmas Chill - The Ultimate Collection,"[""Traditional"", ""The Elora Singers"", ""Noel Edison""]",2008,Classical,Calm,english,1.8119556279374749
2FToMMCJRuU1b4cCuJTE1y,The Huron Indian Carol,Wassail! Wassail!: Early American Christmas Music,"[""Carol Duveneck"", ""Hildur Colot"", ""John Fleagle""]",1982,Folk,Calm,english,2.6867329970855405
2Kgjk1UW1KIJKPRiCX8rXG,The Hustle,FLOTUS,"[""Lambchop""]",2016,Country,Calm,english,2.8209206937659133
5YiGH4vQJzbiLctZrtyNZB,The Impossible Dream,Stage Heroes,"[""Colm Wilkinson""]",1989,Classical,Calm,english,2.2301835154141
3qOp1zo3IVWryuwkuTrDVt,The Inch Worm (feat. Isabella Loggins) - from Hans Christian Andersen,More Songs From Pooh Corner,"[""Kenny Loggins"", ""Isabella Loggins""]",2000,Pop,Calm,english,2.7549780865957927
51Skj5obHU8UkisRWSW15w,The Incredible PWEI VS the Moral Majority,Cure For Sanity,"[""Pop Will Eat Itself""]",1990,Rock,Calm,english,5.169283832403693
6DAYrg4Eb7Y520l5kkVkZg,"The Indian Queen, Z. 630 : Act IV - Prelude And Song (Orazia): They Tell Us That Your Mighty Powers",Purcell: The Indian Queen,"[""The Scholars Baroque Ensemble"", ""John Dryden"", ""Henry Purcell""]",1998,Classical,Calm,english,2.6388467426490068
5de2kWLHJ0gaf9uMdQxBxR,The Inlaw Josie Wales - Live,Farmhouse,"[""Phish""]",2000,Rock,Calm,,1.7317732938993755
0HIXwNyY0cn5e5qSMKNJGB,The Isle Of Dreaming,Isle Of Dreaming,"[""Kate Price""]",2000,Folk,Calm,english,1.839096764974648
6xXcbbdneE1xMkiVdTtnGu,The Isle Of Innisfree - Single Version,Top O' The Morning / His Irish Collection,"[""Bing Crosby"", ""John Scott Trotter & His Orchestra""]",1996,Pop,Calm,english,1.5293778949459669
5VQgrcLsb4C712tVEa3rm9,The Jackson Song,Dream Of Life,"[""Patti Smith""]",1988,Rock,Calm,english,2.5773285306526064
5gvhqMZ8iViCy42bsO6Sai,The Journey,The Journey,"[""Sissel""]",2022,Pop,Calm,english,1.9362170986296128
1RzuKQfO96hUjC6Jqb2gXG,The Key,Total Recall (Original Motion Picture Soundtrack),"[""Harry Gregson-Williams""]",2012,Classical,Calm,english,1.922119321357428
1TKHQLOysAeh6yqkfx1fU3,The Killing Tent,Sea of the Dying Dhow,"[""*shels""]",2007,Rock,Calm,,1.9678456732340617
0YuXwTrtYXB73vYIwRocKh,The King of Love My Shepherd is,20 Famous Cathedral Hymns - Volume 2,"[""The Choir of Kings School, Canterbury""]",2012,Classical,Calm,english,3.0558525952627726
0RBD7eL69oj6nXWj8HhRUY,The Kiss,The Twilight Saga: Eclipse The Score,"[""Howard Shore""]",2010,Classical,Calm,english,2.521200251536717
48eNB9H0mQKkm4ufO6lUbA,The Kiss,The Twilight Saga: Eclipse The Score,"[""Howard Shore""]",2010,Classical,Calm,english,2.521200251536717
0uJe9gJjWuhPwDnZqeOldF,The Kissing Life,Suitcase - Failed Experiments and Trashed Aircraft,"[""Guided By Voices""]",2000,Pop,Calm,english,3.973440205789673
7e72BcgVhDUrRO2v5wU37R,The Kursk,Drinking Songs,"[""Matt Elliott""]",2005,Rock,Calm,english,3.433789056037295
16I8Ex6B6AbbRSmP37m7tb,The Lamb,Trust,"[""Low""]",2002,Rock,Calm,english,1.751251653753847
1iUNUV6RiPrwKTKJjNQb5B,The Lamb,The John Tavener Collection,"[""John Tavener"", ""The Temple Church Choir"", ""Stephen Layton""]",2003,Classical,Calm,english,3.738470278012737
4DbG0DOfag1hUTwgtJUbMw,The Lamb,Sounds Sublime,"[""The Sixteen""]",2009,Classical,Calm,english,1.947355792525407
4ISsSVDwdRzM1XX5QZCTge,The Land Between Solar Systems,Finally We Are No One,"[""m\u00fam""]",2002,Rock,Calm,english,1.6884157357753198
5o470GfkbJALpgbzPgxzY1,The Land Between Solar Systems,Finally We Are No One,"[""m\u00fam""]",2002,Rock,Calm,english,1.8906634559946591
5qy8KXDdfC7TrCwE4fBemw,The Land of Nod,Leave Your Sleep,"[""Natalie Merchant""]",2010,Folk,Calm,english,1.9316529564183589
4q2EbJmzBEnjwPBxohbsOz,"The Land of Smiles: ""You Are My Heart's Delight""",You Mean the World to Me,"[""Franz Leh\u00e1r"", ""Jonas Kaufmann"", ""Berlin Radio Symphony Orchestra"", ""Jochen Rieder""]",2014,Classical,Calm,english,1.8810906054592007
0etyailntHc2GcIHnlZmjN,The Landing,Stratosphere,"[""Duster""]",1998,Rock,Calm,english,3.5020099273434067
14XWQxSJnXHu8YbRpZgoP2,The Landing,Capsule Losing Contact,"[""Duster""]",2019,Rock,Calm,english,3.5036286851887923
3JEELMIjO0kRu8zYcB6ryi,The Last Form Of Loving,"I Have Fought Against It, But I Can’t Any Longer.","[""The Body""]",2018,Rock,Calm,english,4.241917176441984
2a0dlYlWvlX4Gy89B5SMSd,The Last Four Winters Of The War/Grey Silk Storm,Fast Trains And Telegraph Wires,"[""Trembling Blue Stars""]",2010,Pop,Calm,english,3.5823822354411465
4TMfOnVz4vauQGdRYoGev3,The Last King Falls,The Hallowing,"[""Autumn Tears""]",2007,Electronic,Calm,english,2.4353681831049463
42Gt95ZCZKR0sYbPhj0sgH,The Last Question (In the Dead of the Night),Long Road Home,"[""Mickey Newbury""]",2008,Country,Calm,english,2.7815527983005697
0SaDDLkIrTUc8Xg9Z25dE9,The Last Thing on My Mind,Another Side of This Life,"[""Gram Parsons""]",2000,Country,Calm,english,2.374275150737565
2sg3oUyWN2M6MmIXfGC9k3,The Last Time I Did Acid I Went Insane,The Last Time I Did Acid I Went Insane,"[""Jeffrey Lewis""]",2001,Folk,Calm,english,2.300177294768598
4xildSiaHSRGBERurge8LI,The Last Time I Did Acid I Went Insane,The Last Time I Did Acid I Went Insane,"[""Jeffrey Lewis""]",2001,Folk,Calm,english,2.3023386558931067
2BdWsulXoQ7cuoqlhmNlKl,The Last of Goodbyes - EastWest Session,"Everything Was Beautiful, And Nothing Hurt (The EastWest Sessions)","[""Moby""]",2018,Electronic,Calm,english,2.2354705629212024
4PjIGAUgrtU2GmD7pc6QJy,The Lasting Last of You,This (Is What I Wanted to Tell You),"[""Lambchop""]",2019,Country,Calm,english,1.6622170268070675
4ccIJYa1HtdK0hu3oYt0x5,The Laundry Bin,Empty Nest,"[""Mree""]",2017,Electronic,Calm,english,2.585004947067705
0GJflfZdSDErKroMtnYkuS,The Let Down (Garage Band Demo),Into The Darkness (EP & Demos),"[""Samantha Scarlette""]",2011,Rock,Calm,english,1.6800652774522142
1a5ZyeX5bzFLgsq9mbPmqD,The Leveling,V,"[""Unearthly Trance""]",2010,Rock,Calm,english,6.292527068465597
2pJ0X2gjkAlu7E5cp16yDQ,The Light,"Where Will We Go, Pt. 1","[""Nick Hakim""]",2014,R&B,Calm,english,1.2498062693676435
0KqibVrMkGosNsEfejqr5Z,The Lily And The Rose,Making Waves,"[""Traditional"", ""Iain Farrington"", ""The Sirens"", ""Bob Chilcott""]",2008,Classical,Calm,english,2.0857379487125627
6BbLqagnzIdIUxxAPO9nHt,The Lion and the Wolf,"The Alchemy Index, Vol. 3 & 4: Air & Earth","[""Thrice""]",2008,Rock,Calm,english,3.2514821399778904
17NjKoGMxPkMLOQFsuqUmG,The Little Drummer Boy,Christmas with the King's Singers,"[""Harry Simeone"", ""Henry Onorati"", ""Katherine K. Davis"", ""The King's Singers"", ""Richard Hickox"", ""City of London Sinfonia""]",2017,Classical,Calm,english,2.502251329863429
38X63O9k13Rcbmah4HrhEE,The Little Drummer Boy,Christmas Album,"[""John Fahey""]",1994,Folk,Calm,english,1.309771293357247
6MsBT9RvRMuRldZpYXRGYg,The Little Drummer Boy,A Capella Christmas Favourites,"[""The King's Singers""]",2018,Classical,Calm,english,2.655160378201692
6o8n0uL2CXtHHgoUuxXjCm,The Little Road To Bethlehem,Hear My Prayer,"[""Aled Jones""]",2003,Pop,Calm,english,2.8153935310819764
5uhfJS7WUannmdkeQqXw4H,The Loneliness of Lift Music,The Philosophy of Momus,"[""Momus""]",2016,Classical,Calm,english,1.4349778299729214
1Hb5XdLuovOFy6d40UTH1J,The Lonely Life of the UFO Researcher,Every Scene Needs a Center,"[""Tullycraft""]",2007,Pop,Calm,english,3.1313662437464886
4Ajk2pTOPbCKnPu1AhjgNG,The Long and Winding Road,Göran Söllscher - From Yesterday to Penny Lane,"[""G\u00f6ran S\u00f6llscher""]",2000,Classical,Calm,english,1.99795336252505
31e0sMmevs1Cpp4FnCD94M,The Long Goodbye,Country Serenity,"[""Phil Coulter""]",2006,Folk,Calm,english,2.385702382732413
2hCmgKNejL9sVrmBWPGm2g,The Long Road Home (Iron Gate),Sky Burial,"[""Inter Arma""]",2013,Rock,Calm,english,2.3629864107979173
4EkvfeZntWivs4vCaLoPeh,The Long Sleep,The Long Sleep,"[""Jenny Hval""]",2018,Pop,Calm,english,1.0919623859724137
38UEe6tvR5IufCUwFa7tXB,The Long Song,Doctor Who - Series 7 (Original Television Soundtrack),"[""Murray Gold""]",2013,Classical,Calm,english,1.7468047999499263
5WmauXMOXjjdrflE6KlHAD,The Long Song,Doctor Who - Series 7 (Original Television Soundtrack),"[""Murray Gold""]",2013,Classical,Calm,english,2.6755517017414623
7zZ6VgursJwmKmAexMkhaS,The Long Song,Doctor Who - The 50th Anniversary Collection (Original Television Soundtrack),"[""Murray Gold""]",2013,Classical,Calm,english,2.6755517017414623
3pvMhEvx1kwTIrxGSPuIR2,The Long and Winding Road,Solo Piano Lullabies,"[""Brian Crain""]",2013,Classical,Calm,english,1.9232531260210453
5r4CoRPXq8RGmrlVNzNJq5,The Look Of Love,Blue Guitar,"[""Barney Kessel""]",2006,Jazz,Calm,english,1.4073338674413454
7emN5pA4WyIRrCEyoUckQV,The Look Of Love,The Look Of Love,"[""Valerie Joyce""]",2001,Jazz,Calm,english,2.4969632605914978
3KlDJLtXyoJVawhJfHoIoP,The Lord Bless You And Keep You,What Sweeter Music: Choral Favourites By John Rutter,"[""John Rutter"", ""The Choir of Trinity College, Melbourne"", ""Joshua van Konkelenberg"", ""Michael Leighton Jones""]",2015,Classical,Calm,english,1.8464172959826315
5DxNqFglEcq5MCMlHdPMc5,Rutter: The Lord Bless You And Keep You,The Royal Wedding - The Official Album,"[""John Rutter"", ""The Choir of St George's Chapel, Windsor Castle"", ""James Vivian"", ""Luke Bond""]",2018,Classical,Calm,english,2.0125588475502934
1CpEF3InljNLmtz418XtCB,The Lord My Pasture Will Prepare,This Is the Christ,"[""Dmitry Bortniansky"", ""The Tabernacle Choir at Temple Square"", ""Orchestra at Temple Square"", ""Mack Wilberg""]",2011,Classical,Calm,english,1.8403140940668528
7sSLAechsr1HRdF2bNCJ1W,The Lord Bless You and Keep You,Be Thou My Vision: Sacred Music by John Rutter,"[""John Rutter"", ""The Cambridge Singers"", ""City of London Sinfonia""]",2004,Classical,Calm,english,2.9725197829307453
2Go4XMJDyjhbnWHczT1Hlv,The Lord Is My Shepherd,Gloria: The Sacred Music Of John Rutter,"[""John Rutter"", ""Quentin Poole"", ""The Cambridge Singers"", ""City of London Sinfonia""]",2005,Classical,Calm,english,2.0101090981623733
4JupnXyGXLERrdGlSzYNFs,The Lord is my shepherd,Rutter: A Double Celebration,"[""John Rutter"", ""The Cambridge Singers"", ""Quentin Poole"", ""City of London Sinfonia""]",2014,Classical,Calm,english,2.0101090981623733
0z9QFDuPb1TloV4PuaZtBD,The Lord's Prayer,SONGS OF FAITH,"[""Andy Williams""]",1972,Pop,Calm,english,2.0284658799827624
38rw3KPDpLS7OLjLsZCw4c,The Lord's Prayer,Grandes Éxitos Vol. 2,"[""Mario Lanza""]",2015,Classical,Calm,english,2.5657204232977
6FIIUfFP8C88y51k1zi5O3,The Lord's Prayer,The Christmas Collection,"[""Malotte"", ""Il Divo""]",2005,Classical,Calm,english,3.052671250129837
6yCQLPZIDtCahDDYsI2qdy,The Lord's Prayer,The Christmas Collection,"[""Malotte"", ""Il Divo""]",2006,Classical,Calm,english,3.106676258763746
7KhB6gvsx1psSSbDe8BRcn,The Lost and Found,The Lost and Found,"[""Gretchen Parlato""]",2011,Jazz,Calm,english,2.621476029752191
397DGqmBa2Jsg2vYPfguHG,The Mackenzies,Gold Record,"[""Bill Callahan""]",2020,Country,Calm,english,1.4789263937076704
4Wj3FRVyfYE0XqsropUbIf,The Magical Butterfly Net,Falling Through a Field,"[""Black Moth Super Rainbow""]",2003,Rock,Calm,english,2.308886067522662
5mzM41AhqUXpjlPZUprGfE,The Making of Grief Point,Endless Falls,"[""Loscil""]",2010,Electronic,Calm,english,1.651847964254811
3Gw7ZpdWLANwXijRw7mgiN,The Man Who Loved Beer,How I Quit Smoking,"[""Lambchop""]",1995,Country,Calm,english,2.3383470290972395
1uw3g2nfkilEC9Z3L6L4QK,The Mansion,"The Glow, Pt. 2","[""The Microphones""]",2001,Folk,Calm,english,1.829029471359556
6GB7HjwxlN6fY8JKaBzbTG,Only Tears To Replace Her With,The Manuscript EP,"[""My Dying Bride""]",2013,Rock,Calm,english,2.3518406968532983
0MLJzRgk6OmK1M7LjSNcch,The March Air,Shadow Of Time,"[""Nightnoise""]",1993,Folk,Calm,english,1.918318182544924
7slIkUpyu69rBbiNalWAiS,The March Air,Pure Nightnoise,"[""Nightnoise""]",1984,Folk,Calm,english,1.433167037642002
5FWZwyKC7AnTvZohy6VUYX,The Masquerade Is Over,Benson's Best,"[""George Benson""]",2009,Jazz,Calm,english,2.38155339003588
1Qo7f7tSWlzrGsigH9c6Oa,The Mermaid,Omnis,"[""An\u00fana"", ""Michael McGlynn""]",2003,Folk,Calm,english,1.8173751401105
17X9PiwR8WODuqWyBIt2uI,The Messiah Will Come Again,Roy Buchanan,"[""Roy Buchanan""]",1972,Blues,Calm,english,3.051431958124255
6TW91joBpY4kmE1eyofxOn,"The Miraculous Mandarin Suite, Op. 19: I. Introduction","Prokofiev, Bartók, Schulhoff, Holst & Ravel: Music of the Machine Age","[""B\u00e9la Bart\u00f3k"", ""Borusan Istanbul Philharmonic Orchestra"", ""Sascha Goetzel""]",2012,Classical,Calm,english,2.156823903149835
4hNsPl2BPUnBzOn7kADDWf,The Misshapen Steed,Pale Folklore (Remastered),"[""Agalloch""]",2008,Rock,Calm,,2.083373506637892
1RBEBRUKdXKFKILSHkbQFa,The Missing Road,"Hidden Hollow, Vol. One - Singles","[""Radical Face""]",2021,Folk,Calm,english,1.7945115815348796
3SASqUvlrAgSOgGMBJH5Ur,The Monolith,Monolith of Inhumanity,"[""Cattle Decapitation""]",2012,Rock,Calm,english,2.568383766479791
5f9eiVRiup3O2MVqoz4tag,The Moon Is Nearly Full,Milk Of The Moon,"[""Greg Brown""]",2002,Country,Calm,english,1.75934830771438
53dUgtuq4kCzgLYmqwMHZ1,The Moon Shines Bright,Old Wow,"[""Sam Lee"", ""Elizabeth Fraser""]",2020,Folk,Calm,english,2.083150375154768
39Td6DiaWVzx5RcDCMWQFz,The Moon Song,Beyond The Missouri Sky,"[""Pat Metheny"", ""Charlie Haden""]",1997,Jazz,Calm,english,1.2934038092921991
4c6SHPt18HxiGNOGJIRQkU,The Moon Song,Beyond The Missouri Sky,"[""Pat Metheny"", ""Charlie Haden""]",1997,Jazz,Calm,english,1.3594101929113491
0tiGMHPSE58LqcPQ2kgjaK,The Morning Paper,Red Apple Falls,"[""Smog""]",1997,Rock,Calm,english,1.963239727035902
3bHDzfGb2IwUtMTiVdpQbK,The Morning Side Of Love,Blue Note Trip 2: Sunset/Sunrise,"[""Chico Hamilton""]",2006,Jazz,Calm,english,2.4365797661367488
4PokJ4qbqYn76TCNK2Xuau,The Mother of God,Eternal: The Best of Libera,"[""John Tavener"", ""Libera"", ""Robert Prizeman""]",2008,Classical,Calm,english,2.14954550513228
0Wak7DrgE8rR9MGEoTYIEP,The Mountains Of Mourne,Serene Classics,"[""Phil Coulter"", ""Tra Arr""]",2014,Folk,Calm,english,1.5776312748223331
4uvXlQqb0J3L3Ber6BkVDI,The Mountains Of Mourne,A Touch Of Tranquility,"[""Phil Coulter""]",2005,Folk,Calm,english,0.8885835598868036
4yt0ktA4S9ihg0PIyTyrEE,The Movie,An American Prayer,"[""Jim Morrison""]",1978,Rock,Calm,english,2.8776639766209287
0RCzNqXL2FhkF5AZyVcWkS,The Music Man: 76 Trombones (Arr. L. Anderson),"Anderson, L.: Orchestral Music, Vol. 3 - Sleigh Ride / The Typewriter / Plink, Plank, Plunk! / The Syncopated Clock","[""Meredith Willson"", ""BBC Concert Orchestra"", ""Leonard Slatkin""]",2008,Classical,Calm,english,1.9949129161034789
5byUll2f3Zgnli3wJPoKRL,The Music Of The Night - From 'The Phantom Of The Opera' Motion Picture,The Phantom Of The Opera (Original Motion Picture Soundtrack),"[""Andrew Lloyd Webber"", ""Gerard Butler""]",2004,Classical,Calm,english,3.434798199300773
4E4X9t8KmP9cxtem1EHT7l,The Music of the Night - Single Album Version,The Phantom of the Opera (Original Motion Picture Soundtrack),"[""Andrew Lloyd Webber""]",2004,Classical,Calm,english,2.8943017197555574
7hpTV88efsIp8H71lx78A3,The Myth Arc,No One Deserves Happiness,"[""The Body""]",2016,Rock,Calm,english,2.916377301607086
6pVS48Jg5gIMBxGC2SMzkU,The National Anthem,VSQ Performs Radiohead: Enigmatic,"[""Vitamin String Quartet""]",2003,Classical,Calm,english,1.9398433627746392
03OgbxrpNUTILNeBglaKDY,The Nearness Of You,Family,"[""Roy Hargrove""]",1995,Jazz,Calm,english,0.823443206461869
54mSY6clTRHjeSj5NJcAAC,The Nearness Of You,Red Alone,"[""Red Garland""]",2004,Jazz,Calm,english,1.3187669205077306
5cZ7e3gE1ogJ3uMszPL8Dg,The Nearness Of You,Quintets: The Clef & Norgran Studio Albums,"[""Stan Getz Quintet""]",2011,Jazz,Calm,english,1.2470167006025474
6ymZDtLEGg40QShFEwePTp,The Nearness Of You,Love's Holiday,"[""Bill Charlap"", ""Dena DeRose"", ""Joe Locke""]",2002,Jazz,Calm,english,2.776547321091886
7ivSvI5y5EzoZ5zGqJbejF,The Nearness Of You - Remastered,The Essential Glenn Miller,"[""Glenn Miller""]",2005,Jazz,Calm,english,2.3454639791308267
01CduTFtqyVHYpL3hb27Bf,The Nearness Of You - Remastered 1998,The Original Quartet With Chet Baker,"[""Gerry Mulligan"", ""Chet Baker""]",1998,Jazz,Calm,english,1.3154824998394556
43Hw1yXWQemFHQvA7cdzmv,The Nearness of You,Angel Rodeo,"[""Lisa Sokolov""]",1993,Jazz,Calm,english,2.9774300130404003
79Xb1FStZ7y7YVQMx9Dc10,The Nearness of You,The Complete Glenn Miller and His Orchestra,"[""Glenn Miller""]",1991,Jazz,Calm,english,2.347972566156088
5BY5fMriMRWZISbsTqcB0Q,The Nearness of You - Remastered,Platinum Glenn Miller,"[""Glenn Miller""]",2003,Jazz,Calm,english,2.455673680743987
3y7nAOiFAIleCdNkMh1TqD,The New Cobweb Summer,Is a Woman,"[""Lambchop""]",2002,Country,Calm,english,1.8319643394513947
7rlIweSraMH2cixHtyXTzL,The Night,Earth: I,"[""Narrow Skies""]",2021,Electronic,Calm,english,2.855232199990551
6jeUOWzGN8D84AsyOff79W,The Night Before,Wasteland,"[""Riverside""]",2018,Rock,Calm,english,1.811976520462773
1t8fbiFowiTSzZeSRFB4kS,The Night Before the Funeral,Philophobia,"[""Arab Strap""]",1998,Rock,Calm,english,2.43267693343066
57pUabOQ9Tj8SIJVafpdd2,The Night Is Advancing,The Night Is Advancing,"[""Appendix Out""]",2000,Rock,Calm,english,2.291406323425885
39yGuVuxqQk0cqezpj4s7C,The Night We Called It A Day,Shadows in the Night,"[""Bob Dylan""]",2015,Folk,Calm,english,2.66819438411507
1AfdXo3aMGOSAAtnXfHjyG,The Night You Caught on Fire,The Night You Caught on Fire,"[""Hammock""]",2018,Electronic,Calm,english,2.6718521982349057
3m2GVPitKGUayLRoILAjK1,The Night of the Devil's Road,There's a Time,"[""Doug MacLeod""]",2013,Blues,Calm,english,2.682481130482104
6a8RkswF8xnQ2FepFZYU3q,The Noble Case for Mercy (feat. Ed Asner),Onward to Freedom,"[""Tourniquet"", ""Ed Asner""]",2014,Rock,Calm,english,1.3358612120738285
641WBH3tQlDKAIlIdGdhMR,"The Noon Witch, Op. 108, B. 196: The Noon Witch, B. 196, Op. 108",Macabre Masterpieces,"[""Anton\u00edn Dvo\u0159\u00e1k"", ""Polish National Radio Symphony Orchestra"", ""Stephen Gunzenhauser""]",2005,Classical,Calm,english,2.4161003391593088
5zhpYQzciD2pdE2eU17a33,"The Noon Witch, Op. 108, B. 196: The Noon Witch (Polednice), Op. 108",Dvorak (THE VERY BEST OF),"[""Polish National Radio Symphony Orchestra"", ""Anton\u00edn Dvo\u0159\u00e1k""]",2006,Classical,Calm,english,1.4087187207685292
6uChvO5ziCrYO8KDx7shcN,The Oath,Dark Age of Reason,"[""Arcana""]",2010,Electronic,Calm,english,2.358393526602078
6kj6nMj5B8pf3RgneDzmbR,The Obeisant Vine,Ayres,"[""Helios""]",2007,Electronic,Calm,english,2.115000450989532
2eNUWSBUP3Q0RpAJXrkdTW,The Ocean Floor,Headless Machine Of The Heart,"[""Helvetia""]",2008,Rock,Calm,english,2.2999424185132256
3uGs5u8lxiM9SrtVJaT0NH,The Old Fat Robin,Thriller,"[""Lambchop""]",1997,Country,Calm,english,1.9753462455429107
1GjKjIT7GX3KW2o24smjf7,The Old Matchbook Trick,Is a Woman,"[""Lambchop""]",2002,Country,Calm,english,1.93445029708936
4IsDQNLe4Ue2InMRMhBhD4,The Old Rugged Cross,Songs & Music of God,"[""George Beverly Shea""]",2013,Country,Calm,english,2.338544729581876
0NnLdxFYWX9hltX007QHp1,The One I Don't Know,Howls From the Hills,"[""Dead Meadow""]",2001,Rock,Calm,english,1.7608002311454622
73fhf1cmFFWx3lTWCK21Hz,The One I Love,Solstice,"[""Scala & Kolacny Brothers""]",2016,Classical,Calm,english,1.527020656383787
2pUdlqm1SaNckKrufzInMj,The One You Love,Shanti Project Collection 2,"[""Julie Doiron""]",2004,Rock,Calm,english,1.1532869933041836
4zTup6TC5BXIn6tn4JU24l,The One inside Part One - Noise in the Background,+4626-COMFORTZONE,"[""Beardfish""]",2015,Rock,Calm,english,2.8492330764784377
1p9YRF6fCygYH7OQiJZQKr,The Only Daughter,Blemish,"[""David Sylvian""]",2003,Pop,Calm,english,2.38118811106062
66pzmIaXJdi2YHITro3MNv,The Origin of Sleep,The Origin of Sleep,"[""Autumn Tears""]",2018,Electronic,Calm,english,2.3163261199725143
7zKfs4SMCGQobL2T3beSWv,"The Other One - Live at Lakeland Civic Center Arena, Lakeland, FA, May 21, 1977","Dick's Picks Vol. 29: Fox Theater, Atlanta, GA 5/19/77 / Lakeland Civic Center Arena, Lakeland, FL 5/21/77 (Live)","[""Grateful Dead""]",2003,Rock,Calm,english,1.8802847190539795
50EnYM0R8UqG8eLdaXoPEc,"The Other One - Live at War Memorial Arena, Rochester, NY 9/27/1976",30 Days of Dead 2012,"[""Grateful Dead""]",2012,Rock,Calm,english,2.693173182156414
38fHRPsOLnTMOy00mR6LkZ,"The Other One - Live at the Academy of Music, New York, NY, March 28, 1972","Dick's Picks Vol. 30: Academy of Music, New York, NY 3/25/72 & 3/28/72 (Live)","[""Grateful Dead"", ""Merle Saunders""]",2003,Rock,Calm,english,1.7795765130253147
1Z3A0DF3lVXytzXSvu2AsF,"The Other One - Live at the Palestra, Rochester, NY, October 26, 1971","Download Series Vol. 3: The Palestra, Rochester, NY 10/26/71 (Live)","[""Grateful Dead""]",2005,Rock,Calm,english,1.927582318824799
36vuLeejDDzEnrkLdLGeJO,The Other Side,Little Ghost,"[""Moonchild""]",2019,R&B,Calm,english,1.9550093163403164
0mBe6tVbUSZxGXMZzkFe8r,The Other Woman,For The Stars,"[""Anne Sofie von Otter"", ""Svante Henryson"", ""Bebe Risenfors"", ""Bengt Forsberg"", ""Mats Schubert"", ""Magnus Persson""]",2001,Classical,Calm,english,2.3769307354648648
0dOoftF34VVDoiHipWBpAt,The Outer Skin,"Polophoto, Duck Shaped Pain & ""Gum""","[""Chris Knox""]",1993,Pop,Calm,english,2.8781511163490383
3HBpOyKIvfSKysKZyXlaVY,The Overload,Remain in Light,"[""Talking Heads""]",1980,Pop,Calm,english,1.0747771124345928
4627xzFkr4qymUx03um6FX,The Overload - 2005 Remaster,Remain in Light (Deluxe Version),"[""Talking Heads""]",1980,Pop,Calm,english,1.7786083143074152
3h17kZy89j2d8YHNSgArNM,The Pain That's Yet to Come,The Broken Man,"[""Matt Elliott""]",2012,Rock,Calm,english,1.6725831846860917
5zyIqWM5ph2WQSdwkfLKD1,The Painter's Link,Aerial,"[""Kate Bush""]",2005,Pop,Calm,english,2.299204867843865
1ihxLbWvwCpHEYR64ezQF2,The Paradise Gallows,Paradise Gallows,"[""Inter Arma""]",2016,Rock,Calm,english,3.256526958293814
24w0c5O6vdiX1yFYXabQvs,The Parting Glass,Invisible Stars: Choral Works of Ireland & Scotland,"[""Desmond Earley"", ""Mark Waters"", ""The Choral Scholars of University College Dublin""]",2015,Classical,Calm,english,2.912281140072801
0KjHYBDIKaaSnY990oeJHZ,The Partisan,The Best Of Leonard Cohen,"[""Leonard Cohen""]",1987,Folk,Calm,english,3.425011860673903
05q7lfYerRkqqNDua3vJOL,The Passing of the Elves,The Lord of the Rings: The Fellowship of the Ring - the Complete Recordings,"[""Howard Shore""]",2001,Classical,Calm,english,2.9722287568465253
0dlAN15Cr7eIOqhqtFjfHV,The Passing of Théoden,The Lord of the Rings - The Return of the King - The Complete Recordings (Limited Edition),"[""Howard Shore""]",2003,Classical,Calm,english,2.736689869301748
1O2FOSTvb4PvpzjjwwRYX0,The Patchwork Man,Altered Carbon (Original Series Soundtrack) [Deluxe],"[""Jeff Russo""]",2018,Classical,Calm,english,2.2513290860760526
7dFbJywUJmuI4oEYhor1t1,The Petrified Florist (Alternate Version),Tools in the Dryer,"[""Lambchop""]",2001,Country,Calm,english,2.177109354698434
35J9934CXaq5tTiBIATIln,The Phantom Of The Opera (From The Phantom Of The Opera),Stage Heroes,"[""Colm Wilkinson""]",1989,Classical,Calm,english,2.9064492495590177
4IoYfOVQchNsfpiqkscEPU,"The Phantom of the Opera: The Music of the Night / The Phantom of the Opera / Think of Me, All I Ask of You",At the Opera,"[""Andrew Lloyd Webber"", ""Christian Sprenger"", ""Slokar Quartet""]",2005,Classical,Calm,english,1.0887686990174927
7bxUWCz5OIRdVA1busWS7S,The Philosopher - Chuck's Riff Tape - 1992,Individual Thought Patterns (Deluxe Version),"[""Death""]",2011,Rock,Calm,english,2.7895018307664725
4TI9vI0DrzSNhfDs1w9NhQ,The Piano Song,Songs About Leaving,"[""Carissa's Wierd""]",2010,Rock,Calm,english,2.673461012299741
6BK8BcFxMFr3JVUaAOZsYC,The Place Where Lost Things Go,Mary Poppins Returns (Original Motion Picture Soundtrack),"[""Emily Blunt""]",2018,Classical,Calm,english,2.8689831379327284
4jYUxNrtkpnTUFD9U8S8CU,"The Policy Merchant, The Silver Bay",Tears Of The Valedictorian,"[""Frog Eyes""]",2007,Rock,Calm,english,2.895551800315448
3ui9xc6tSZ75TAgOxIUBPS,The Prairie Song,Love Lies Bleeding,"[""Gene Loves Jezebel""]",2006,Rock,Calm,english,1.9341122991863653
1mo9SUq7undGUdkbkopQZR,The Premier At Last,Ham,"[""The Chap""]",2005,Electronic,Calm,english,1.843947316106452
6joGOu76hfLQreMbO1D8Dy,The Pretty Girl,Worried Noodles,"[""Casiotone For The Painfully Alone""]",2007,Folk,Calm,english,2.2975812809571847
1XyOp2NySUezomjRilMF7y,The Prison of Mirrors,Subliminal Genocide,"[""Xasthur""]",2006,Rock,Calm,english,4.687140043049476
0uV86vVGZmne3hrTYYPgO8,The Prisoner's Song,"The Roaring 20s Year-By-Year: 1920 to 1929, The Number One Hits of the Decade","[""Vernon Dalhart""]",2013,Jazz,Calm,english,2.240947857041637
128JP3JDOvUreHic2hFH6H,The Problem With Me,Always On,"[""Gameface""]",2000,Rock,Calm,english,3.011060249380972
4lGiu30TYGWXqn7BcLqTAj,The Process,From the Hip: 30th Anniversary Edition,"[""Section 25""]",2014,Electronic,Calm,english,2.423753553802501
3uLLR7dlni50LH4bmSA21T,The Proposal / The Night Was Alive,Titanic: The Musical (Original Broadway Cast Recording),"[""Maury Yeston"", ""Brian D'Arcy James"", ""Martin Moran"", ""Original Broadway Cast of Titanic: The Musical"", ""Kevin Stites""]",1980,Classical,Calm,english,2.577018561072469
1yXyJwW8spMqx0j3PvCC82,The Protector Of Rome,"More Music From The Motion Picture ""Gladiator""","[""Hans Zimmer"", ""Lisa Gerrard"", ""Gavin Greenaway"", ""The Lyndhurst Orchestra""]",2001,Classical,Calm,english,2.822186878647454
3Glf0o16Degik2iYavI9Y9,The Protest,You're Dead!,"[""Flying Lotus""]",2014,Electronic,Calm,english,2.914744004170742
5zDjQYRddYpP1YO2cVUAbO,The Protest,You're Dead!,"[""Flying Lotus""]",2014,Electronic,Calm,english,2.914871984276251
4HYRYewiGEHaHF9Pfl50PP,The Pure and the Damned,Good Time Original Motion Picture Soundtrack,"[""Oneohtrix Point Never"", ""Iggy Pop""]",2017,Electronic,Calm,english,1.8673777932954376
4x79863wyp2dhJOiZYKPZN,The Pure and the Damned,Good Time Original Motion Picture Soundtrack,"[""Oneohtrix Point Never"", ""Iggy Pop""]",2017,Electronic,Calm,english,1.845964452577317
7wAqt1ZqGRzY2CiVBpBAG8,The Races,Grid of Points,"[""Grouper""]",2018,Rock,Calm,english,2.605450619068986
6xnm2T11t4UQaF1YhbGIhD,The Rain,My One And Only Thrill,"[""Melody Gardot""]",2009,Jazz,Calm,english,2.5435444747300027
4k2CdsRopiwCKqO6rOSiVY,The Rainbow - 1997 Remaster,Spirit of Eden,"[""Talk Talk""]",1988,Pop,Calm,english,1.2104461896896357
6IATEuuMeh5SymNQucovVo,"The Rains Of Castomere - From The ""Game Of Thrones: Season 2"" Soundtrack",Game Of Thrones: Season 2 (Music From The HBO Series),"[""The National""]",2012,Rock,Calm,english,2.39259105997381
78dIdm0RHKBI7dVfbJgUFm,The Rape and Ruin of Angels (Hosannas in Extremis) [Orchestral],Midnight in the Labyrinth,"[""Cradle Of Filth""]",2012,Rock,Calm,english,2.6690239422104507
00HUg56xbUy6kGJ3A3nn8F,The Ravensong,Slough of Despond,"[""Talsur""]",2017,Rock,Calm,english,2.958160757836633
4R3Zfz7mQBUtPRCr8tmLaS,The Red Weed (Part 1),Jeff Wayne's Musical Version of The War of The Worlds,"[""Jeff Wayne"", ""Richard Burton""]",1978,Rock,Calm,english,4.168288364602383
3YfxqFDHrmfTpQEaae7HsK,The Relay,Upgrade & Afterlife,"[""Gastr Del Sol""]",1996,Rock,Calm,english,1.8955273640958925
0otKCsUFKodtFkrqbffNrf,The Revenant,Virgo Fool,"[""Hiss Golden Messenger""]",2018,Country,Calm,english,2.148211643404017
4gtiALOAwW3FInpMKu9B1t,The Right Moment,Slow Pop,"[""Gerry Rafferty""]",2019,Pop,Calm,english,2.360110825147674
0VBXRjQxWmMydzRvje42sH,The Rise and Fall of the Letter P,Damaged,"[""Lambchop""]",2006,Country,Calm,english,2.284023186568567
319eHAD89FUc78kOeMqKIh,The River Kings,Anywhere But Where I Am,"[""Foreign Fields""]",2012,Electronic,Calm,english,2.3389687656241933
4l311XeNMZmua5EYzIEbZR,The River Sumida,Heaven,"[""The Bilinda Butchers""]",2015,Pop,Calm,english,3.851923113292051
2WFlUh3vI3duc27xe7miox,"The Road Goes Ever On..., Pt. 2 / ""In Dreams"" (feat. Edward Ross)",The Lord of the Rings: The Fellowship of the Ring - the Complete Recordings,"[""Howard Shore"", ""Edward Ross""]",2001,Classical,Calm,english,2.568903987952093
3vA1AS2PWl4RePRCiR36lb,The Road Home,"Requiem - Howells & Pizzetti: Requiems / Whitacre, Grantham, Paulus & Gilkyson","[""Stephen Paulus"", ""Conspirare"", ""Craig Hella Johnson""]",2006,Classical,Calm,english,2.849508530592197
0hZFgyPHv00zdylgYiOwAw,The Road Not Taken - Randall Thompson,Frostiana,"[""Randall Thompson"", ""Exultate""]",2004,Classical,Calm,english,2.728035214019905
0k6UqR2BtFk188PxvK27Na,The Road To Sovereignty,Times of Grace,"[""Neurosis""]",1999,Rock,Calm,english,1.8852345367324364
2vYYtyUHDnnb6HJ4xgY1ZT,"The Room, Tarzana",Freddie and the Trojan Horse,"[""The Radio Dept.""]",2008,Pop,Calm,english,1.808214618416214
5G2CknrNnhpsLdU3ldxXvQ,The Rosary,Greatest Gospel Songs,"[""Perry Como""]",2000,Pop,Calm,english,2.7575687464423155
1Asz0xznBL1uDU2eMZP2wR,The Rose,Winter Songs,"[""Ola Gjeilo"", ""The Choir of Royal Holloway"", ""12 Ensemble""]",2017,Classical,Calm,english,1.9977886065889736
2GG0vWVwxi4Mde39PfvvX8,The Rose,Circle Of Life,"[""Amanda McBroom"", ""The King's Singers""]",1996,Classical,Calm,english,2.9384735180484323
2RqJzFn1FUXwDtUr4Afr3v,The Rose Of Tralee,Shadow Of Time,"[""Nightnoise""]",1993,Folk,Calm,english,2.394812896978413
1wtZArm6jIKoWYKtrytAkV,"The Rose, ARV_10",My Music - My World - The Very Best Of,"[""Andr\u00e9 Rieu""]",2019,Classical,Calm,english,2.851008001980968
0bDf27cK0wd8LNeQSNQcJJ,The Ruby of the Sea Is the Best Lay Ever,Wonderful Little Seed of Joy and Chaos,"[""Autumn Orange"", ""Ginny Di""]",2019,Electronic,Calm,english,2.3391860032162977
7oyC72nTmbuF2Y0Jenzf54,The Rules,Kiss Yr Frenemies,"[""illuminati hotties""]",2018,Rock,Calm,english,2.032034728710799
3Ig7ScAjg8mI88oLANaima,The Sacred Veil: I. The Veil Opens,The Sacred Veil,"[""Eric Whitacre"", ""Los Angeles Master Chorale"", ""Jeffrey Zeigler"", ""Lisa Edwards""]",2020,Classical,Calm,english,2.3210557929020097
66dHEOpjkHgfmCzWgQcgMa,The Sacred Veil: II. In a Dark and Distant Year,The Sacred Veil,"[""Eric Whitacre"", ""Los Angeles Master Chorale"", ""Jeffrey Zeigler"", ""Lisa Edwards""]",2020,Classical,Calm,english,2.9040869043406925
1f8DcYtAWSelN3M4DBKz1T,The Sacred Veil: IX. One Last Breath,The Sacred Veil,"[""Eric Whitacre"", ""Los Angeles Master Chorale"", ""Jeffrey Zeigler"", ""Lisa Edwards""]",2020,Classical,Calm,english,2.5905478955359875
0HOTfxsVhhrIYO3t5XWthb,The Sacred Veil: VIII. Delicious Times,The Sacred Veil,"[""Eric Whitacre"", ""Los Angeles Master Chorale"", ""Jeffrey Zeigler"", ""Lisa Edwards""]",2020,Classical,Calm,english,1.683919128493191
2PGlxhlbpPKNSPW2uL2zfC,The Sacred Veil: X. Dear Friends,The Sacred Veil,"[""Eric Whitacre"", ""Los Angeles Master Chorale"", ""Jeffrey Zeigler"", ""Lisa Edwards""]",2020,Classical,Calm,english,2.717268625720779
2yUiKKUMmcmU0zZKL2eSf2,"The Sacred Veil: XI. You Rise, I Fall",The Sacred Veil,"[""Eric Whitacre"", ""Los Angeles Master Chorale"", ""Jeffrey Zeigler"", ""Lisa Edwards""]",2020,Classical,Calm,english,1.810584817139757
5z89FzQzTQOwSJFlMp6UFd,"The Sacrifice of Faramir (feat. Billy Boyd Performing ""The Edge of Night"")",The Lord of the Rings - The Return of the King - The Complete Recordings (Limited Edition),"[""Howard Shore"", ""Billy Boyd""]",2003,Classical,Calm,english,2.388980359491629
36eWQbpK6wmDVsJo1xq6wa,"The Sage - Live at Newcastle City Hall, 26.3.71; 2016 Remaster",Pictures At An Exhibition (Live; Deluxe),"[""Emerson, Lake & Palmer""]",1971,Rock,Calm,english,2.536799061091668
2xsVsCHNVahdOzwN3wYIdS,The Salley Gardens,The Best of Andreas Scholl,"[""Traditional"", ""Andreas Scholl"", ""Stacey Shames"", ""Orpheus Chamber Orchestra""]",2006,Classical,Calm,english,2.65441641735711
6GEXcb0buqeKWnsdsUYQ4A,The Sea And The Rhythm,The Sea & the Rhythm,"[""Iron & Wine""]",2003,Folk,Calm,english,1.6706523835228593
3aihWQ8yGNc9ljRf5Xi0bz,The Sea and the Rhythm,The Sea & the Rhythm,"[""Iron & Wine""]",2003,Folk,Calm,english,1.6677278264987216
0NPfWFqBcSTWFYSY1ioZ4u,The Sea of Tranquility,The Sea of Tranquility,"[""The Music Tapes Present: Songs of the Orbiting Human Circus"", ""The Music Tapes"", ""Julian Koster""]",2019,Folk,Calm,english,2.488885306604665
0ayD5Yg85maNZMjwsiAC9D,The Seal Lullaby,Eventide,"[""Eric Whitacre"", ""VOCES8"", ""Lavinia Meijer""]",2013,Classical,Calm,english,2.051338779121897
0m9KDwvRAATUYwHs4fD8ol,The Seal Lullaby,Eventide,"[""Eric Whitacre"", ""VOCES8"", ""Lavinia Meijer""]",2014,Classical,Calm,english,2.051338779121897
1ZqzUiCQICQmjtpbFZYwnt,Whitacre: The Seal Lullaby,Light & Gold,"[""Eric Whitacre"", ""Eric Whitacre Singers""]",2010,Classical,Calm,english,2.6516274097052954
3Xm4enovwvUiowFQ2nQKce,The Seal of Seasons #2 - Live in London 1969,A Whole Zinc of Finches,"[""T. Rex""]",2010,Rock,Calm,english,5.108722428782919
1xo7NQ9JNTtG62L2jhRkfg,The Season Is Ours,Flying Saucer Attack,"[""Flying Saucer Attack""]",1994,Rock,Calm,english,1.5392935701305048
66gebNLmxhqrlpecGVeant,"The Seasons, Hob.XXI 3 Spring: No. 2, Come, Gentle Spring! (Chorus)","Haydn: The Seasons, 1801","[""Joseph Haydn"", ""Gabrieli"", ""Paul McCreesh"", ""Ben Palmer"", ""Wroclaw Baroque Orchestra""]",2017,Classical,Calm,english,3.563118712012733
3aVkPdCHqik9bj3qOnbops,The Secret Marriage,...Nothing Like The Sun,"[""Sting""]",1987,Rock,Calm,english,2.618297401815078
3DhuvZ4jsW36pjKZHzUl5w,The Secret of Christmas,Winter Morning,"[""Sissel"", ""The Tabernacle Choir at Temple Sqare""]",2022,Pop,Calm,english,2.598908166319533
3fgJBwB8ZfM2izYTBBkFsv,The Secret of Christmas,Christmas With Julie Andrews,"[""Julie Andrews""]",1982,Classical,Calm,english,2.8868945226821414
6qA5mcvsFhtYPnfoxsv5dR,The Selkie,The Twilight Realm,"[""Aine Minogue""]",2004,Folk,Calm,english,1.996817917899448
1cYvrhqm5lxTcnJvQ1tK1V,The Seventh Sojourn,Sorceress,"[""Opeth""]",2016,Rock,Calm,english,2.5678286292321006
3UqgvH7uxhtfa4hFI3acCe,The Shadow of Your Smile,Steppin',"[""Christy Baron""]",2000,Jazz,Calm,english,2.427889236751282
2KmdYjitns9SJJpQmnRGfR,The Shepherd's Song,Peacetime,"[""Eddi Reader""]",2007,Folk,Calm,english,1.8334082874979447
2JNJ1wykLalfbn7d0FgJEm,The Shores Of The Swilly,Celtic Circle,"[""Phil Coulter""]",2003,Folk,Calm,english,1.982001653512112
2Z8awysSLM16zFp9V6it3I,The Signs In The Stars,Soft Black Stars,"[""Current 93""]",2005,Rock,Calm,english,1.6126434460453114
2asGEwT7BIqi9Y2u8MubJw,The Singing Cloud,Point of Faith,"[""Aeone""]",2002,Electronic,Calm,english,2.35809407444384
3YkliQrcui7GHA8D4pToEI,The Sinking Belle (Blue Sheep),Altar,"[""Boris"", ""sunn O)))""]",2006,Rock,Calm,english,1.623044999564745
4ChDaN93z3VB6wlgQCqFzh,The Sisters,Novella,"[""Renaissance""]",1977,Rock,Calm,english,1.6013070230014783
6uQH8jInnjyu8mxlrGYbN0,The Sky Is Grey,You Make Me Feel,"[""Milosh""]",2004,Electronic,Calm,english,2.492991405054443
2vAuGEZPViWD25tobIx8wz,The Sky Moves Sideways (Phase One),Stars Die (Remaster),"[""Porcupine Tree""]",1992,Rock,Calm,english,2.55843183733118
31wlomKcHU2rRCNvuQC1NU,The Sleigh in the Moon,Silver & Gold,"[""Sufjan Stevens""]",2012,Classical,Calm,english,2.118423506354122
3V4rZhVqZ4EcaagkxUaqn0,The Slide Song,Pure Phase,"[""Spiritualized""]",1995,Rock,Calm,english,3.1417219933399907
02GCSZWHKNQ82cIjkPkjfE,The Softest Hard,The Softest Hard,"[""Easter""]",2012,Electronic,Calm,english,3.195601485329258
7GtpZ01gEJDxrXfH2ayvuc,"The Song From ""Moulin Rouge""",The Essential Percy Faith - The Instrumental Recordings,"[""Percy Faith""]",2018,Pop,Calm,english,2.500696332929591
2Iv16xrJa7q4EHdpH0NF5X,The Song Is Ended,Sita Sings the Blues Soundtrack,"[""Annette Hanshaw""]",2010,Jazz,Calm,english,2.089856774431916
440TO1pLGTf1Vg79cG4YT1,The Song Is You,Peace - Enja 24bit Master Edition,"[""Chet Baker""]",1982,Jazz,Calm,english,1.3064248808780616
7qrLnI7oetJTOsQTLuMEiC,The Song Is You,One Music,"[""Bob Mintzer""]",1992,Jazz,Calm,english,1.507443750907618
4gDXQRXbsbozHbooZL2AGn,The Song Will Eat Itself,Now You Are One of Us,"[""The Paper Chase""]",2006,Rock,Calm,english,2.7063303670930288
4SyiTPfEwI5QegDwUULU6Q,The Sound of Music : Edelweiss,Richard Rodgers - Songbook,"[""Julie Andrews""]",2015,Classical,Calm,english,2.319615720186225
5wLzubqqJw12veXZUMZFFb,The Sound of War,Music for People in Trouble,"[""Susanne Sundf\u00f8r""]",2017,Pop,Calm,english,2.9571308707831783
4blQWSoji0GzF9VRsANWNc,The Space for Love,The Voice Of Love,"[""Julee Cruise""]",1993,Pop,Calm,english,1.4664456230570837
5Bw85L1t4Uumtu9V8dZirU,The Spoils of Annwn,Emprise to Avalon,"[""SuidAkrA""]",2002,Rock,Calm,english,2.6282254759484847
0WXnzP8JASpsa2H9VKCyAt,The Sprig of Thyme: No. 1. The bold grenadier,Rutter: A Double Celebration,"[""John Rutter"", ""The Cambridge Singers"", ""David Rix"", ""Christopher Hooker"", ""Rachel Masters"", ""City of London Sinfonia""]",2014,Classical,Calm,english,2.7740405887985053
4DBXRR7YYe0OI7qrqa6Q41,The Star-Spangled Banner,A Splash of Pops,"[""John Stafford Smith"", ""Keith Lockhart""]",1999,Pop,Calm,english,2.796569757369263
65TtH5mvN9RSVPbrN2SDGu,The Star-Spangled Banner,American Anthem,"[""John Stafford Smith"", ""Keith Lockhart""]",2001,Pop,Calm,english,2.7806281246586955
2Vo5RPIASG51KQEWOltNPM,The Stars,The Golden Age,"[""American Music Club""]",2008,Rock,Calm,english,1.8845117256948496
227hmntzKpN4CsYt3RVKcC,The Steward of Gondor (feat. Billy Boyd),The Lord of the Rings: The Return of the King (Original Motion Picture Soundtrack),"[""Howard Shore"", ""Billy Boyd""]",2003,Classical,Calm,english,2.3292482452686785
3eAYsjp3ZjSahMFcNgy6Jt,Whitacre: The Stolen Child,Light & Gold,"[""Eric Whitacre"", ""Eric Whitacre Singers""]",2010,Classical,Calm,english,2.9355969713389234
7F6t0XCVNa2sRdeigu7iau,The Story's Often Told,Stories Often Told,"[""The Sadies""]",2002,Country,Calm,english,2.250908594211341
72eFfGdA7WHCHUU7v3bonq,The Strangest Things,Ghost,"[""Radical Face""]",2007,Folk,Calm,english,1.666430807135479
0vNY5T9ovcOxqA8B6QOATk,The Streak,Moneyball (Original Motion Picture Soundtrack),"[""Mychael Danna""]",2011,Classical,Calm,english,0.9075364284739128
1vn0lNByfu02t5fj3vpOnr,The Suburbs (continued),The Suburbs (Deluxe),"[""Arcade Fire""]",2010,Rock,Calm,english,1.8008049602422551
3twmBbZV0Oss0cjZoHsZa1,The Suburbs (continued),The Suburbs,"[""Arcade Fire""]",2010,Rock,Calm,english,1.5814161026598217
47M7p4dKargxTcRSjvE9Qv,The Summer Isles (Sunrise),The Summer Isles (Sunrise),"[""Roo Panes""]",2022,Folk,Calm,english,2.179340262755261
123vfHYs8FfNC4M0c8Cd2X,The Summer Knows [Summer of 42],Michel Legrand by Michel Legrand,"[""Michel Legrand""]",2001,Jazz,Calm,english,1.3853991846835965
6TeuBqMrYt0KZ7gp1rCiD8,The Sun Refused to Shine,Lady's Bridge,"[""Richard Hawley""]",2007,Folk,Calm,english,2.828737602250029
3M96J9yIodIcESDnej60UU,The Sun's Coming Up And My Plane's Going Down,Swing Your Heartache,"[""Young Galaxy""]",2006,Pop,Calm,english,2.717392252142418
2wA8cQwmSw0eVVhOfNRDuZ,The Sun's Gone Dim and the Sky's Turned Black,The Sun's Gone Dim and the Sky's Turned Black,"[""J\u00f3hann J\u00f3hannsson""]",2006,Classical,Calm,english,2.51173841703896
4r9AjqO9djmT6kVLLi65h8,The Sunsets Can Be Beautiful (Even In Chicago),Debridement,"[""Rivulets""]",2003,Rock,Calm,english,2.4857024453261767
2gwWX5xo7izyu63ILcTXs9,The Sun's Gone Dim And The Sky's Turned Black,The Sun's Gone Dim And The Sky's Turned Black,"[""J\u00f3hann J\u00f3hannsson""]",2006,Classical,Calm,english,2.5181623391044363
4K1pKQ3nsZqekbMdnklgmT,The Swan,Floating Into The Night,"[""Julee Cruise""]",1989,Pop,Calm,english,3.138766077088498
7t1nFRKKjMpklkEi32niw0,The Sweep,Vertikal I & II,"[""Cult Of Luna""]",2023,Rock,Calm,english,1.958913601934924
14Xgo023RjBfeLrlHkvsW4,The Sweet By and By,That Eternal Day,"[""Cantus""]",2010,Classical,Calm,english,3.644229890630138
1Yrk6koSEVxSw4XwmfXomC,The Sweetest Sounds,It's Impossible,"[""Perry Como""]",1987,Pop,Calm,english,2.5127978959227506
6h4slnektNb47p2Z8itqVr,The Sword and the Crown: And she will sing the song That pleaseth you,Cincinnati Wind Symphony: Paradigm,"[""Edward Gregson"", ""Cincinnati Wind Symphony"", ""Eugene Migliaro Corporon""]",1994,Classical,Calm,english,2.5813838340890376
6Zf0KlRSo3FTKNPQYHztKh,The Thief of Baghdad Suite: III. The Love of the Princess. Andante semplice,The Film Music of Miklós Rózsa,"[""Mikl\u00f3s R\u00f3zsa"", ""BBC Philharmonic"", ""Rumon Gamba""]",2014,Classical,Calm,english,2.8703446432553013
7r21nAYQPuFAbB9MdB9VKa,The Threnody (Aphonic Threnody),Death Requiem,"[""Frowning""]",2020,Rock,Calm,english,3.373478883932451
16yMXSfQ2vTudBl6Aqw1WC,The Times Tower Belongs To The Dead,Belongs To The Dead,"[""Tigers Jaw""]",2006,Rock,Calm,english,1.1952416163122896
7t8ZKAiXktfQhoiIObjKE1,The Touch Of Your Lips,Nana Mouskouri In New York - The Girl From Greece Sings,"[""Nana Mouskouri""]",2000,Pop,Calm,english,1.9715103902586155
72uOipxJIfiIwqmO3H2W9k,The Tourist,Strung Out On OK Computer: VSQ Performs Radiohead,"[""Vitamin String Quartet""]",2001,Classical,Calm,english,2.3591980058635045
6JhtXGepLpGAbZJcgDcim6,The Traveller,Jade Warrior,"[""Jade Warrior""]",1971,Rock,Calm,english,1.3278530307615208
1A8orbox89wzE7qADACpeL,The Trees They Do Grow High,"Joan Baez, Vol. 2","[""Joan Baez""]",2006,Folk,Calm,english,2.3584249214702915
01vIa5YwEeexYeRQPjxcLA,The Turbulence And The Torment,This Lush Garden Within (Deluxe Edition),"[""Black Tape For A Blue Girl""]",1993,Electronic,Calm,english,1.860238617373909
3gVBpeWL4ly4AWlAzuB85x,The Twisted Nails of Faith (Orchestral),Midnight in the Labyrinth,"[""Cradle Of Filth""]",2012,Rock,Calm,english,2.9957706522876792
40JDdCNEz0lVgiWrwd5yAG,"The Táin Live Extended Sequence (My Father's Place, New York, 1974) - Live",The Táin (Bonus Tracks Version),"[""Horslips""]",2009,Folk,Calm,english,2.591019573434884
0Ow898FmOWekvGa3ZYZTvK,The Unbodied Air,Stygian Bough Volume I,"[""Bell Witch"", ""Aerial Ruin""]",2020,Rock,Calm,english,2.869721707935651
5C4Vv6qHtiiU5z0dwj0dyc,The Valley,May Our Chambers Be Full,"[""Emma Ruth Rundle"", ""Thou""]",2020,Rock,Calm,english,2.4565223163347643
0Etoy1t0f15WPs6oXaT5t2,The Valley Of Strathmore,The Best Of Silly Wizard,"[""Silly Wizard""]",2006,Folk,Calm,english,2.432605290928472
0QvMc0pOP1XRqDnxxaWSSh,The Valley Of Strathmore,So Many Partings,"[""Silly Wizard""]",2006,Folk,Calm,english,2.362877382977204
1k2TdVjcK9YdGVs0eCvzBA,The Veiled Garden,III,"[""Spectral Lore""]",2014,Rock,Calm,english,2.8012579333595395
4BvrypEM0AIynzSNiYYAYq,The Very Old Man,You'd Prefer An Astronaut,"[""Hum""]",1995,Rock,Calm,english,2.290976492839804
4MxcGsuS5BNKlzvCUSnkyV,The Very Thought Of You,The Hits Of The 30's & 40's,"[""Ray Noble & His Orchestra""]",2005,Jazz,Calm,english,1.1144150245195186
0CoA9NCOx4iscb9l9PgKQu,The Very Thought of You (feat. Paula Cole),Italia,"[""Chris Botti"", ""Paula Cole""]",2007,Jazz,Calm,english,2.563475181598465
5nxWiYFaQiICv07s5jOWLP,The Very Thought of You (with the Ray Noble Orchestra),The Very Thought Of You,"[""Al Bowlly"", ""Ray Noble & His Orchestra""]",1990,Jazz,Calm,english,1.1077376918391748
13pedz7m6ciN1buasUIZEn,The Visitors,XV : the Devil,"[""Order Of The Ebon Hand""]",2005,Rock,Calm,english,3.500720877023726
7dbDf1c8CPG61elIUtm4Uf,The Voice & The Snake,MCMXC a.D.,"[""Enigma""]",1990,Classical,Calm,english,1.6441725546773758
4gPuYeIEZRutUTkLCpOrdP,The Voice Of Enigma,MCMXC a.D.,"[""Enigma""]",1990,Classical,Calm,english,3.287672425749588
3Awsg57wME83GNxrJ3iuW6,The Voice of Love,The Voice Of Love,"[""Julee Cruise""]",1993,Pop,Calm,english,2.923353152680261
70LwWHWIiy6uD9K1mexB2N,The Void,You Can Have What You Want,"[""Papercuts""]",2009,Rock,Calm,english,2.1474206007382066
7rUJT1FUmqva6fAZeSsy3i,The Void,Local Valley,"[""Jos\u00e9 Gonz\u00e1lez""]",2021,Folk,Calm,english,2.703280843789136
55hE7nTqSDHsTyjcg8w872,The Waiter,1,"[""The Black Heart Procession""]",1998,Rock,Calm,english,2.1099637256903043
7khOjKAcXuuFP3GFCcW9uK,The Waiting,Saints and Sinners,"[""Matt Maher""]",2015,Pop,Calm,english,1.7586915998478458
1LKINMTUrB1iQPmf8QGctA,The Walrus Hunt,Eskimo: pREServed Edition,"[""The Residents""]",2019,Rock,Calm,english,2.0429170566199897
4163s5AIcfezLq6kpncyvB,The Wanderer,Zooropa,"[""U2"", ""The Edge"", ""Johnny Cash""]",1993,Country,Calm,english,1.8764500760073752
3HM7dBC25la1W1jPLaa7Ri,The Wasteland,Apokalypsis,"[""Chelsea Wolfe""]",2011,Rock,Calm,english,3.185921333654099
3wjdRYTHsjKbjJPnhtnYJk,The Watch,Matthews Southern Comfort,"[""Matthews' Southern Comfort""]",2016,Folk,Calm,english,2.61426099257666
1NJbziy5EosCzeAngnEgNg,The Water Is Wide,Home On The Range,"[""The University Of Utah Singers""]",2005,Classical,Calm,english,2.284640501083393
3JDHuDoHP7IIJ2nkmZFcEO,The Water Is Wide,Fiona Ritchie Presents the Best of Thistle & Shamrock Volume 1,"[""Maura O'Connell""]",1999,Folk,Calm,english,2.3495417654343767
6X128PGN8ZbVubV3nxqhnv,The Way We Were,A Capella III,"[""The Singers Unlimited""]",2014,Jazz,Calm,english,2.524794944076872
0Uhb7AFgq8ydDInthPXROg,The Way You Look Tonight,Top Hat: Hits From Hollywood,"[""Fred Astaire""]",1994,Jazz,Calm,english,1.9558241858687035
4pZX93GXRBY9uGIZ12jIWT,The Way You Look Tonight,The Complete Recordings 1941-1947,"[""Peggy Lee""]",1999,Jazz,Calm,english,2.353415918951751
7yED4n2U8RR5LKZVmisiev,The Way You Look Tonight,"Rarities, Outtakes & Other Delights, Vol. 2","[""Tony Bennett""]",2012,Jazz,Calm,english,2.21646894257163
5s2MXJez7nCvO9avfgAVip,The Ways of Yore,The Ways of Yore,"[""Burzum""]",2014,Rock,Calm,english,2.637725964113533
04ln2HZ6yOODo1y6chHwU1,The Wedding Ceremony - Live,Miss Saigon: The Definitive Live Recording (Original Cast Recording / Deluxe),"[""Miss Saigon Original Cast"", ""Rachelle Ann Go"", ""Eva Noblezada"", ""Alistair Brammer""]",2014,Classical,Calm,english,2.8609692452916966
31uRwogp0n39NlLFdWrMqx,The Whispering,Invicta,"[""Enid""]",2012,Rock,Calm,english,3.0501149411394324
5a9BAmRawclu4CNA3YF0BH,The Whole of the Law,Painful,"[""Yo La Tengo""]",1993,Pop,Calm,english,2.419005794995955
4W3LpDT8Z1DrlzOrLUkoo4,The Wild,Delta,"[""Mumford & Sons""]",2018,Folk,Calm,english,1.6222561530123387
70IpgrWSPBWRhfWzq5FdKE,The Wind,Emotions,"[""Mariah Carey""]",1991,Pop,Calm,english,2.6401518468859355
49W6HIEIbWQy9hwQP9yglc,The Wind Beneath My Wings,The Essential James Galway,"[""Larry Henley"", ""Jeffrey Silbar"", ""James Galway"", ""Vincent Fanuele""]",2006,R&B,Calm,english,1.557821081399631
4zPzN89KaxqbQESmegrycx,The Wind Beneath My Wings,"Greatest Hits, Volume 3","[""James Galway"", ""Vincent Fanuele""]",1998,Folk,Calm,english,1.7182319056543485
46OaA9tO4GfjSbVMTOKk5N,The Wind Of Change,Aart,"[""Acoustic Alchemy""]",2001,Jazz,Calm,english,1.8194789071434976
4jwZ5SNrQaPiKHWEWROqro,The Wisdom of the Flesh,Holy Fire,"[""Backworld""]",2010,Classical,Calm,english,2.939090753804569
5xEjp2lFFYj8Xk9F4Iqxto,The Woman of Balnain (feat. Gillebride MacMillan),"Outlander: Season 1, Vol. 1 (Original Television Soundtrack)","[""Bear McCreary"", ""Gillebr\u00ecde Macmillan""]",2015,Folk,Calm,english,2.0632236438058795
1O6K0dOuS2MUP4sJxwDHtf,The Wooden Cross,Gone To Earth (Remastered 2003),"[""David Sylvian""]",1986,Pop,Calm,english,3.2302648427825487
6Jlkb1Wh08RYHstWScsTvg,The World Above,The Little Mermaid: Original Broadway Cast Recording,"[""Sierra Boggess as Ariel""]",2008,Classical,Calm,english,2.664112821005531
1sINpP04lqSTqCsE38P1T4,The World Goes 'Round (Reprise) / My Coloring Book,And the World Goes 'Round (Original Off-Broadway Cast Recording),"[""Brenda Pressley"", ""Karen Mason""]",1991,Classical,Calm,english,2.627023190807644
48igl6JuSyGhcMQTOzDruX,The World Is Waiting For The Sunrise,"My Secret Heart: Songs of the Parlour, Stage and Silver Screen","[""Ernest Seitz"", ""Ben Heppner"", ""Jonathan Tunick"", ""Duncan Riddell""]",1999,Classical,Calm,english,3.238172650883657
4UTcVahmFMlHk4hkZrI47v,The World Spins,Floating Into The Night,"[""Julee Cruise""]",1989,Pop,Calm,english,2.138394964892941
57Lv2BRucO0APFbsoOf2nR,The Wrong Coat For You Mt. Heart Attack,Drum's Not Dead,"[""Liars""]",2006,Rock,Calm,english,1.483790387484118
63x60gdgkmqjDOal8NUTyR,The Wrong Thing,Girl with Basket of Fruit,"[""Xiu Xiu""]",2019,Pop,Calm,english,2.34182675753385
43zoEtkCMfbhZIHLFMtvot,The Zombie,Gon' Boogaloo,"[""C.W. Stoneking""]",2014,Blues,Calm,english,3.440751323124456
6zCCZe8NIppdqZVMTYTy0M,The Zombie,Gon' Boogaloo,"[""C.W. Stoneking""]",2016,Blues,Calm,english,3.9183735359829663
57lKCJHxa9IKtlzsaEFKVQ,The Holly & the Ivy (Arr. H. Walford Davies),Cambridge Singers Christmas Album,"[""Traditional"", ""The Cambridge Singers"", ""John Rutter""]",2003,Pop,Calm,english,2.628791838398988
1nqXIUKADOOu1k4beurutc,The shadow of your smile,The Shadow Of Your Smile,"[""Dexter Gordon""]",1992,Jazz,Calm,english,2.264380219749412
3gqzPsXluloLDpaKt7CWmN,The sleep of reason produces monsters,An omen EP_,"[""How To Destroy Angels""]",2012,Rock,Calm,english,2.240341998906144
4QwzVlAJSkcLeCNQ6Ug30P,The touch of your lips,The Touch Of Your Lips,"[""Chet Baker""]",1986,Jazz,Calm,english,1.088669954167019
0uwDgbSX1wIBVMSv4yHUKN,The way her hair falls,Shade,"[""Grouper""]",2021,Rock,Calm,english,1.4354738939439555
0mkZXvSwObgco2jqr4VoY1,Thee End,Behold the Abyss,"[""Those Poor Bastards""]",2012,Rock,Calm,english,2.040801439480889
35oIrf9IwbPijyFVoMuMkL,Thee Hounds of Foggy Notion,Thee Hounds of Foggy Notion,"[""Thee Oh Sees""]",2008,Rock,Calm,english,0.8900588377320062
4ErfUxgyzs1zdUDoV3Pt1P,Their Lips Sink Ships,A Shipwreck In The Sand (Bonus Track Version),"[""Silverstein""]",2009,Rock,Calm,english,1.941431652712352
1GgcnKOCGxusSimXFOPFbM,Their name sticks out,The Pain of Two Legs,"[""Micah Preite""]",2022,Rock,Calm,english,2.675583888045252
4xOA16KicwjRnlLjmNCYGk,Theme from Harry's Game,Magical Ring,"[""Clannad""]",1983,Folk,Calm,french,2.76162836962045
5CKg854mGSyPKlbIy3Qlk2,"Theme From ""Hatari!""",Best Of,"[""Henry Mancini""]",1988,Pop,Calm,english,2.225791319181776
3ScKNGzPshEhnIBqjdc5zp,"Theme From ""Hatari""",Greatest Hits - The Best of Henry Mancini,"[""Henry Mancini""]",2000,Pop,Calm,english,1.8929137881843336
3mMQIxxmzAf40vkXVeFRpO,"Theme From ""Hatari""",The Days Of Wine And Roses,"[""Henry Mancini""]",1995,Pop,Calm,english,2.090407481105438
0jrbMZvOAjsPaGr2xO8T6V,Theme from Mash,Digital Works,"[""Ahmad Jamal""]",1985,Jazz,Calm,english,2.857534083027897
5iz29ibPm87Mw60l0Z51GJ,Theme From Trouble Man,Trouble Man,"[""Marvin Gaye""]",1972,R&B,Calm,english,2.164608661312656
10MWgP1yw3na2gra4dljhk,Theme from Avatar the Last Airbender,"Anime Stars, Volume 3","[""Anime Kei""]",2012,Pop,Calm,english,3.3099731792462594
0Q8ZPRA1M1IIq2AbPseCkM,Theme from Harry's Game,Celtic Circle,"[""Clannad""]",2003,Folk,Calm,french,2.773256143847194
1voOn3ywPiGmd3wlHVT1sw,Theme from Harry's Game,Greatest Hits,"[""Clannad""]",2000,Folk,Calm,french,2.4726538083745773
4vqTYmMatrWnhqzzUydjS3,Theme from a Summer Place,What a Wonderful World,"[""Dan Gibson's Solitudes""]",2013,Classical,Calm,english,2.5883245252077423
2Scm5YrLIoG2qpSeQq1546,Then I'll Be Tired of You,This One's for Tedi,"[""Johnny Hartman""]",1989,Jazz,Calm,english,2.3106182071313546
2EVX7UrB8WfTf4szVCKERF,There Are Ghosts,Hospital Music For The Aesthetics Of Language,"[""Trophy Scars""]",2007,Rock,Calm,english,1.4566847183063265
2hgmZiJQLjpzkkD93Nne8d,"There Are Worse Games To Play/Deep In The Meadow/The Hunger Games Suite - From ""The Hunger Games: Mockingjay, Part 2"" Soundtrack","The Hunger Games: Mockingjay, Part 2 (Original Motion Picture Soundtrack)","[""James Newton Howard"", ""Jennifer Lawrence""]",2015,Classical,Calm,english,2.999531121650451
4nkbP49tzkyknsK7G710Xc,There Is A Fountain,Southern Gospel Treasury Series,"[""The Cathedrals""]",2000,Country,Calm,english,3.0193063956521384
4b7eYY36PfPVGhCf7xfzWL,There Is A Green Hill Far Away,A Hymn Revival,"[""The Lower Lights""]",2010,Folk,Calm,english,3.895051012387294
0dTr5N5sRX2YKuP9HU9cWa,There Is No Greater Love - Remastered 2001,The Capitol Vaults Jazz Series,"[""Joe Pass"", ""Malcolm Addey""]",2013,Jazz,Calm,english,3.6481855725497394
0ZBWs5DC1YLsS9Er4L8tSw,There Is a Balm in Gilead,"Beautiful River: Songs of Refuge, Love & Devotion","[""Traditional"", ""BYU Concert Choir"", ""Rosalind Hall""]",2015,Classical,Calm,english,2.8765636435006883
3VXDol4LEFkkj2CT8PLf4k,There There,VSQ Performs Radiohead: Enigmatic,"[""Vitamin String Quartet""]",2003,Classical,Calm,english,2.3030288079036545
16e88gyG4rLhaAAYqRPujQ,There Were Bells,FOREVERANDEVERNOMORE,"[""Brian Eno""]",2022,Electronic,Calm,english,2.2090829845772
2mjA96rpLl5WRnNTRdAk6I,There Will Be Rest,Frank Ticheli: The Shore and Other Choral,"[""Pacific Chorale"", ""John Alexander""]",2013,Classical,Calm,english,2.5442108247469486
7ucXeNQNRf6dLE6xnmUnUf,There Will Be Spring,Wolfroy Goes To Town,"[""Bonnie Prince Billy""]",2011,Country,Calm,english,2.3005639276898906
3h9ltdqMEiGb1aHEiVPTxe,There is a Fountain,World's Most Beloved Hymns - Vol 1,"[""Henry Slaughter""]",2009,Country,Calm,english,2.5426496509718115
2YNKPqfJ7Cc9UmKAoRBZrE,There's No Invincible Disguise That Lasts All Day,Song Islands,"[""The Microphones""]",2002,Folk,Calm,english,1.3547806448720876
24fZt5f2N4jabwfcMkHsYe,There's Only So Much Light,"Feathersongs for Factory Girls, Part One - EP","[""Stripmall Architecture""]",2010,Pop,Calm,english,1.7986638437976006
2Hd8sGoBUCh8JVG3bohV4M,There's a Small Hotel,Duo en noir,"[""Enrico Rava"", ""Ran Blake""]",2009,Jazz,Calm,english,5.705135699748046
06rwX9lOhiXCBi3aFUfaZ4,There´s Something About You,Slow Days,"[""The Year Of""]",2006,Rock,Calm,english,1.8251696160199915
6TBhhfAAIwz5IoP4dDRThn,These Are the Sounds of Passion,What Really Happened at Lover's Lane,"[""Dead And Divine""]",2005,Rock,Calm,,3.7360761916470913
2TTzNqU5HxalDz2eVxkz0c,These Foolish Things,Red Alone,"[""Red Garland""]",2004,Jazz,Calm,english,1.263409613660239
3CkagCNgPbWDLmpakhdmcG,These Foolish Things,Jazz 'Round Midnight,"[""Chet Baker""]",1990,Jazz,Calm,english,2.296986473071573
3NLuSYCMD2RTqgnZCwsjfn,These Foolish Things,Imagination,"[""Dick Haymes""]",1982,Jazz,Calm,english,1.2969279368120998
3PrwCTV9qsmF4gshyIXXAX,These Foolish Things,Let There Be Love,"[""John Pizzarelli""]",2000,Jazz,Calm,english,2.880991944993523
3mwIUibaffnVY5C16uRwRq,These Foolish Things,Cigar Club Favorites: Big Band and Jazz,"[""Stan Getz""]",2012,Jazz,Calm,english,1.8186183020731568
3zp4IJHgH511UfUGCoLbPt,These Foolish Things,Too Marvellous for Words (1936-1937),"[""Carroll Gibbons"", ""The Savoy Hotel Orpheans""]",2011,Jazz,Calm,english,2.207242845153959
4rUScK6MRzBuez9MJltkZ3,These Foolish Things,Controlled Nochalance Vol. 2,"[""Ruby Braff And His Buddies""]",2005,Blues,Calm,english,4.122986371216454
6DoT4knXRAJp2tWm0xOfYv,These Foolish Things,Jazz At Storyville,"[""Lee Konitz""]",1984,Jazz,Calm,english,6.104441392234871
6S1i7LskFrvPl1SOfHFduZ,These Foolish Things,Hartman For Lovers,"[""Johnny Hartman""]",2004,Jazz,Calm,english,2.677314346232205
6V21L0iWyWyRsWJbt9WSRR,These Foolish Things,Harry Allen Meets John Pizzarelli Trio,"[""Harry Allen""]",1999,Jazz,Calm,english,1.7269764258258515
1qqM9rEyIMd8EQg0JqIvl3,These Foolish Things - Remastered,The Capitol Vaults Jazz Series,"[""Joe Pass""]",2013,Jazz,Calm,english,1.5352646595888475
7AHF3V7qRPhZV7gzJLZ3CL,These Foolish Things - Remastered 1995,The Complete Aladdin Recordings Of Lester Young,"[""Lester Young""]",1995,Jazz,Calm,english,2.656835556762648
66FmshvGERmIV2zydLjrth,They Can't Take That Away From Me,Steppin'Out: Astaire Sings,"[""Fred Astaire""]",1994,Jazz,Calm,english,2.8196453470855576
0O6zqUCiOz7ocTC8DbseXh,They Can't Take That Away from Me,Steppin' Out,"[""Tony Bennett""]",1993,Jazz,Calm,english,2.305561256870225
6Y7hTdSYVQSER4Tom1pFKP,They Needed Each Other,The Complete Atlantic Albums,"[""Daryl Hall & John Oates""]",2019,Pop,Calm,english,2.330607902089386
6IpN0Aq5WjhThS9rQtDrSZ,They Ran,Carved From Tides,"[""Message To Bears""]",2016,Rock,Calm,english,1.9829045123435352
3la8v2k6BTtfvsNNiRgBdR,They Remind Me Too Much Of You,Elvis At The Movies,"[""Elvis Presley""]",2007,Rock,Calm,english,2.015283036777229
1UwBlXc6Ad2s78IsMUXQIJ,They Remind Me Too Much Of You - Take 4,"Today, Tomorrow and Forever","[""Elvis Presley"", ""The Mellomen""]",2002,Rock,Calm,english,2.326200745885368
1lIOMibFPfFYlJnjQaZluo,They Won't Go When I Go,Fulfillingness' First Finale,"[""Stevie Wonder""]",1974,Pop,Calm,english,2.591677606002888
31FHq3ZkvPDO6mL5g5oXkn,They'll Like Me When I'm Sick,Losing the Interest and Trust I Had in You,"[""Flatsound""]",2010,Rock,Calm,english,3.874242788577391
4JoaTyzrbsNxnylNWaQjBi,Thick As Thieves,Almanac,"[""Widowspeak""]",2013,Pop,Calm,english,2.5490235086506683
5TUFBLlhmCbZmPCHCHbzhF,Thin Fingers,Through the 90's: Singles and Unreleased,"[""The American Analog Set""]",2001,Rock,Calm,english,2.325834869193819
2YqQd9wqbJy47SvLSsvNN2,Things I Didn't Do (Reprise),I Love This Town,"[""Clive Gregson""]",1996,Folk,Calm,english,2.242030443122537
0jF4xsiVd8AQoIEUmn7KLt,Things I Imagined,When I Get Home,"[""Solange""]",2019,Pop,Calm,english,1.936597947189659
5PORNbeR1SloghN973uDOg,Things We Did Last Summer,The Columbia Years (1943-1952) The Complete Recordings,"[""Frank Sinatra""]",1993,Jazz,Calm,english,2.4397559638955486
4JCxY31HgTzJYhLIMiulvy,Things'll Never Be The Same,"For All The Fucked-Up Children Of This World We Give You Spacemen 3 (First Ever Recording Session, 1984)","[""Spacemen 3""]",2017,Rock,Calm,english,2.136573935384894
4HSy0FUJ0HbwkPiT4PKQnj,Thinking Of,Fall to Pieces,"[""Tricky"", ""Marta""]",2020,Electronic,Calm,english,4.979480988560826
0Ko9frX1aPtTIb1IaBJ4Ih,Thinking of You,Thinking of You,"[""Andy Leech""]",2017,Electronic,Calm,english,1.9515503705569013
5TTcVHPZVETHYLXXqCXsRN,Third Of Its Kind,"Le Roi Est Mort, Vive Le Roi!","[""Enigma""]",1996,Classical,Calm,english,3.922744538624192
7MzYxI9v1UiawIS7b9aDlD,Third Quarter Storm,Restriction (Bonus Track Version),"[""Archive""]",2015,Electronic,Calm,english,3.437445741678616
7you24gRZaAb5YwdN5NYDK,Thirteen Autumns and a Widow (Orchestral),Midnight in the Labyrinth,"[""Cradle Of Filth""]",2012,Rock,Calm,english,3.2006584834123823
3Kyy8a6bpm9hiiemNfOCsa,This,Sauna,"[""Mount Eerie""]",2015,Folk,Calm,english,1.864379048810564
4F4JZyd7IaZ0xqbkgFHxzk,This Empty Town,This Empty Town,"[""Jaguar Sun""]",2020,Pop,Calm,english,1.2993295120080086
2WZyoaM70TLZ3k8RbhGC2o,This Foolish Heart Could Love You,Entre eux deux,"[""Melody Gardot"", ""Philippe Powell""]",2022,Jazz,Calm,english,2.1754947726994938
6MFh6Dsk0J28UV3DusXPWw,This I Know - Demo,Picture Book,"[""The Kinks""]",2008,Rock,Calm,english,1.3607066979414582
7uRAIiTm9Ccv7NZwqnXUak,This Is What I Wanted to Tell You,This (Is What I Wanted to Tell You),"[""Lambchop""]",2019,Country,Calm,english,1.7068809951539554
7ASaoeJ1ARR5ybH4dDdBKL,This Is What It Means - Original,Morning Sci - Fi,"[""Hybrid""]",2003,Electronic,Calm,,1.754902255923525
7MlATpwpuf63Tp0vhR9vKg,This Isn't Maybe - Mark's Underlevel Dub,This Isn't Maybe - The Mixes,"[""Waldeck""]",2001,Electronic,Calm,english,2.184068270238352
0WJNZbjcV0TgW5iPonRdxI,This Life and the Next,Dracula Untold (Original Motion Picture Soundtrack),"[""Ramin Djawadi""]",2014,Classical,Calm,english,1.930036331985041
1HAq4CdBI3NMP4yp2aR01Z,This Love of Mine,The Essential Frank Sinatra with the Tommy Dorsey Orchestra (with Frank Sinatra),"[""Tommy Dorsey"", ""Frank Sinatra""]",2005,Jazz,Calm,english,2.4136309483763214
3y4DXihvIpiaESezwlBguF,This Marriage,Enjoy The Silence,"[""Eric Whitacre"", ""Eric Whitacre Singers""]",2013,Classical,Calm,english,2.766701299017685
0tCpyzJeDSpytiDrPlRnEJ,This Masquerade,Carney,"[""Leon Russell""]",1972,Country,Calm,english,1.122662315520757
1oXZT5JZBfBPvbeCrbzX1O,This Mighty Sight,A Glimpse of Glory,"[""Lustre""]",2010,Rock,Calm,english,3.720319911362184
5feqscGQpZwV56bfHNNtRo,This Nearly Was Mine,Barbara Cook's Broadway,"[""Barbara Cook""]",2004,Classical,Calm,english,3.0507251801306263
65V82E5R09zQUtgbC5NMTq,This Nearly Was Mine,South Pacific (New Broadway Cast Recording (2008)),"[""Paulo Szot""]",2008,Classical,Calm,english,1.7106573245781354
44osUezDXdw4U1QQzkWn7W,This Time The Dream's On Me,"""25""","[""Harry Connick, Jr.""]",1992,Jazz,Calm,english,2.718195327577134
7FL3j6I76vYGKB0W8KdQon,This Woman's Work - 2018 Remaster,Director's Cut (2018 Remaster),"[""Kate Bush""]",2011,Pop,Calm,english,1.856865771444268
06XCtOFlstLOx5R9UDbaTu,Thistled Spring,Thistled Spring,"[""Horse Feathers""]",2010,Folk,Calm,english,1.8778025181113616
0lOsTbNhLqsHq1HV613fic,Those Things Happen,Refjorged,"[""Autumn Orange""]",2020,Electronic,Calm,english,1.748312774262311
3K80x44F9fKI3slorza2IC,Those Who Linger At Night,Funerals From The Astral Sphere,"[""Midnight Odyssey""]",2015,Rock,Calm,english,4.574149887850816
4UsD4TnsxHRhPc3fqBVbLn,Those Who Linger At Night,Funerals From The Astral Sphere,"[""Midnight Odyssey""]",2015,Rock,Calm,english,4.589878425636948
2ZpyPd7Ap9mtX7Q4tGaoJ1,Thou Art God,Praise Him,"[""Lionel Bourne"", ""BYU Men's Chorus"", ""Rosalind Hall""]",2015,Classical,Calm,english,2.944942787434554
25kNo7PaYBxmo2VIOjawa1,"Thou, My Love, Art Fair",Gold,"[""The King's Singers""]",2017,Classical,Calm,english,2.969028831914412
6mvdbO2OTWnnegdVWW0poW,Thought I Could Manage,Come What May / Thought I Could Manage,"[""Taylor Armstrong"", ""Sarah Juers""]",2019,Folk,Calm,english,1.3431899107910572
02MULOuPY1deFcqsJ1YnJH,Thoughts On A Rainy Afternoon,Mummy Dust,"[""Bruce Cockburn""]",1981,Folk,Calm,english,1.1082687560714684
1ckBnboZVd46QxQRZnOFMt,Threads of Thought,Being of Light,"[""Howard Givens"", ""Craig Padilla""]",2017,Electronic,Calm,english,1.2410386946389411
2PbWLNFeg4Ru4dNIFGQsqN,Three Months,Lost Memoirs And Faded Pictures,"[""Symphony in Peril""]",2003,Rock,Calm,english,1.5694838639271549
0rt1qeffHIjZXXEwvJoM9j,Three Nights,My War,"[""Black Flag""]",1984,Rock,Calm,english,1.60832164176858
61cbJr5iHeFGvgmg8dwdrJ,Three Seasons in Wyoming,Wind River (Original Motion Picture Soundtrack),"[""Nick Cave & Warren Ellis""]",2017,Classical,Calm,english,2.479187006512634
6XFvsdR5sHHNy5dOcbz545,Through The Eyes Of A Child,All My Demons Greeting Me As A Friend (Deluxe),"[""AURORA""]",2016,Pop,Calm,english,2.8655814480287605
1kHeXRqgq9A63CP3inLpsp,Thrush and Wake,The Hallowing,"[""Autumn Tears""]",2007,Electronic,Calm,english,2.5377854077662154
6HGNLS0dvTHB79fQBLLoWo,Thunder,Loss Memory,"[""Coma Cinema""]",2017,Electronic,Calm,english,1.8371651950762733
3V6BMVAG5KyXmnYjKfs1TA,Thunder On the Savannah,Natten Stillhet (I) (The Still of the Night),"[""Philip Riley""]",2006,Folk,Calm,english,1.38086905765683
28UwjSP6nG1ZEeCCJYBDrq,"Thunderball (From ""Thunderball"")",The Ultimate James Bond Film Music Collection,"[""The City of Prague Philharmonic Orchestra""]",2006,Classical,Calm,english,2.0369100232634354
2bEiRcvcvVO0LUXeAbfqCb,"Thunderball (From ""Thunderball"")",The Essential James Bond,"[""The City of Prague Philharmonic Orchestra""]",1994,Classical,Calm,english,2.0369100232634354
4besQL28M5FcWjF749V8Ec,"Thunderball (From ""Thunderball"")",Bond Royale - The Best of James Bond,"[""The City of Prague Philharmonic Orchestra""]",2016,Classical,Calm,english,1.882345976776592
5u9SShCmgKo3iavp1zeXMP,"Thunderball (From ""Thunderball"")",John Barry: The Collection - 40 Years Of Film Music,"[""The City of Prague Philharmonic Orchestra""]",2001,Classical,Calm,english,2.0369100232634354
7svIAwayr9HOh0vh1OKA5b,Thus Always to Tyrants,As Embers Turn to Dust,"[""Mechina""]",2017,Rock,Calm,english,0.9920104796833318
0oKCTySjktoqWA3N4SAoyb,Thy Winter Kingdom - Version 1,Thy Winter Kingdom / From the Pagan Vastlands,"[""Behemoth""]",2015,Rock,Calm,english,3.465670682503987
0iY16QjklKx0h5Ej26ihFq,Thymia,Shore,"[""Fleet Foxes""]",2020,Folk,Calm,english,1.5531420854046551
42dhu7EjyNNnwMJpw6GCF8,Ti Moune,Once on This Island (Original Broadway Cast Recording),"[""Sheila Gibbs"", ""Ellis E. Williams"", ""LaChanze""]",1990,Classical,Calm,english,2.6391713709377504
1ra6YKPnXorMnejGI1zdO1,Tick Tock Part I,Tick Tock (Remastered),"[""Gazpacho""]",2009,Rock,Calm,english,1.327037726381599
7d1EUYPNYr6LPXrblbrmV9,Tie A Yellow Ribbon Round The Old Oak Tree,30,"[""Harry Connick, Jr.""]",2001,Jazz,Calm,english,1.689554434992416
1R8rSkMYbWcqyZDnJfO06J,Tiffauges,Godspeed On The Devil's Thunder,"[""Cradle Of Filth""]",2008,Rock,Calm,english,1.8836283509689216
24iCLEI2VU7oBxPdjui9Uj,Tiger Mountain,Life On Earth,"[""Tiny Vipers""]",2009,Rock,Calm,english,2.476126290514582
0TIa0Oo1FXjXy1i6fCKS58,Tightrope,Rivulets,"[""Rivulets""]",2002,Rock,Calm,english,2.4251261780554967
48klysG57kTdjmv8L6MglO,Till I Get Right,Tom Varner: Window Up Above,"[""Larry Henley"", ""Red Lane"", ""George Schuller"", ""Peter McCann"", ""Tom Varner""]",1998,Jazz,Calm,english,1.8604982236497016
1lNaQQFIAgzirusdg0vHah,Tim Moore's Farm,The Best of Lightning Hopkins,"[""Lightnin' Hopkins""]",2001,Blues,Calm,english,2.343822172246385
5mt0wTItCgxsrvozbQ6GsW,Time,Peace [Luxury Edition],"[""Libera"", ""Robert Prizeman"", ""Ian Tilley"", ""Steven Geraghty"", ""Fiona Pears""]",2010,Classical,Calm,english,2.815648662330155
6pJeFK2uqkR3rsHUfiU3j7,Time (Unreleased Demo),Guy Clark: The Best of the Dualtone Years,"[""Guy Clark""]",2017,Country,Calm,english,2.993087325006905
00ej7aXXSKP2fYqEZlGX4l,Time - Early Studio Attempt,The Turn Of A Friendly Card (Expanded Edition),"[""The Alan Parsons Project""]",1980,Rock,Calm,english,2.4333849993071888
1hYd1uyB9HQpf4icjtBQoB,Time Alone,Dreamer,"[""Eliane Elias""]",2004,Jazz,Calm,english,2.1544759359943817
7Jt9DpsKlKRcR3RI9qUl9w,Time Alone,Dreamer,"[""Eliane Elias""]",2004,Jazz,Calm,english,1.7206277139202872
0DR0D1HrojRH4Nyzh9tZr0,Time Is the Diamond,Trust,"[""Low""]",2002,Rock,Calm,english,1.8696749826150325
0mFwID3PtA0LpsyFjf8Si8,Time On My Hands,Best Of The Big Bands,"[""Glenn Miller""]",1992,Jazz,Calm,,2.900310154742183
0omL6MOwOet4lhSUust8h5,Time On My Hands,In Harvard Square,"[""Lee Konitz""]",1993,Jazz,Calm,english,3.23731427499714
2w1aX9mRepMp7lYUFWyZ2K,Time On My Hands,Used To Be Duke,"[""Johnny Hodges""]",2009,Jazz,Calm,english,2.3781473231039407
5UBHmDVKrGE8Iak4Mmpf3Q,Time On My Hands,The Complete Ahmad Jamal Trio Argo Sessions 1956-62,"[""Ahmad Jamal""]",2010,Jazz,Calm,english,2.8832380262549733
347I1cRMku0sX5C2m1Sy1B,Time On My Hands (You In My Arms),Chet (Keepnews Collection),"[""Chet Baker""]",2007,Jazz,Calm,english,1.786523512634389
22cgzvAxyR5NZAV55Y2gUI,Time Piece,Magnolia,"[""Kevin Krauter""]",2015,Pop,Calm,english,1.2574584593348137
2p31tAIt4vzH4B2QWCjaDj,Time Time Time,Lucifer,"["":Of The Wand And The Moon:""]",2003,Classical,Calm,english,1.0881610652173823
3Aksa4QwWHk7lhUQFNqxDp,Time To Be Clear,Wolfroy Goes To Town,"[""Bonnie Prince Billy""]",2011,Country,Calm,english,2.4261910249778764
7AIuDhoLyw11NHzE8eTYXr,Time Tuner,Memory of a Cut off Head,"[""OCS""]",2017,Rock,Calm,english,2.7099720394388966
7aB0vIcTXzMWOpXDvbiMFS,Time Was,16 Most Requested Songs,"[""Kate Smith""]",1991,Pop,Calm,english,3.7893687518249353
1bPky1zKRZl3iXkJSnlUkb,Time to Space,Mother Lode,"[""Loggins & Messina""]",1974,Pop,Calm,english,1.927537553486872
1sbziWlAwqAmYnTS1Udk0f,TimeIsNotOnMySide,IFeelLikeDirt,"[""BONES""]",2019,Hip-Hop,Calm,english,2.440692034064441
2cahK2PsJ4EAwLAhgFWI63,Timeless,Indianapolis Intergalactic Spaceport,"[""BeebleBrox""]",1997,Electronic,Calm,english,1.7416644214095298
5xE0JOZJbv7yEowT0SpFdv,Times A-Getting Hard,Headlines and Footnotes: A Collection of Topical Songs,"[""Pete Seeger""]",1999,Folk,Calm,english,1.3321909995199983
2Ygj1INRVTlyuZPaivbioz,Times Of Grace,Official Bootleg.01.Lyon.France.11.02.99,"[""Neurosis""]",2002,Rock,Calm,english,3.907986852425388
7gjkJlqS68tPyXiDCAJImK,Timothy Grub,Just Another Diamond Day,"[""Vashti Bunyan""]",1970,Folk,Calm,english,2.274885795364067
08CkxtXMDT4mYQ0dHwUgL9,Tin Lover,States,"[""The Paper Kites""]",2013,Folk,Calm,english,1.7257591137309485
0oODAuxcJ94qCEYMgsCti4,Tin Lover,States,"[""The Paper Kites""]",2013,Folk,Calm,english,1.7744166411376583
1CtvnHq7v2gXMIcjLKHdNE,Tin Lover,States,"[""The Paper Kites""]",2013,Folk,Calm,english,1.7430832584235114
3YQVYTkonczhXyj31HH4AK,Tinker Tailor Soldier Sailor Rich Man Poor Man Beggar Man Thief,A Moon Shaped Pool,"[""Radiohead""]",2016,Rock,Calm,english,1.862216536305152
3cual6JOG286qZJmCxKRAT,Tinker Tailor Soldier Sailor Rich Man Poor Man Beggar Man Thief,A Moon Shaped Pool,"[""Radiohead""]",2016,Rock,Calm,english,1.911699631470678
52bIJdmSzU0B6izYxyw2FI,Tiny Birds,Summer Sun,"[""Yo La Tengo""]",2003,Pop,Calm,english,1.6670679129830397
4yS3DTFX0GPsY8RuksGMK3,Titanic Risen,Titanic Risen,"[""Weyes Blood""]",2021,Pop,Calm,english,2.148688626252568
7JSHs5GH7pq5moVo8wu1I6,To All The Girls,Paul's Boutique (20th Anniversary Edition / Remastered),"[""Beastie Boys""]",1989,Hip-Hop,Calm,english,2.0040201792242702
1Cvs599WwHcoCfNYrIEfKt,To All The Girls I've Loved Before,Serene Classics,"[""Phil Coulter"", ""Hal David /Albert Hammond""]",2014,Folk,Calm,english,1.3896916461072988
12homE4JpBey5cckgoepR7,To Be Alone With You,Seven Swans,"[""Sufjan Stevens""]",2004,Classical,Calm,english,1.6695516625537876
3tchJ8gDgMdaSxpaLxlr1F,To Be Alone With You,Seven Swans,"[""Sufjan Stevens""]",2004,Classical,Calm,english,1.669480360248356
6HgcMF7hqeHo2YjRzZZK51,To Be Kind,To Be Kind,"[""Swans""]",2014,Rock,Calm,english,3.3831942892255213
1r4SAL6napZnBVB4A6FvxO,To Be Of Use,Red Apple Falls,"[""Smog""]",1997,Rock,Calm,english,1.974140220461346
0tVsia0qTKXNNp2rxR7EmN,To Be Won,Glory,"[""Good Morning""]",2016,Electronic,Calm,english,1.6324790345956204
6IxgH0tyz6B6visLTljyIT,To Blossoms,KWIATY,"[""Jacaszek""]",2017,Classical,Calm,english,1.053491840700169
3AqPL1n1wKc5DVFFnYuJhp,To Build A Home,Ma Fleur,"[""The Cinematic Orchestra"", ""Patrick Watson""]",2007,Electronic,Calm,english,2.2539074875938283
37QaaesnHmmjcin15aIVuT,To Build a Home,The Edge of Seventeen (Original Motion Picture Soundtrack),"[""The Cinematic Orchestra""]",2016,Electronic,Calm,english,2.058739116230543
2F1fwBdBv1nXuj8Z3tu59F,To Die For - Acoustic Version,To Die For ...,"[""Scream Silence""]",1999,Rock,Calm,english,2.256047757901198
1hY0fbwehr1HThckqOC8Fl,To Give Love,From The Valley To The Stars,"[""El Perro del Mar""]",2008,Pop,Calm,english,1.6462270667504717
3Qm2kKW0ewvdVl9eaczxEq,To Hear Your Voice,I Must Find You,"[""Young Oceans""]",2014,Folk,Calm,english,1.7236857554094835
5m3EnGe0RjFafjMXTafjdl,"To Hold You, Drum",Drum's Not Dead,"[""Liars""]",2006,Rock,Calm,english,2.8478804104851765
6eDDcvQacq8ZnMPZMy4nWi,To Hush a Sick Transmission (Unedit),Sometimes Good Weather Follows Bad People (Expanded Edition),"[""Califone""]",2012,Country,Calm,english,2.245993708959819
2swJjSUmRHHfLf7zgi9YnT,To Kate,The Nerado Black Sessions,"[""Vagenda"", ""Hatsune Miku""]",2016,Electronic,Calm,english,2.013293417416887
3JnwSB409j4eTJ4uHTXPMB,To Love Is To Bury,The Trinity Session,"[""Cowboy Junkies""]",1988,Country,Calm,english,1.685231408566193
5ZIwrPGRn4ygZIRO47MJCH,To Perenna,KWIATY,"[""Jacaszek""]",2017,Classical,Calm,english,2.483065552632441
2y41q46bmOeQ9bOkzzT7h0,To Possess Is To Be In Control,The Drought,"[""Puce Mary""]",2018,Electronic,Calm,english,2.64945776355652
6IFsorugdOxgLq6bLFj1OL,To Possess Is To Be In Control,The Drought,"[""Puce Mary""]",2018,Electronic,Calm,english,2.6676713861992583
1yYpENm8RhX2eo4PjOH3bF,To Protect The Family Name,Winners Never Quit (Remastered),"[""Pedro The Lion""]",2000,Rock,Calm,english,1.1963463116379978
7sgpLXx8mpg1fPtjk4KjqY,To Raise the Writhing Shadows,Disintered Horror,"[""Ritual Necromancy""]",2018,Rock,Calm,english,3.4711032878240773
7yY5seVa3v5nQAWWUUkSUw,To See You,To See You,"[""Harry Connick, Jr.""]",1997,Jazz,Calm,english,3.1710140886608165
7y3Z4QpQUEE1bMkOxgOHMH,To Talk To You,White Chalk,"[""PJ Harvey""]",2007,Pop,Calm,english,1.299757551556464
36s8ehtyL3J9tYWvqbfSB5,To Violets,KWIATY,"[""Jacaszek""]",2017,Classical,Calm,english,1.0022004412113683
0tRcp5WnclrgkfgEr6kuJU,"To a Road, Love",The Sister,"[""Marissa Nadler""]",2012,Electronic,Calm,english,2.4285094586686387
7bqITLeBjqqw37Rym39eU0,Tobacco's Last Stand,Suitcase - Failed Experiments and Trashed Aircraft,"[""Guided By Voices""]",2000,Pop,Calm,english,1.7553298639263926
72kU3HcP3mAGfclNxqtaad,Today I Saw My Funeral,Vicious Losers,"[""Those Poor Bastards""]",2014,Rock,Calm,english,1.949741680673098
5kZ4o3XpGJXpyl29hu1KmI,Together We,Legend,"[""Clannad""]",1984,Folk,Calm,,1.9310093406148447
7IrguoAvNFhylsvA33XvL4,Tokyo,Regurgitator,"[""H3llb3nt""]",2001,Rock,Calm,english,3.011718124346166
5b08olRbTnsbNFo1oa38Mz,Tomorrow Is A Long Time,Digital Box Set,"[""Nick Drake""]",2010,Folk,Calm,english,0.9857865273186944
70L2OlO4GKqGEOCVT0QMjo,Tomorrow Never Knows,Funny How Time Slips Away,"[""Junior Parker""]",1991,Blues,Calm,english,2.792756597425603
2axB8oRU1Wy18OYmT3177s,Tomorrow's Wishes,Always True,"[""Emily Bear""]",2009,Classical,Calm,english,3.3121040788097256
59UiyB36UAQe3YZo05elDE,Tomorrow's World,Void Dance (Remastered),"[""36""]",2017,Electronic,Calm,english,2.0393379501812774
4hwYV0Yc7nRfXwd8HPiMgY,Tone Poem,#1,"[""Fischerspooner""]",2003,Electronic,Calm,english,1.567117000643109
20KsNRy7f34IhmQxayoIkm,Tongue Tied,Ancient Transition,"[""Beta Radio""]",2018,Folk,Calm,english,1.8860982535138424
7FDBPudZWVZoL7I1AVZ8bw,Tongue Tied,Ancient Transition,"[""Beta Radio""]",2018,Folk,Calm,english,1.8860982535138424
6vfwhuQE8enT0WNovyttsh,Tonight I Celebrate My Love For You,Perry Como Today,"[""Perry Como""]",1987,Pop,Calm,english,2.4595108156422425
3rTeqkQs7PhdUV0WJNvbmM,Tonight in Bilbao,7 Songs Belfast,"[""Mark Kozelek""]",2012,Rock,Calm,english,4.251940706070947
7CLO74VqYXdBn1nyeANxBR,Tonite and Today (What chu' talkin' 'bout),Knife Play,"[""Xiu Xiu""]",2002,Pop,Calm,english,2.299040766651249
2sXrxdJTTggkFm6hnjuee1,Too Marvelous For Words,Dear Mr. Cole,"[""The John Pizzarelli Trio""]",1995,Jazz,Calm,english,2.6148072417586574
6lTn65TQMulWyCQ03SYrMl,Too Marvelous For Words,"The Art Tatum Solo Masterpieces, Vol. 1 [Original Jazz Classics Remasters]","[""Art Tatum""]",2013,Jazz,Calm,english,2.1451910369107243
4vrbpcpyvduTThvbCQ0txp,Too Marvelous for Words - Live,"Jeri Southern Blue Note, Chicago, March 1956","[""Jeri Southern""]",2016,Jazz,Calm,english,4.952405192704226
6l5t2H874fLDkf786fbiJX,Too Soon,Lesser Matters,"[""The Radio Dept.""]",2003,Pop,Calm,english,2.923111149279761
1TICCkYZLoQl4oTND968Hh,Toora-Loora-Looral,Dublin,"[""The Irish Tenors""]",2011,Folk,Calm,english,5.985250102933154
0zs6G6qSL0Gk4hwGmfYnAw,Toothbrush / Trash,A Crow Looked at Me,"[""Mount Eerie""]",2017,Folk,Calm,english,2.300598386369676
0bDL5nbeCJF8UeesQYpFxR,Top Of The World,Gold Mother,"[""James""]",1990,Pop,Calm,english,1.9629412279270224
1DrJC3J11DolsHxVd8cAmq,Topical Solution,Stratosphere,"[""Duster""]",1998,Rock,Calm,english,2.785381955107691
7iHfDRnRdqRMgtv9IaND2F,Tornado,Go,"[""J\u00f3nsi""]",2010,Rock,Calm,english,2.735321198957452
6I8WdNrmgCEI0qH9OJ5aEE,Tortured,Sevas Tra,"[""Otep""]",2002,Rock,Calm,english,1.723645724440511
3iNgaqk6myf8drqQCtRpRT,"Puccini: Tosca, Act 1 Scene 1: ""Ah! Finalmente! Nel terror mio stolto"" (Angelotti)",Tosca,"[""Giacomo Puccini"", ""Franco Calabrese"", ""Orchestra Del Teatro Alla Scala, Milano"", ""Victor de Sabata""]",2002,Classical,Calm,english,1.7601636724942056
3SFRe74vrs3Jpb94rkdMm3,"Puccini: Tosca, Act 1 Scene 3: ""Sante ampolle! Il suo ritratto!"" (Sagrestano, Cavaradossi)",Tosca,"[""Giacomo Puccini"", ""Melchiorre Luise"", ""Giuseppe Di Stefano"", ""Orchestra Del Teatro Alla Scala, Milano"", ""Victor de Sabata""]",2002,Classical,Calm,english,3.082775060700384
2XVpk253EpA3YV0OBn3LqH,"Tosca / Act 2: ""Vissi d'arte, vissi d'amore""",Opera Arias - Nessun Dorma - Casta Diva - O Mio Babbino Caro,"[""Giacomo Puccini"", ""Kiri Te Kanawa"", ""National Philharmonic Orchestra"", ""Sir Georg Solti""]",2011,Classical,Calm,english,2.607923366985984
47FXz8qV9B45S1OYPjJ3ag,"Tosca / Act 2: ""Vissi d'arte, vissi d'amore""",The Essential Kiri,"[""Giacomo Puccini"", ""Kiri Te Kanawa"", ""National Philharmonic Orchestra"", ""Sir Georg Solti""]",1992,Classical,Calm,english,2.749800762127024
4n8wEbZKQ1ymbOjKhMhHyv,Total War,The Shining Swords of Hate,"[""Countess""]",2000,Rock,Calm,english,2.715106149146933
0d6avc1rQ8dpPbeEJgWxyt,Touch Red (On Film Instrumental),Closer To Grey (Deluxe Edition),"[""Chromatics""]",2020,Pop,Calm,english,3.0261438612528098
160Gaek0h1ySj8DJIG9YWb,Touched By The Midnight Sun,All The King's Men,"[""The Legendary Pink Dots""]",2002,Rock,Calm,english,2.8024071250091915
0ve5vIXlBwSSMvE1Jd0YoE,Tower & the Wall,"Songs About Death and Dying, Vol. 3 / OCS 4: Get Stoved","[""OCS""]",2005,Rock,Calm,english,1.2264016003677902
1Oq7Tf1v23t7TtWqmNgrLl,Town With No Cheer,Swordfishtrombones,"[""Tom Waits""]",1983,Folk,Calm,english,2.36169092934221
1vrZjaOYLsl6sQMDSqfqlk,Toyland,Personal Christmas Collection,"[""Doris Day""]",1994,Jazz,Calm,english,2.5411565865154566
6bdKrgj3hC4HS7DIe9jQuT,Toyland,Christmas Eve With Johnny Mathis,"[""Johnny Mathis""]",1986,Pop,Calm,english,3.104028200614314
7eA5zUjJXy1z1Z5JWpHgCb,Track One,Grace for Drowning,"[""Steven Wilson""]",2011,Rock,Calm,english,1.0382800430803083
6jezfOPKkARrn1J8AwHTE4,Track X,For the first time,"[""Black Country, New Road""]",2021,Rock,Calm,english,2.5670829020449784
03TRtIooMlE4JwBxKgbpTU,Trad / Arr Vaughan Williams : Loch Lomond,Wondrous Love - A Folk Song Collection,"[""Anonymous"", ""Chanticleer""]",1997,Classical,Calm,english,3.14760351030469
6WTLsl4vuEdUjJwoYCOjp0,Trad: Amazing Grace,Sacred Songs,"[""Traditional"", ""Ren\u00e9e Fleming"", ""Mark O'Connor""]",2007,Classical,Calm,english,2.7638157509268257
0ctFpoyjVokzT891reP7G6,Traditional: In dulci jubilo,Classic Christmas Carols,"[""Traditional"", ""Choir of King's College, Cambridge"", ""Philip Ledger""]",2007,Classical,Calm,english,2.640841450195784
0xazdiR3E3yQzRqCzUPs2R,Traditional: Gabriel's Message,Christmas At King's,"[""Traditional"", ""Choir of King's College, Cambridge"", ""Stephen Cleobury""]",2008,Classical,Calm,english,2.782729011836239
4tkz1jWBkiF7Tu2exiaPO0,Traditional: I Saw a Maiden,Best Loved Christmas Carols,"[""Traditional"", ""Choir of King's College, Cambridge"", ""Sir David Willcocks""]",2003,Classical,Calm,english,2.182096719773322
4EwKerOCsxaLDnc94wkBAy,The First Nowell,Libera: The Christmas Album (Standard Edition),"[""Libera"", ""Robert Prizeman""]",2011,Classical,Calm,english,1.7969972994087478
1tvTVjsjjfpPz5BAqMoFIg,Traditional: Joy to the World!,Essential Christmas Carols from King’s,"[""Choir of King's College, Cambridge"", ""Peter Stevens""]",2022,Classical,Calm,english,1.424214569976387
1YQCC8d9rm2SVTiWepDS5q,Traditional: Sans Day Carol,Classic Christmas Carols,"[""Traditional"", ""Choir of King's College, Cambridge"", ""Francis Grier"", ""Philip Ledger""]",2007,Classical,Calm,english,1.919458422982603
182MpbgxSMVboFhuDz6Myq,Traditional: The First Nowell,Best Loved Christmas Carols,"[""Traditional"", ""Choir of King's College, Cambridge"", ""Francis Grier"", ""Philip Ledger""]",2003,Classical,Calm,english,1.985991036177838
2VDYjhHB7VerxhDMQQWHFt,Traditional: It Came Upon the Midnight Clear,Classic Christmas Carols,"[""Traditional"", ""Choir of King's College, Cambridge"", ""John Wells"", ""Sir David Willcocks""]",2007,Classical,Calm,english,2.7764681887140914
69hXnuZxc2BIhi9LqO7VYL,"Traditional / Arr. Vaughan Williams: The Truth from Above: ""This Is the Truth Sent from Above""",Christmas At King's,"[""Traditional"", ""Choir of King's College, Cambridge"", ""Stephen Cleobury""]",2008,Classical,Calm,english,2.734809013478051
5boRRi7JwxW5MbwZdrDvr1,"Traditional: God Rest You Merry, Gentlemen",Classic Christmas Carols,"[""Traditional"", ""Choir of King's College, Cambridge"", ""Benjamin Bayl"", ""Stephen Cleobury""]",2007,Classical,Calm,english,3.2235433663023625
2txYHGSj14lrMAzusKilW7,"Traditional: O Come, All Ye Faithful",Best Loved Christmas Carols,"[""Traditional"", ""Choir of King's College, Cambridge"", ""Ian Hare"", ""The Philip Jones Brass Ensemble"", ""Sir David Willcocks""]",2003,Classical,Calm,english,2.4310742987478102
76l0FSu6iDDX85FHMVGkzI,Traditional: The Cherry Tree Carol,Best Loved Christmas Carols,"[""Traditional"", ""Choir of King's College, Cambridge"", ""Philip Ledger""]",2003,Classical,Calm,english,2.3250022294870587
4yWPRcum7rtTRenkbVhRwW,Traditional: Whence Is That Goodly Fragrance Flowing?,Classic Christmas Carols,"[""Traditional"", ""Choir of King's College, Cambridge"", ""Ian Hare"", ""Sir David Willcocks""]",2007,Classical,Calm,english,3.045320692618564
5cHLTdatyRQXdVeZRaXu7s,"Traditional: ""A great and Mighty wonder""",Classic Christmas Carols,"[""Traditional"", ""Choir of King's College, Cambridge"", ""Jonathan Allen"", ""Stephen Cleobury""]",2007,Classical,Calm,english,2.68066647220198
5gzEKJy3caoPwJ6fPWXFD6,Traditional: Amazing Grace,Barbara Hendricks sings Sacred Arias,"[""Traditional"", ""Barbara Hendricks""]",2008,Classical,Calm,english,2.660525795835168
2VsuZ0wtOjgTrPNDNrC6yq,Traditional: Sometimes I Feel Like A Motherless Child,Barbara Hendricks sings Sacred Arias,"[""Traditional"", ""Barbara Hendricks""]",2008,Classical,Calm,english,2.8770604113478977
37nhs0ZKb3WHXYwLmQWORw,Traditional: The Holly and the Ivy (British Christmas Carol),Favourite Christmas Carols,"[""Traditional"", ""Choir of King's College, Cambridge"", ""Sir David Willcocks""]",2010,Classical,Calm,english,3.0948780345959364
1zryOtzpix1qwxRgraBHUB,Traditional: What Child Is This,Christmas At King's,"[""Traditional"", ""Choir of King's College, Cambridge"", ""Stephen Cleobury""]",2008,Classical,Calm,english,2.9228614127514905
0cRwdlTZeFcBj5ZSw8gXiQ,Traditions of Christmas,Sweet Memories,"[""Mannheim Steamroller""]",2006,Pop,Calm,english,1.1600344712280632
22zOOsOxLztV8Uw9rXMWGC,Traditions of Christmas,30/40,"[""Mannheim Steamroller""]",2014,Pop,Calm,english,2.329478883051604
5QUD3DEuyFV8UXqE0SgLZX,Traditions of Christmas,30/40 Ultimate Collection,"[""Mannheim Steamroller""]",2014,Pop,Calm,english,2.3255842878855826
4KcNjfYPpb14oPiDCW94Hy,Train Stop,Train Stop,"[""Henri Bardot""]",2023,Electronic,Calm,english,1.372951709735536
74gBtxUyA9Hxe7OApVM7Fc,Trains And Boats And Planes,Astrud Gilberto's Finest Hour,"[""Astrud Gilberto""]",2001,Jazz,Calm,english,1.617966584080755
0v6p8oT2sQwqpFnsOsUHPO,Transcension (Pt 1),The Time Traveller,"[""Breaking Orbit""]",2012,Rock,Calm,english,1.8360445593951256
1IxBUySBiXGaIUkhN6H57a,Transformed,Beyond Man and Time,"[""RPWL""]",2012,Rock,Calm,english,2.594043197817886
0xN0zYmlz9tYHQohGBmfhD,Transforming Dub,Have Fun With God,"[""Bill Callahan""]",2014,Country,Calm,english,1.3822381645186277
53dlAwjUIR0GcAh2eZ7NuM,Transient,Blue Album,"[""Orbital""]",2004,Electronic,Calm,english,2.397710204609828
0IjGCAWbmiOht3LndaQuU9,Transitory Life,Homeland,"[""Laurie Anderson""]",2010,Pop,Calm,english,2.113774240877317
6dbHxiGvrAD6LGHsjK3THg,Translation,Split,"[""Songs: Ohia""]",2002,Rock,Calm,english,1.621415354239281
1NovxQpwanrhLWu7wW0oKc,Translucent Carriages,The Wizard Of Is,"[""Pearls Before Swine""]",2004,Rock,Calm,english,1.909790184613548
790OzqyqeRmg6TFEVgKV5F,Translucida,Qntal Vi: Translucida,"[""Qntal""]",2008,Electronic,Calm,english,2.88168224946713
3p3zX0yAAb0TUR2s1o5eJw,Transylvania Overture,Transylvania,"[""Nox Arcana""]",2005,Electronic,Calm,english,2.478870700040796
6U6qZ7WDpPfWSZThXeepLH,Trauma Will Always Linger,Subliminal Genocide,"[""Xasthur""]",2006,Rock,Calm,english,2.728792102703901
1qgbAv7Q5TY5IAEv03FzJ3,Trav'lin' Light,Tony Bennett On Holiday: A Tribute To Billie Holiday,"[""Tony Bennett""]",1997,Jazz,Calm,english,2.598886582958549
7xdGirim1vczmEqbnAvpfD,Treehouse,Walking on a Flashlight Beam,"[""Lunatic Soul""]",2014,Rock,Calm,english,1.9485183436131703
35XIQ3LmRWHx297XN4764n,Treemonisha: Act 3: Wrong Is Never Right,Scott Joplin: Treemonisha,"[""Scott Joplin"", ""Chauncey Packer"", ""Rick Benjamin""]",2011,Jazz,Calm,english,2.718811220564356
54LnVej9MHE9xObmrPW3No,Trees,Dreams and Songs,"[""Oscar Rasbach"", ""Bryn Terfel"", ""Czech Philharmonic"", ""Paul Bateman""]",2018,Classical,Calm,english,2.753260555658672
6jdsqm3Mko0XDbexBVVeRA,Trespassing,http://itstartshear.com,"[""Peter Broderick""]",2012,Classical,Calm,english,1.8470053831231024
3bTbnM2DclA2jjj1UrvVGA,Tricklin',Can Our Love...,"[""Tindersticks""]",2001,Classical,Calm,english,3.3945430893059862
3ixXUbi9IzSHLfgbDqNGNw,Trondheim,Boring Songs for Boring Days,"[""earth moon transit""]",2020,Rock,Calm,english,1.5690859069753578
3ZD1wkVJDQDBwbPcp198Bk,Trouble In Mind,Big Walter Horton With Carey Bell,"[""Big Walter Horton"", ""Carey Bell""]",1972,Blues,Calm,english,2.634717876999765
5kA9MuedtuLNezOkBetPci,Trouble In Mind,The Alligator Records 20th Anniversary Collection,"[""Big Walter Horton""]",2011,Blues,Calm,english,2.402923687984706
0G9OyqgbSVkaiQz39gEY83,Trouble in Your Blood,The Man Upstairs,"[""Robyn Hitchcock""]",2014,Pop,Calm,english,2.865323935956642
4PKOOef3ux2VlzJWpW423F,Truck,Cranberry,"[""Hovvdy""]",2018,Electronic,Calm,english,1.4960165322116274
4IksTHnAayenA45s411Dr1,True Love Ways,20 Golden Greats: Buddy Holly Lives,"[""Buddy Holly""]",1974,Rock,Calm,english,2.75563889810383
7ljPNANyoIDc7sL0PWaJlu,True Love Ways,Gold,"[""Buddy Holly""]",2005,Rock,Calm,english,2.866289100356063
3iI2oKa7cVgjKgtTLuQrAU,True or False,Downstream,"[""Figgy Duff""]",2010,Folk,Calm,english,1.3106953320852883
0ngWGMeJ7cyVqVPBvsiXhc,Truly,Homemade Ship,"[""Rose Melberg""]",2009,Pop,Calm,english,2.6739890667472284
1YvXBuY8Cb8oEjytp14lkT,Trust,Pages,"[""Future Of Forestry""]",2015,Folk,Calm,english,1.754768655500652
4elm5Bj6ysIemlHGcPONFS,Trust - Live in Detroit,Show (Live),"[""The Cure""]",1993,Rock,Calm,english,6.535388069543809
1cUVxIck4dsfMme6OBxXwu,Trying to Explain,Drinking Songs,"[""Matt Elliott""]",2005,Rock,Calm,english,1.6354069647372622
4encVX2xPnhEKi9M34DJJn,Tubular Bells (Theme From The Excorcist),Synthesizer Greatest 1,"[""Mike Oldfield"", ""Star Inc.""]",2013,Rock,Calm,english,2.6786449200787854
5Xdxyy0Vs1Z4DOJQkYL9Ke,Tug on the Line,Undercard,"[""The Extra Lens""]",2010,Folk,Calm,english,1.888457999559899
1lAKQ3UinHrKGCeOP86R4z,Tumble in the Wind (Version 1) (Bonus Track),Fixin' to Die,"[""Jackson C. Frank""]",2014,Folk,Calm,english,2.751320371306546
34qSFxT8IFcFFxd4DrQpE5,Tune Up - Live 1969,Shrine '69,"[""Fleetwood Mac""]",2000,Rock,Calm,english,2.5495548219980417
0qE0bzpcPl3BiOQU0CAwa1,Tuonela,Angerdoom,"[""Talsur""]",2016,Rock,Calm,english,0.8276414444319872
56IUSirXddnj1TqUfgSEvP,Turn Loose The Mermaids - Orchestral Version,Imaginaerum (Tour Edition),"[""Nightwish""]",2012,Rock,Calm,english,1.841542014988124
6mGmmr26OFFTVBywCJDxFS,Turn Your Eyes Upon Jesus,Turn Your Radio On,"[""Bill & Gloria Gaither""]",1993,Country,Calm,english,2.9574315018934403
5Z7H3FalUdMAIdg8h2FZa7,Turn Your Eyes Upon Jesus / Nearer My God To Thee,Elvis On Tour,"[""Elvis Presley""]",2022,Rock,Calm,english,2.468594119407012
6ljDq38fezKduSRyfx02Al,Turning Backs,Lookaftering,"[""Vashti Bunyan""]",2005,Folk,Calm,english,1.1898300455593267
3zDBzVkEAr7sH1LMDQiJcZ,Twin Soliloquies,South Pacific (New Broadway Cast Recording (2008)),"[""Kelli O'Hara"", ""Paulo Szot""]",2008,Classical,Calm,english,2.4253037382196645
2tijMkxWoEiRsHeUFKzMCo,Twinkle - 2016 Remaster,Boys for Pele (Deluxe Edition),"[""Tori Amos""]",1996,Folk,Calm,english,2.461730272631512
7M8xIYfFQgWTI3eHeA2Ln7,"Twinkle, Twinkle, Little Star",Sweet Dreams,"[""Dan Gibson's Solitudes""]",2013,Classical,Calm,english,1.783345258800522
6EbDrK5XpxwIWius1v7pGD,Two Beautiful Swans in a Dirty Lake,"Sorry Monsters, I Have to Grow","[""A Journey Down the Well""]",2009,Rock,Calm,english,2.3696160916742417
3xOP26UrzqRdbQN3mpKbYN,Two Finds Two,Maps,"[""Message To Bears""]",2013,Rock,Calm,english,2.1444043880444723
760rf5a4eSeCfrTK8igZtM,Two For the Road,As Time Goes By,"[""Henry Mancini""]",1992,Pop,Calm,english,1.3856232441813023
2zNuRCResH2IPTBJe2UxrC,Two Hearts,Two Hearts,"[""Valerie June""]",2017,Folk,Calm,english,1.2780794385483374
5oUk1qXeCE355VLhp5Q49E,Two Hearts,The Order Of Time,"[""Valerie June""]",2017,Folk,Calm,english,1.3073810543699036
6Sdoon5G4vUvGadwCufHIB,Two Parents of a Child,The Dusty Mirror,"[""Mark Sheeky""]",2020,Electronic,Calm,english,1.721971516202336
4lxVQd07Hxj739DQZu4Oqo,Two Seater,"A Nice Night for an Evening, Vol. 2","[""Bowling For Soup""]",2019,Pop,Calm,english,1.323771655199636
3q4QdcLZtECFBx2erzix6E,Two Trains,Collected Recordings,"[""Gareth Dickson""]",2013,Folk,Calm,english,1.569801163224942
6heDzuktyPD1y8I1DHIoON,Two Way Diamond I,From Our Living Room To Yours,"[""The American Analog Set""]",1997,Rock,Calm,english,1.59520592482225
4561Aq8qdFREkIHUeW61Kc,Two Way Diamond II,From Our Living Room To Yours,"[""The American Analog Set""]",1997,Rock,Calm,english,1.735119286581703
1RRpNrnbYRRQxCJtODwfYu,Tying Up Loose Ends,Tip of the Sphere,"[""Cass McCombs""]",2019,Classical,Calm,english,1.833943707922144
3FtOV5Y8zGvsPLmjMvL7eE,Tá 'Mé Mo Shuí,Greatest Hits,"[""Clannad""]",2000,Folk,Calm,english,2.4573678476948912
05inz6Lg39wKaMQdEcF4bi,U-1,Bounty,"[""iamamiwhoami""]",2013,Electronic,Calm,english,2.7963161118787587
7gSAPBn9hI4NFqPdiIgyL2,U.F.O.,In Another Land,"[""Larry Norman""]",1976,Rock,Calm,english,1.5869948845691444
2SnyziyeWQVjnYrO1RlJ96,Ugly Boy,Ugly Boy,"[""Michael Seyer""]",2016,Pop,Calm,english,1.5174249467618213
0dLzpkjXlGcuzSiekSCGSE,Unbreakable - From Andrew Lloyd Webber’s “Cinderella”,Best Alternative Pop Tunes,"[""Andrew Lloyd Webber"", ""Carrie Hope Fletcher""]",2022,Classical,Calm,english,2.672936198273703
3HmUz6Dnk7PTfEs6OhJvlN,Unbreakable - From Andrew Lloyd Webber’s “Cinderella”,Best Alternative Pop Tunes,"[""Andrew Lloyd Webber"", ""Carrie Hope Fletcher""]",2022,Classical,Calm,english,2.672936198273703
6UXKlkUVKfTK2lrnuGM3tI,Unbreakable - From Andrew Lloyd Webber’s “Cinderella”,West Coast,"[""Andrew Lloyd Webber"", ""Carrie Hope Fletcher""]",2022,Classical,Calm,english,2.672936198273703
3uyArcBQuF3JCDN61Yqq1F,Unbroken,Beautiful World,"[""Medwyn Goodall""]",2015,Folk,Calm,english,1.9439414202081808
0sucht717nnUh0EG6wBh10,"Unbroken Chain - Live at Soldier Field, Chicago, IL 7/5/2015",Fare Thee Well: 7/5/2015 (Live),"[""Grateful Dead""]",2015,Rock,Calm,english,2.184494435513057
5eILifDtEXnAehWHbHy8g5,Unchained Melody,The Very Best Of John Gary,"[""John Gary""]",1997,Pop,Calm,english,2.7510282999707507
6mTiMe3NwgOrdAcYWnm0kw,Unchained Melody,Come Softly To Me: The Very Best Of The Fleetwoods,"[""The Fleetwoods""]",1993,Pop,Calm,english,2.5633381165518543
7qrQSjcSXFWODMlOfGAAMh,Unchained Melody,Epic Chants,"[""Gregorian""]",2012,Classical,Calm,english,2.284379182020809
50WaomiBtM6wxeClnVqDdv,Unchained Prometheus,Vida - The Play of Change,"[""Imago Mortis""]",2002,Rock,Calm,,0.9238266574906664
6PhmFQeJmAfkeeJnRQdT0k,Under Glass,Hold This Ghost,"[""Mus\u00e9e M\u00e9canique""]",2008,Folk,Calm,english,1.65078875745733
2NjNkyvUvlKWXXqAwC0WPj,Under My Skin,Dark Matter,"[""SPC ECO""]",2015,Rock,Calm,english,2.431024484344568
4bBs07tSkVLzETwbgPlxdl,Under Stars - 2005 Mix,Apollo,"[""Brian Eno""]",1983,Electronic,Calm,english,2.184136269864795
2iOzx4XrUNl9UiS0SdghEQ,Under Stars - Remastered 2019,Apollo: Atmospheres And Soundtracks (Extended Edition),"[""Brian Eno""]",1983,Electronic,Calm,english,1.944588560610912
21QrxBx6kjZzZQ0fjo7yH1,Under the Same Moon,I Hope You're Sitting Down,"[""Lambchop""]",1994,Country,Calm,english,1.613051084476529
2xa5VVXBemVZH1sPkMfFza,Under the Sun,Under the Sun,"[""SPELLLING""]",2019,Pop,Calm,english,1.8422489096757049
5xVepaGkQVjUK8Bx4WhIt5,Underneath The Stars,Eventide,"[""Kate Rusby"", ""VOCES8""]",2014,Folk,Calm,english,2.554084794164521
0P98b9F3vOIrS26m2HbaLr,"Undertale (From ""Undertale"")",Straight from the Underground,"[""Ben Briggs"", ""Dodger"", ""Besso0""]",2016,Electronic,Calm,english,3.69717524573733
4yJvsJ4ZNMfo2wQRo7fm4G,Underwater Secrets,Harry Potter And The Goblet Of Fire (Original Motion Picture Soundtrack),"[""Patrick Doyle""]",2005,Classical,Calm,english,2.542099452383781
5H2Mf22OhaswQNHZwb7q5h,Undone,some kind of peace,"[""\u00d3lafur Arnalds""]",2020,Classical,Calm,english,1.443129435734072
21wfZuMEkvsE58VRHEMUhx,Unearthed,Big Wheel and Others,"[""Cass McCombs""]",2013,Classical,Calm,english,1.3880263799205144
1mwvsYklBcoULluNUZwwSo,"Unexpected Song - From ""Song & Dance""",Greatest Musical Composers: Andrew Lloyd Webber,"[""Michael Crawford"", ""London Symphony Orchestra"", ""Andrew Pryce Jackman""]",2023,Classical,Calm,english,2.894332387771009
0FttRx07gmcLdcHSb0LC1g,Unforgettable,Cole After Midnight,"[""Marcus Roberts Trio""]",2001,Country,Calm,english,1.330834789908239
0wnfbmNAYWtYNBRuguTr4t,Unforgettable,Tone Poems II,"[""David Grisman"", ""Martin Taylor""]",1995,Country,Calm,english,0.9672670283133704
2Uk9J69JbqUsIsinGA6dhT,Unfortunate Love - Orchestral,Unfortunate Love (Orchestral),"[""Hayden Calnin"", ""Harrison Storm""]",2022,Folk,Calm,english,1.7122210406424614
5pmFfNJiRrcLZrcdEh8xD7,Unions,To Carry Alongside,"[""German Error Message""]",2010,Electronic,Calm,english,1.6067263467289123
3LBe3fwLZlMdeVw6jeoXbz,United States Of Credit,Rocket Science,"[""Apoptygma Berzerk""]",2009,Electronic,Calm,english,3.955113762447713
0zMhDHJGvVSTVNtPE8CAqy,Unspoken,Everything and Nothing,"[""Hammock""]",2016,Electronic,Calm,english,1.658609820824312
4W2HY1E9X4r7M4zqLwbkGH,Untamed Region,Blood Bitch,"[""Jenny Hval""]",2016,Pop,Calm,english,2.213605855069593
17Mkg7grmjvxH9qSw9ZRKY,Until,Spirits Having Flown,"[""Bee Gees""]",1979,Pop,Calm,english,2.4332961076388275
2XCUbXJrj1r4hgOlVGHiSc,"Until It's Time For You To Go - Live at Hampton Roads Coliseum, Hampton Roads, VA - April 9, 1972",Elvis On Tour,"[""Elvis Presley""]",2022,Rock,Calm,english,2.8060404445808707
3Bop3i4KZCZqdLBRxbNuOH,Until It's Time For You To Go - Take 5,Elvis Back in Nashville,"[""Elvis Presley""]",2021,Rock,Calm,english,1.1417661630003917
3xahstzELWc2PccxBN7zZV,Until It's Time For You To Go,Elvis Now,"[""Elvis Presley""]",1972,Rock,Calm,english,1.4304056084004542
0MMuxLEeJfMEeDfSxPOh6E,Until the End of the World,The Voice Of Love,"[""Julee Cruise""]",1993,Pop,Calm,english,1.082547998426879
7fpr0QysRhhANsL7Toah2l,Untitled,Sound On Sound,"[""Saturday Looks Good To Me""]",2006,Pop,Calm,english,3.0204747637041773
4aW7aRxz2ziKuJiu1OMftK,Untitled (Late Sun),Late Sun,"[""Kerala Dust""]",2017,Electronic,Calm,english,5.573571368168107
64sG0ToM8wdsQqpB5RP2Xe,Untitled (Late Sun),Late Sun,"[""Kerala Dust""]",2017,Electronic,Calm,english,5.553639348787061
2UKGoyHoaD13S66jFIqA2z,Untitled 2,Weather Systems,"[""Andrew Bird""]",2003,Classical,Calm,english,2.1274650699896664
28ZzjUfPlIYADgprWVX9mm,Untitled-Oct7,Hymns,"[""Teen Suicide""]",2015,Electronic,Calm,english,2.9962448271120534
5Aoi4cvlNHliYeviG0yXi8,Unto Us Is Born a Son,Carols From Trinity,"[""Traditional"", ""The Choir Of Trinity College, Cambridge"", ""Richard Marlow""]",1995,Classical,Calm,english,1.092061369117353
6QXqXOGDewOiSzOOXWOLep,Unto Us Is Born a Son,Music for Christmas,"[""Traditional"", ""The Choir Of Trinity College, Cambridge"", ""Richard Marlow""]",2010,Classical,Calm,english,2.0677418505513945
0HyDYRu2cpHFFpcHo0UJQu,Up In The Air,No Elephants,"[""Lisa Germano""]",2013,Rock,Calm,english,2.661409310955785
0XNOW7KGMLJYMavHXhP3ne,Up in the Pine,Glider,"[""Heather Woods Broderick""]",2015,Electronic,Calm,english,1.6210610984710925
3IeL1kSFTHTDbQOqlesBzK,Upon the Shores of Solitude,Funeral Apocalypse,"[""Stormnatt""]",2005,Rock,Calm,english,2.701625251740102
6L68zi3KPtWEscgQ3hNoVM,Upstairs By a Chinese Lamp,Stoned Soul Picnic: The Best Of Laura Nyro,"[""Laura Nyro""]",1997,Folk,Calm,english,1.1825453829821118
3SJzHTQOaMY0SxoEKLW2Z5,Upward Over the Mountain,The Creek Drank the Cradle,"[""Iron & Wine""]",2002,Folk,Calm,english,1.8701599368040664
7fLBwcH8ixVT0kD5KFqfu7,Upward Over the Mountain,The Creek Drank the Cradle,"[""Iron & Wine""]",2002,Folk,Calm,english,1.8701599368040664
1TKTiKp3zbNgrBH2IwSwIx,Us and Them,The Dark Side of the Moon,"[""Pink Floyd""]",1973,Rock,Calm,english,4.080840159989265
2z5Xkz03mUw9Nu9b4zrQha,Us and Them,Echoes: The Best of Pink Floyd,"[""Pink Floyd""]",2001,Rock,Calm,english,2.298304155159345
4vGRDZJlg9TPDp2RBfioOd,Use Your Imagination,Full Circle,"[""Kinobe""]",2022,Electronic,Calm,english,2.2935870586512785
4p5jjL3Lqw3LtrQQe5Z951,Used to Spend,I Used to Spend So Much Time Alone,"[""Chastity Belt""]",2017,Rock,Calm,english,2.2203673348241284
2zivFZmPs0Dnq1p5c4Lk5n,Utterfly FX,RIP Chrysalis,"[""Eartheater""]",2015,Pop,Calm,english,2.102489475452285
35zpB6BV2DW8jpMNAGOHVR,V,Who You Are Is Not Enough,"[""Athletics""]",2014,Rock,Calm,english,0.8395472734602519
3APK3lsgLDDDObVNOLEaR1,V.I.P.,"It's the Big Joyous Celebration, Let's Stir the Honeypot","[""Teen Suicide""]",2016,Electronic,Calm,english,2.178810328096273
585lsjytbxjZgoAg5sDor7,VOI_DO,LP5,"[""Apparat""]",2019,Electronic,Calm,english,1.84456078180711
6yPYdOfxEbfI9FefDkHWVr,Val Jester,Alligator,"[""The National""]",2005,Rock,Calm,english,1.7794665308799735
3YMZwiZlmuaGhWl3diUc3e,Valley of the Silver Moon,Gentle Spirit,"[""Jonathan Wilson""]",2011,Rock,Calm,english,1.7427208045629765
1pnLt8bLaRMBcK50j12hjC,Vanquisher,Journey On: Collected Singles,"[""Songs: Ohia""]",2014,Rock,Calm,english,2.0178746451195497
0DGKpZbzbWEGbHtO0slOCA,Vantablack,Heiress,"[""Novo Amor"", ""Lowswimmer""]",2017,Electronic,Calm,english,1.7697045039931931
47JKSnbM992KC8rZ2wph0e,Vapor Trails,A I A: Alien Observer,"[""Grouper""]",2011,Rock,Calm,english,1.9171305524698283
1hpgizF6WvDRz2Kf73amCF,Vapour - Acoustic,Aleah,"[""Aleah""]",2020,Rock,Calm,english,1.164492690226009
3xpqquvGiUIeyVLewUwJiS,Vargtimmen,∆AIMON,"[""\u2206aimon""]",2013,Electronic,Calm,english,5.508529635550098
4PKvXV2yZ6za0aTJrnHTzM,"Vaughan Williams: Come Down, O Love Divine",Best Loved Hymns,"[""Choir of King's College, Cambridge"", ""Benjamin Bayl"", ""Sioned Williams"", ""Tom Williamson""]",2001,Classical,Calm,english,2.708400841786272
4p8Isusr2gltXaVJ6r6w6m,Veil Of Elphame,Fairy HeartMagic,"[""Gary Stadler with Stephannie""]",2000,Folk,Calm,english,2.258925137798511
2oaO0cuDusv39HzIbgr1vC,Veil of Darkness,Serotonin II,"[""yeule""]",2019,Pop,Calm,english,1.8019234864838864
53BrzXg9h1hWhRUM9svCGi,Veil of Darkness,Serotonin II,"[""yeule""]",2019,Pop,Calm,english,1.744521892022009
3nt4XeYhehMYEmqRjnllIA,"Veni, Veni Emmanuel",Libera: The Christmas Album (Standard Edition),"[""Libera"", ""Robert Prizeman""]",2011,Classical,Calm,english,3.263747527695815
14EMkYvQQ3E7gI8MFc9bFd,Venus,Talkie Walkie,"[""Air""]",2004,Electronic,Calm,english,2.140234205868562
7FCiDC7ojdm19CJePq6QAe,Vera,The Wall,"[""Pink Floyd""]",1979,Rock,Calm,english,4.691651569615639
5babPm1ZUOxevp7LVtk5R9,Verdi Cries,In My Tribe,"[""10,000 Maniacs""]",1987,Pop,Calm,english,2.3129469850666977
3bnVHAjQmNa1ztB5lGDWSF,Verdi: Messa da Requiem - 2. Dies irae,Epic & Dramatic,"[""Giuseppe Verdi"", ""Berliner Philharmoniker"", ""Carlo Maria Giulini"", ""Ernst Senff Chor""]",2016,Classical,Calm,english,1.8840539994641647
61dATjRNYvm5oUjdTsR1u8,Verdilac,Full Circle,"[""The Doors""]",1972,Rock,Calm,english,2.1284128888093536
0ExAxjtiWBYzIzIIBroJfD,Versailles,Nautical Antiques,"[""Pinback""]",2006,Rock,Calm,english,1.986771519941948
1AQZ5w3c09DMg2s3V2KTQl,Viaticum - Live,Live in London,"[""Esbj\u00f6rn Svensson Trio""]",2018,Jazz,Calm,english,4.20025779202219
5i4lF17p1RZth6TVMh9tCK,"Victim or the Crime - Live at Boston Garden, September 25, 1991","Dick's Picks Vol. 17: Boston Garden, Boston, MA 9/25/91","[""Grateful Dead""]",2000,Rock,Calm,english,1.284387161392578
3uxhyRdWVXp7GQvERQl6fA,Videotape,In Rainbows,"[""Radiohead""]",2007,Rock,Calm,english,2.2493933391783894
4T1iiabe7G0UjWQJCY6NE2,Videotape,In Rainbows,"[""Radiohead""]",2007,Rock,Calm,english,2.2979292658589534
7yWePLr0s5nsorIGKONnD7,Vidi Aquam,I Must Find You,"[""Young Oceans""]",2014,Folk,Calm,english,1.7643189906072765
1cXKvVWM24YaLlM5DzrPy4,Viens Mallika Sous Le Dome Edais From Lakme,True Romance (Original Motion Picture Soundtrack),"[""Howard Blake""]",1993,Pop,Calm,english,2.365347222605677
1gpMHL0b9YDbXKFpOgTmmZ,Vigil,Shadows of the Sun,"[""Ulver""]",2007,Rock,Calm,english,2.700877872837168
3BSfICHWHwmauieJmSRsiM,Vikings Attack,The Vikings V (Music from the TV Series),"[""Trevor Morris""]",2019,Classical,Calm,english,2.5086718418219744
75iEncMCKw6aZvUWyZqxO4,Vikings Attack,The Vikings (Music from the TV Series),"[""Trevor Morris""]",2013,Classical,Calm,english,2.1759136585067296
6PMQ0lgaKI5L0JFgjKC9xS,Vincent,Tell Me I'm Not Dreamin',"[""Sara K.""]",1995,Jazz,Calm,english,3.2100260457873904
6F2i9KIbmMGPTxFqCNs012,Violence,Air,"[""Astronoid""]",2016,Rock,Calm,english,2.446924302618523
1eS3gZk4TUKY8FFsSVnrur,Violent Rain,Grave of a Dog,"[""Sightless Pit""]",2020,Rock,Calm,english,2.661863882876028
2S9hOBhb4qw5IXLRDxGwqG,"Violin Concerto in E-Flat Major, RV 262: I. Allegro","Vivaldi: Dresden Concertos, Vol. 3","[""Antonio Vivaldi"", ""Marco Fornaciari"", ""Accademia I Filarmonici"", ""Alberto Martini""]",1997,Classical,Calm,english,1.3511761213358748
1OUqAexO38P63H9wPt7Qz7,Virginia,Ballads of Living and Dying,"[""Marissa Nadler""]",2004,Electronic,Calm,english,2.5706163922094
5N3rW3s7zDsbSxLV3ERubK,Visions,The Window,"[""C\u00e9cile McLorin Salvant""]",2018,Jazz,Calm,english,2.519757503069067
0SUDiaR0qm30fXVGPjPvRp,Visions of Gideon,Call Me By Your Name (Original Motion Picture Soundtrack),"[""Sufjan Stevens""]",2017,Classical,Calm,english,1.746026464908084
5c9qm0bMYawSyRNUTmUMs5,Visions of Gideon,Call Me by Your Name (Original Motion Picture Soundtrack),"[""Sufjan Stevens""]",2017,Classical,Calm,english,1.746026464908084
4BzmSQYR6wYkjG894IMfdd,Vital,The Man Who Died in His Boat,"[""Grouper""]",2013,Rock,Calm,english,1.4426232936392351
2s1f4ivMZMIbJpULPzDSfV,Viva la Vida (Arr. G. Anderson and e. J. Roe),When Words Fade (Night Songs for Piano Duo),"[""Anderson & Roe""]",2011,Classical,Calm,english,1.6421552103602683
1X0FyvSwh0u5U3ayJaXm9h,Vivaldi's Song,Burchfield Nines,"[""Michael Franks""]",1978,Jazz,Calm,english,2.345404349009917
3pg69ftpsRNgEJauh1Ifw3,"Vivre Et Mourir (From ""Mary, Queen of Scots"")",John Barry: The Collection - 40 Years Of Film Music,"[""The City of Prague Philharmonic Orchestra""]",2001,Classical,Calm,english,1.810055315380052
5jFzey12ypRQK1ZZkjl8HP,"Vivre Et Mourir (From ""Mary, Queen of Scots"")",The Lion In Winter,"[""The City of Prague Philharmonic Orchestra""]",2001,Classical,Calm,english,1.810055315380052
5xuWtMHxgPwP9fDTfMCBNC,Við Vorum Smá… - Dyad 1909 Version,Dyad 1909,"[""\u00d3lafur Arnalds""]",2009,Classical,Calm,english,2.678558029414537
7EBeysMNA7gjM5P9mL6NWe,Voice in Headphones,Dawn,"[""Mount Eerie""]",2008,Folk,Calm,english,2.428452290531332
3mMSjYLAFPVhZfmv2iaPe4,Voices,Made To Love Magic,"[""Nick Drake""]",2004,Folk,Calm,english,3.624912797764418
1FkDEzD9aznHmQR6rWW1yG,Vol. Two: Jazz Tunes / Caravan,Songs Without Words,"[""Fred Hersch""]",2001,Jazz,Calm,english,2.3449310976495608
5TqmTkrVMttsx9nDXVzbsj,Vol. Two: Jazz Tunes / Mood Indigo,Songs Without Words,"[""Fred Hersch""]",2001,Jazz,Calm,english,1.425033280980481
0zr8XKqtZ5E3SkDffxWx9o,Voyage,Voyage,"[""Youn Sun Nah"", ""Lars Danielsson"", ""Ulf Wakenius"", ""Mathias Eick""]",2009,Jazz,Calm,english,2.4923389766380946
3fTBhwRN3TNlC7pBBSXSy6,WHEN U COME AROUND,VISCERAL LOVE,"[""Spencer.""]",2018,Pop,Calm,english,5.950604822386155
1X8YgRhzbdXb1vZNLUTn9g,WHY AM I STILL IN LA (feat. Shlohmo & D33J),BALLADS 1,"[""Joji"", ""D33J"", ""Shlohmo""]",2018,Electronic,Calm,english,1.4748704419842604
6x0FmtWpS0FzPZoGuxmF9z,"Wachet auf, ruft uns die Stimme, BWV 140: Sleepers Awake",Classical Garden,"[""Johann Sebastian Bach"", ""Dan Gibson's Solitudes""]",2013,Classical,Calm,english,2.047610389578327
72vdux2aW6a1EBRdZoUpXi,Wade in the Water,Dr. John Plays Mac Rebennack The Legendary Sessions V. 1,"[""Dr. John""]",2002,Blues,Calm,english,1.3609496755453714
4GpjJDttvomWcTka76f4E1,"Wade: O Come, All Ye Faithful (Adeste Fideles)",Die 100 schönsten Weihnachtslieder,"[""Anonymous"", ""Choir of King's College, Cambridge"", ""The Philip Jones Brass Ensemble"", ""Ian Hare"", ""Sir David Willcocks""]",2011,Classical,Calm,english,3.061195104897037
0U47nFpuDPWCLuKM8eVcDc,Wages of Love (Rehearsal),The Wailing Wailers at Studio One,"[""Bob Marley & The Wailers""]",1994,Folk,Calm,english,2.939609017550654
7jil7uT4Xcxk21S1WL9WgA,Wait,Pipe Dreams,"[""Whirr""]",2012,Rock,Calm,english,3.070740590012756
78mtCAEloSALZNWeOuu3L0,Wait For Now - Mary Lattimore Rework,To Believe (Remixes),"[""The Cinematic Orchestra"", ""Tawiah"", ""Mary Lattimore""]",2020,Electronic,Calm,english,1.615203778078261
0eptKHse0Nyw7RTb1kKHSn,Wait Forever,Blonder Tongue Audio Baton,"[""Swirlies""]",1993,Rock,Calm,english,4.525147201168467
57sWPb8QyveulvwgZODkxd,Wait for the Lord,Laudamus Te,"[""Taiz\u00e9""]",2017,Classical,Calm,english,2.059523614142076
3GZyVsUPAoC57Qk9lQi1jv,Waiting,Lento,"[""Youn Sun Nah"", ""Lars Danielsson""]",2013,Jazz,Calm,english,2.0213795588774817
5yjKdrLYedSjmPfInF0z4k,Waiting 4 Stars 2 Fall - Digitally Remastered 1999,Nouveau Flamenco (1990-2000 Special Tenth Anniversary Edition),"[""Ottmar Liebert"", ""Stefan Liebert"", ""Jon Gagan"", ""Gary Lyons""]",2000,Folk,Calm,english,1.3360814234893763
6P6G8F73kJLZrWj8P6EKjv,Waiting For The Moon,Waiting for the Moon,"[""Tindersticks""]",2003,Classical,Calm,english,1.6137686934202176
1LheLUeTe3sw5HrC0xcSHc,Waiting For You,Acoustic Heart: The Passion And Romance Of Acoustic Guitar Masters,"[""Lee Ritenour""]",2004,Jazz,Calm,english,0.92793711192817
5f4kb2jILAdZJNy6S8EVWH,Waiting For You,Acoustic Heart: The Passion And Romance Of Acoustic Guitar Masters,"[""Lee Ritenour""]",2005,Jazz,Calm,english,0.9284505175913372
4kPLRUDjOzOg73jEgxzlAp,Walk With Me,Ghost Of David,"[""Damien Jurado""]",2000,Folk,Calm,english,2.4686524823072564
0MTwAiGByqUhrTp6MmhrZr,Walking Clouds,On The Ellipse,"[""Bardo Pond""]",2003,Rock,Calm,,1.573397662673614
4yOGOhew2VrNAIcFerXpMD,Walking Down the Line,Playing God,"[""Isgaard""]",2012,Folk,Calm,english,2.000085071368026
22ye8LfnpDzHvF9D0f3qtO,"Walking In The Air - From ""The Snowman""",A Great British Christmas,"[""Gareth Malone"", ""Gareth Malone's Voices"", ""Catrin Finch"", ""Royal Philharmonic Orchestra""]",2016,Classical,Calm,english,1.772244735171333
0ClJeUJbZRo3XVTAYoX4bX,Walking Like Shadow,How I Devoured Apocalypse Balloon - Disc one,"[""Current 93""]",2005,Rock,Calm,english,5.021277826857945
5Os6DoqgRxMXz4ZMvSyoLX,Walking The Cow,Hi How Are You,"[""Daniel Johnston""]",1983,Folk,Calm,english,3.5385507852455627
0ZtIV9WCDogItSWcm83Lmm,Walking With Jesus - demo version,Walking With Jesus,"[""Spacemen 3""]",2003,Rock,Calm,english,3.5539215252975684
16Tq5k2t9XaxWAvICDscHM,Walking in the Air,A Capella Christmas Favourites,"[""The Swingle Singers""]",2018,Jazz,Calm,english,2.2836783685596176
4WW04QopHbieoXw3y0JV0a,Wallowa Lake Monster,Wallowa Lake Monster,"[""Sufjan Stevens""]",2017,Classical,Calm,english,1.205533183771263
79ui4YL9awryb25pRruEDG,Wallowa Lake Monster,The Greatest Gift,"[""Sufjan Stevens""]",2017,Classical,Calm,english,1.1175454748641431
4JWqi9n3uB0vUnnfNxD5y1,Walrus,Houses of the Molé,"[""Ministry""]",2004,Rock,Calm,,2.236581275289186
6LgOF4RKWX3rGp6R96EYDc,Waltzing off the Face of the Earth (II. Piangevole),Nothing is True & Everything is Possible,"[""Enter Shikari""]",2020,Rock,Calm,english,2.315555275912924
6sAhHrQ2pkYPtv2IV5s6ce,Wanderlust,More Than Animals,"[""Mark Stoney""]",2014,Folk,Calm,english,2.0928595685406783
5JDIXfiWDdytCj9k0P7D0f,Wanna Know,Wanna Know,"[""Idealism""]",2017,Electronic,Calm,english,3.706774865253714
73EgSbxRkyXOU3Kj5RGJO1,Wanna Know,Wanna Know,"[""Idealism""]",2017,Electronic,Calm,english,3.706774865253714
6hNYea7p4awylhykHtSopq,Wanting Memories,That Eternal Day,"[""Cantus""]",2010,Classical,Calm,english,2.609572987793136
6pDqhuoqpWbhLbLz9keQZO,Warm (When The Sun Has Died),WARM,"[""Jeff Tweedy""]",2018,Country,Calm,english,1.6642209632746587
61GKwfY9SlivF0OALGCd4O,Warm Shadow (Dactyl Remix) - The Walking Dead Soundtrack,The Walking Dead (AMC’s Original Soundtrack – Vol. 1),"[""Fink""]",2013,Folk,Calm,english,1.4291923774030937
5iIIEmG8kFfsTMHvn2lNMp,Warm Waters,iii,"[""Milosh""]",2008,Electronic,Calm,english,2.5002890513887333
3j4wL8CiQeGMxsWxv9L3TW,Warm but Empty,Quietly,"[""Planning For Burial""]",2016,Rock,Calm,english,1.2660353274784837
42wkB1FlzlzZ4S1YVn4ooC,Warning of a Storm,As The Crow Flies,"[""Steve Von Till""]",2000,Rock,Calm,english,2.1578216506210577
3R0jMlEvot7UYLeulRfl8E,Warsh_Tippy and Zelda,Grade Pending,"[""Whatever, Dad""]",2015,Electronic,Calm,english,1.6573539094957874
3jONVnCbgVkVCNocvE07ZE,Warsh_Tippy and Zelda,Grade Pending,"[""Whatever, Dad""]",2015,Electronic,Calm,english,1.6573396907762763
2QnTRjAhtkRABPNkv4ibiq,Wash It All Away,Falling in Love With Sadness,"[""Emika""]",2018,Electronic,Calm,english,2.025966820779955
7jnKoJHxdjjjQGqbkgyRPH,Wash Me Clean,Peace to All Who Enter Here,"[""Josh Garrels""]",2020,Folk,Calm,english,2.1033255467168908
1o6heh4aefLv3GJYjtfLa6,Washed Away,Raven,"[""Kelela""]",2023,Pop,Calm,english,2.762519922477871
3QkTIg9pFStcRvsC3SA10t,Washer,Spiderland,"[""Slint""]",1991,Rock,Calm,english,1.7150113489875871
5n2y8yDjXMpabbXfiHlV8X,Washer - Remastered,Spiderland (remastered),"[""Slint""]",2014,Rock,Calm,english,1.497049543671507
790d1Wntb6EcFwTf2wewWR,Wasted We Stared at the Ceiling,Everything and Nothing,"[""Hammock""]",2016,Electronic,Calm,english,2.0702644395681604
6o3F8pYtmtWv8Cz0Yw5Yye,Wastrel,12th House Rock,"[""Narrow Head""]",2020,Rock,Calm,english,0.9893574416200516
66iqRNVwCbLyYe9ZqkC5s2,Water,"New Me, Same Us","[""Little Dragon""]",2020,Electronic,Calm,english,3.7371639918028494
0yVxhYqGFfwGeZRyqUERWx,Water From A Vine Leaf,Strange Cargo 3,"[""William Orbit""]",1993,Electronic,Calm,english,2.752921133165793
7nQCdidSOhppO1VSvqnuG0,"Water Music, HWV 348-350: VI. Air",Classical Garden,"[""George Frideric Handel"", ""Dan Gibson's Solitudes""]",2013,Classical,Calm,english,2.674806854962419
5w0L0SdyLv7BK8hXctiHhm,Whitacre: Water Night,Light & Gold,"[""Eric Whitacre"", ""Eric Whitacre Singers""]",2010,Classical,Calm,english,3.0831919390636235
6OsmdpSSW9iTW0PaLTCrAr,Water Night - For Strings,Water Night,"[""Eric Whitacre"", ""London Symphony Orchestra""]",2012,Classical,Calm,english,2.451860858606038
3ftDos2bCDw9AUG4sbNVvi,Water Run,Nautical Antiques,"[""Pinback""]",2006,Rock,Calm,english,1.5638720167282885
5j1bw1PSsrJl6k0rm1K5Kq,Water Song,Going Somewhere,"[""Colin Hay""]",2000,Electronic,Calm,english,2.652115012321859
253tDZt7RTF756LV552cVH,Waterlow,The Ballad Of Mott: A Retrospective,"[""Mott The Hoople""]",1972,Rock,Calm,english,3.0170009034330856
3XlyPl3AQfr80s701JGH6W,Waters of Loss,Tormented,"[""Talsur""]",2018,Rock,Calm,english,1.6735249988596947
0pSF7WgfHsAVeXW6fP4J9r,Wave,Wave,"[""Patti Smith""]",1979,Rock,Calm,english,2.57392021747924
1T8BchEmw6bgBvXhmo7oPl,Wave,CTI: The Master Collection,"[""Paul Desmond""]",2002,Jazz,Calm,english,2.498931176584223
74WrcYUQjTFhOecnV2ZwVo,Wave,Bossa Nova - This Is Jazz # 29,"[""Paul Desmond""]",1997,Jazz,Calm,english,2.6359867648497817
7cGbVBlWzR1pTpRDLnJ7vQ,Wave - Version,Camphor,"[""David Sylvian""]",2002,Pop,Calm,english,1.037949122216259
44WNJu5CIs9bsHxMWkBwJy,Waving At the Aeroplanes,Curse,"[""The Legendary Pink Dots""]",1983,Rock,Calm,english,2.103018567877447
61AfucjSyg7qRDiiUvniCv,Wax and Feathers,All the King's Horses,"[""The Legendary Pink Dots""]",2002,Rock,Calm,english,1.541460404182038
3IscB1smn2cHzKfp1hHPp7,Way Over in Beulah Lan',Endless Light,"[""The Wartburg Choir"", ""Lee Nelson""]",2013,Classical,Calm,english,2.477900708654736
2vgsR4fSm8cxNxvmZeFxkg,Way We Were,Parallels,"[""Nosaj Thing"", ""Zuri Marley""]",2017,Electronic,Calm,english,1.7039511499614626
7v3MIUKIt5TApInmIs1uFi,Wayne's World,Indianapolis Intergalactic Spaceport,"[""BeebleBrox""]",1997,Electronic,Calm,english,1.5729704494855277
4FSVjyBppXvwdeNijV73Nh,We Accept the Love We Think We Deserve,We Accept the Love We Think We Deserve,"[""Beow\u00fclf""]",2018,Electronic,Calm,english,2.3074021345199363
6Oilt8g4q2yEkEQbNfcyxM,We Accept the Love We Think We Deserve,We Accept the Love We Think We Deserve,"[""Beow\u00fclf""]",2018,Electronic,Calm,english,2.3371667768328352
5LkBBCtkPRti0BBuqwIqB0,We All Fall,As The Crow Flies,"[""Steve Von Till""]",2000,Rock,Calm,english,2.530026305969917
2kgxYag8woDOgxFIrkGyYc,We Are Born When We Die,Shall Noise Upon,"[""Apollo Sunshine""]",2008,Rock,Calm,english,1.9165609113169468
6mG4bXq2Vpa03136i1H8e7,We Are the Dead,Perdition City,"[""Ulver""]",2000,Rock,Calm,english,6.511463136584702
1km6B8aCzfTcPDIr2jPhHC,"We Bid You Goodnight - Live at Salt Palace, Salt Lake City, UT, February 28, 1973","Dick's Picks Vol. 28: Pershing Municipal Auditorium, Lincoln, NE 2/26/73 / Salt Palace, Salt Lake City, UT 2/28/73 (Live)","[""Grateful Dead""]",2003,Rock,Calm,english,5.5765352702021325
0czOy9mc1cGNP9flHcF85Z,We Dance,Drinking From Puddles: A Radio History,"[""Cat Power""]",1999,Rock,Calm,english,1.1749873398033757
3Hwn54NMqMkq2d5Ec3BxeS,We Do Not Belong Together,Sunday in the Park with George (Original Broadway Cast Recording),"[""Bernadette Peters"", ""Mandy Patinkin""]",1984,Classical,Calm,english,2.450343017923218
43oXWKNVaf3nh2h0f1H5RE,We Dream Like Lions,Atavist (Deluxe Version),"[""Otep""]",2011,Rock,Calm,english,1.8882738255159663
4BSKjLRsx5ZL2EqjjGlm2Z,We Feel the End,A Dawn to Fear,"[""Cult Of Luna""]",2019,Rock,Calm,english,2.502904079729009
73Nne9WZCMclSx8j6H4fVW,We Gather Together (Arr. S. Paulus),Harvest Home,"[""Anonymous"", ""Dale Warland Singers"", ""Dale Warland""]",2010,Classical,Calm,english,2.7207643432183537
502HBUh8uDgSlY9oyFkF5g,We Go Through Changes,The Essential Emotions - The Columbia Years,"[""The Emotions""]",2018,Pop,Calm,english,2.670105901747416
5NFZLpFoP4fVWjmc007A5k,We Have A Map Of The Piano,Finally We Are No One,"[""m\u00fam""]",2002,Rock,Calm,english,2.25534095692893
0xzQc39XqEMHKdqrFKGG0k,We Have Seen the Enemy,Zopilote Machine,"[""The Mountain Goats""]",2005,Folk,Calm,english,2.2503081989488143
4BLXtLRfhp6GFT9M6aa4Kd,We Have a Map of the Piano,Finally We Are No One,"[""m\u00fam""]",2002,Rock,Calm,english,2.2432076075372924
3t1Mtv7r7NtGMWiO9NMaIT,"We Kiss In A Shadow - from ""The King And I""",Frank Sinatra Sings Rodgers & Hammerstein,"[""Frank Sinatra""]",1996,Jazz,Calm,english,3.4280121885210515
4yWd80KUbRs8nuv8MocOa5,We Let It In,FOREVERANDEVERNOMORE,"[""Brian Eno""]",2022,Electronic,Calm,english,2.300432132630837
7rquWT9M2z66lDzpBQt4QC,We Shall Fare Well,Doctor Who: Series 4-The Specials (Doctor Who Series 4 - The Specials),"[""Murray Gold""]",2010,Classical,Calm,english,2.5897169071017725
20pDvSyvSmYnj1kgmtQ0mR,We Three Kings,Christmas Celebration,"[""Stephen Anthony Hopkins"", ""Winchester Cathedral Choir"", ""David Hill""]",1990,Classical,Calm,english,2.511882811580352
7rUpdCI6DJKQHmifqFb2Y4,We Three Kings,"Ave Maria, Christmas Favorites","[""John Henry Hopkins"", ""Robert Shaw Chorale"", ""Robert Shaw""]",1990,Classical,Calm,english,2.382142759986194
6BdEXPkaAc1coBgC3ThC7B,We Who Fell in Love with the Sea,Flowers from Exile,"[""ROME""]",2009,Classical,Calm,english,2.6147019636789546
1BhG5A0vwjPmvry84vHvbA,We Wish You A Merry Christmas/It's Just Another New Year's Eve,Because It's Christmas,"[""Barry Manilow""]",1990,Pop,Calm,english,2.383075836246553
4nRQ0WzHxHxqmdEPr9AgYd,We fade away,Welcome oblivion,"[""How To Destroy Angels""]",2013,Rock,Calm,english,2.282242899635032
72UETQ9vNE7RAFaIpTo4Ph,We'll Meet Again,16 Most Requested Songs,"[""Kate Smith""]",1991,Pop,Calm,english,2.96289624991286
1jAVVr5Io2r7nBXNEifqL0,We're All The Way,Slowhand 35th Anniversary (Super Deluxe),"[""Eric Clapton""]",1977,Blues,Calm,english,2.396645214458582
2KuE1LUjx4DE76V2Iiwq76,We're All The Way,Slowhand 35th Anniversary,"[""Eric Clapton""]",1977,Blues,Calm,english,2.409534355682971
2YVUybKmCcLOMcONVBf1yF,We're Fighting Again,I Clung to You Hoping We'd Both Drown,"[""Flatsound""]",2011,Rock,Calm,english,2.003814253259185
4d8nrax1XUV26iOn5ip63K,We're Going to Nowhere,Mel,"[""East River Pipe""]",1996,Pop,Calm,english,2.4026898802733703
2RCaDbgmfL6xge4jEZYwV6,We're an American Band,I Can Hear The Heart Beating As One,"[""Yo La Tengo""]",1997,Pop,Calm,english,2.963369372884132
1rRnE5IhXtrQKSwU1eK756,We've All Gone to Sleep,Dragging a Dead Deer Up a Hill,"[""Grouper""]",2008,Rock,Calm,english,2.3117516196975387
5IhBtdSKf8gGdiCUtgruA3,"We've Both Changed - From ""Brave""/Score",Brave,"[""Patrick Doyle""]",2012,Classical,Calm,english,2.7958019393371747
17ImyzN6r4ooPSJuOvnNjx,We've Only Just Begun,16 Most Requested Songs,"[""Ray Conniff""]",1986,Classical,Calm,english,1.5142320326630705
5c1Fu2ETbvOhMV9NL3UkS5,Weakness,Damnation,"[""Opeth""]",2003,Rock,Calm,english,1.0139916661338786
4MZx3WVkRQCNRZS20OOX6u,Weakness Leaving My Heart,Of Truth and Sacrifice,"[""Heaven Shall Burn""]",2020,Rock,Calm,english,3.1204078196465743
4mB4oPqwMqj2wjojwjqAMh,Weakness Leaving My Heart,Weakness Leaving My Heart,"[""Heaven Shall Burn""]",2020,Rock,Calm,english,3.1204078196465743
3zxgN1ON3BkHSK8OIoTxr2,Wealth - 1997 Remaster,Spirit of Eden,"[""Talk Talk""]",1988,Pop,Calm,english,2.600363934131923
2gC2bNBoCIgIaFlFmCkpKd,Weary Memory,The Creek Drank the Cradle,"[""Iron & Wine""]",2002,Folk,Calm,english,1.9483876322401965
36oBO2Aq8ZFOxRiwdW2Hkz,Weather Report,The Golden Band,"[""The American Analog Set""]",1999,Rock,Calm,english,1.639634528607519
6BfwTqCKWHLElC01yQROAU,Wednesday - Piano & A Microphone 1983 Version,Piano & A Microphone 1983,"[""Prince""]",2018,R&B,Calm,english,1.981916727129376
5KQu0It01AFKvms9sjsXCQ,Weep No more,Salve Regina,"[""David N. Childs""]",2001,Classical,Calm,english,1.947662012136516
010A2nWwmIeu01ZLHoMDUU,Weep You No More Sad Fountains,Sense & Sensibility - Original Motion Picture Soundtrack,"[""Jane Eaglen"", ""Patrick Doyle""]",1995,Classical,Calm,english,2.221399394841729
2ehuOaAre8vsIwMoWl7Kik,Weightless & Horizontal,Conqueror,"[""Jesu""]",2007,Rock,Calm,english,3.855185515340741
01v7257Ni7GFcgA6KmQZnW,Weird Creatures,Similes,"[""Eluvium""]",2010,Rock,Calm,english,1.0566066571579054
6FdfqH9rW7BxWaXA7HPsGM,Weird Creatures,Similes,"[""Eluvium""]",2010,Rock,Calm,english,1.0575028961036037
6BNAtfyAWdQYWYo4CyEVzF,Welcome,Age of Aquarius,"[""Villagers of Ioannina City""]",2019,Rock,Calm,english,1.4146252608223993
3H7jSOiulVkNnQUcUfsQaJ,Welcome Home,Ixlandia,"[""Jonn Serrie""]",2002,Electronic,Calm,english,2.952184374413436
6On9op2QfTsb9C0cqXHsT4,Welcome To The End,Celldweller (Deluxe Edition),"[""Celldweller""]",2003,Rock,Calm,english,2.8765086165561464
19ASFmjeJoa5fQ1iP9ovzB,Welcome to Last Year,If They Move...Kill Them,"[""Fairweather""]",2001,Rock,Calm,english,1.7359892184141967
0XCCxeITnBsZ63tqlYZ0O8,Welcome to Macabria,Nightbreed of Macabria,"[""Theatres Des Vampires""]",2004,Rock,Calm,english,3.0762371536584165
57oLyKb86OabLPNrpRsNUw,"Welcome to My World - Live at The Honolulu International Center, Hawaii January 14, 1973",Aloha from Hawaii via Satellite (Legacy Edition),"[""Elvis Presley""]",1973,Rock,Calm,english,5.366364254500419
0pnXuwRU1YXBooL6Hc4pv3,Welcome to My World - Live at the Honolulu International Center,Aloha from Hawaii Via Satellite (Live),"[""Elvis Presley""]",1973,Rock,Calm,english,5.3283300228539945
5pQSgMZakSrCg5EsjhMXRq,Well May the World Go,Banks of Marble,"[""Pete Seeger""]",1974,Folk,Calm,english,3.245718729946367
5jZKQlmx8ovQLd1bcJwdHE,Welsh Carol,A Merry Little Christmas,"[""Linda Ronstadt""]",2000,Country,Calm,english,2.039614288858872
4k7mwgSb0jaVcYmdsRu5KG,Were You There When They Crucified My Lord,Grace,"[""Traditional"", ""Robert Sadin""]",1997,Pop,Calm,english,2.775335786409848
6qK8Mk11NcnSOsRGy4Kidi,West Side Story (Original Broadway Cast): Act I: Maria - 2017 Remastered Version,West Side Story Original Broadway Cast (Remastered),"[""Leonard Bernstein"", ""Original Broadway Cast of West Side Story"", ""Larry Kert"", ""Max Goberman""]",2018,Classical,Calm,english,2.6823411153505856
2IJqcGqzGmW4QICu7AA42R,West Side Story: XIIId. Somewhere,Bernstein: West Side Story - Highlights,"[""Leonard Bernstein"", ""Marilyn Horne"", ""Leonard Bernstein Orchestra""]",1985,Classical,Calm,english,3.2014789836012514
4P4IVwJkgmSIwqnEGlqntc,"West Side Story: Act II: One Hand, One Heart",West Side Story (Original Motion Picture Soundtrack),"[""Leonard Bernstein"", ""Jim Bryant"", ""Marni Nixon"", ""West Side Story Orchestra"", ""Johnny Green""]",2012,Classical,Calm,english,2.633817081177827
6XdOqjgAN2mOqKaJLpqX4A,"West Side Story: Act II: One Hand, One Heart",West Side Story,"[""Leonard Bernstein"", ""Jim Bryant"", ""Marni Nixon"", ""West Side Story Orchestra"", ""Johnny Green""]",2007,Classical,Calm,english,3.15586179307214
1n7kXL9wiVeoY3vsBvYmq4,Western Horn,Terrestrials,"[""sunn O)))"", ""Ulver""]",2014,Rock,Calm,english,3.193486197002792
15BsNMDMeokJLkWF5OSuqj,Westward Bound,Mark Hollis,"[""Mark Hollis""]",1998,Rock,Calm,english,2.524089318709404
75h3p5WWo4XvNEPX1YqJB8,Wexford Mummer's Song,Irish Traditional Folk Songs,"[""Mary O'Hara""]",2006,Folk,Calm,english,3.678238982544504
59OLFGlouL5OlvCZ8JVP1s,Weymouth,Weymouth,"[""The Macrobats""]",2019,Pop,Calm,english,1.551886301446245
6JxeeCjNMXrKquxSqviMzD,We’re Dumb,Chapters of Zdenka,"[""Salami Rose Joe Louis""]",2020,Pop,Calm,english,2.0939029802691
2I0NaTVfoSvP5ugLNYiX2J,What A Wonderful World,Looking Back,"[""Eddy Arnold""]",2002,Country,Calm,english,1.9267148496082915
2B57GzeBdpWWO8ykrVxra3,What Am I Going To Do (With Everything I Know),What Am I Going To Do With Everything I Know,"[""The Weather Station""]",2015,Folk,Calm,english,1.3442033383473893
3PgtviT8KwetDW77tdKXvE,What Am I Going to Do (with Everything I Know),What Am I Going to Do with Everything I Know,"[""The Weather Station""]",2014,Folk,Calm,english,1.16296786274942
1e2igt7bQ7PM98fdPtvSN7,What Are You Doing The Rest Of Your Life,Byrd & Brazil,"[""Charlie Byrd""]",2004,Jazz,Calm,english,4.481771721696404
3s5ISn40kiNdaaUepimzUE,What Are You Doing The Rest Of Your Life,Regine Live Songbird Sings The Classics,"[""Regine Velasquez""]",2000,Pop,Calm,english,2.3099519277842626
0BFGfvg5joceHTRYCm1XUf,What Child Is This,"""Make the Yuletide Gay"" Original Motion Picture Soundtrack","[""Austin Wintory""]",2009,Classical,Calm,english,1.6647332143750688
39BidY64iwJDU22oThWte7,What Child Is This?,Christmas With Julie Andrews,"[""Julie Andrews""]",1982,Classical,Calm,english,2.4403405944611287
6PtzDFf5LbDUqZdQKvx13U,What Child Is This?,O Holy Night: Christmas With Marilyn Horne and The Mormon Tabernacle Choir,"[""Traditional"", ""The Tabernacle Choir at Temple Square"", ""Alexander Schreiner"", ""Richard P. Condie""]",2005,Pop,Calm,english,2.88129297935646
3cbdhc7EiAVTrdKOaxINi0,What Deers May Come,Buck Fever,"[""Estradasphere""]",2001,Classical,Calm,english,2.3853562634558494
4LGtP5oumhznJVViF5wqUr,What Does It Sound Like,Without Words,"[""Bethel Music""]",2013,Pop,Calm,english,3.2988832718655057
65uynTFGAKW18EEz1Qk7AN,What Happened to Us,Resistance Is Beautiful,"[""Bvdub""]",2011,Electronic,Calm,english,2.228354295050723
5HobQCVhGpbJ28jxbNKq6y,What Happened to Your Heart - Bing & Ruth Rework – Part II,The Wind That Shakes the Bramble,"[""Peter Broderick"", ""Bing & Ruth""]",2021,Classical,Calm,english,1.96667675744666
1P013RukchF5fLRB9duXb9,What Happened?,Shadows of the Sun,"[""Ulver""]",2007,Rock,Calm,english,1.957349521945244
4Szq4IbZWsVoGWoGXpNjWA,What Have I Done Wrong,Give me time,"[""Magic Sam""]",1991,Blues,Calm,english,2.7162479755954947
39Ow129V62yT2OyHKiiTlJ,What Have They Done To You Now,Disaster,"[""Daniel Knox""]",2007,Classical,Calm,english,2.129593228949876
2nlN1iK9JjiOC7ojtRrnNq,What Is Love?,The Giver (Original Motion Picture Soundtrack),"[""Marco Beltrami""]",2014,Classical,Calm,english,1.718782503315536
5iOc7ArRS1yRIbwkHAZYne,What Is There to Say,Songs from the Heart (Remastered 2013),"[""Johnny Hartman""]",2014,Jazz,Calm,english,2.9104802146442705
6n8qyAW5LoDY7IC6HAPHTB,What Is This Thing Called Love (feat. Patrik Boman & Ronnie Gardiner),Back To Earth,"[""Lisa Ekdahl"", ""Peter Nordahl Trio"", ""Patrik Boman"", ""Ronnie Gardiner""]",1999,Jazz,Calm,english,1.4111709919411302
0E4TTaJ8w0wAaeqB8jT0wh,What It's For,Begone Dull Care,"[""Junior Boys""]",2009,Electronic,Calm,english,2.61920368232686
6sLCfP43HJKrnGi3FYVc0e,What More Can I Say,Montage Of Heck: The Home Recordings (Deluxe Soundtrack),"[""Kurt Cobain""]",2015,Rock,Calm,english,2.0403378576445297
0bOsihp4cXWji5ADbdnF3n,What More Can I Say?,Falsettoland - Composed By William Finn,"[""William Finn""]",1991,Classical,Calm,english,2.7087669912390355
3hX0T0Z16mRfHAzd1sHluC,What Of Your Eyes,Entre eux deux,"[""Melody Gardot"", ""Philippe Powell""]",2022,Jazz,Calm,english,2.793876383588842
1fi6ajjKOGvnqGEw5MLjfH,What Sweeter Music,What Sweeter Music: Choral Favourites By John Rutter,"[""John Rutter"", ""Gondwana Voices"", ""Lyn Williams"", ""Helena Rathbone"", ""Aiko Goto"", ""Nicole Forsyth"", ""Daniel Yeadon"", ""Maxime Bibeau"", ""Lorna Cumming"", ""Jemima Littlemore"", ""Rosemary Curtin"", ""Sally Maer""]",2015,Classical,Calm,english,2.55330044795731
2pJwUI2uCMRjDo6xDjSeWZ,What Sweeter Music,The Ultimate Collection,"[""John Rutter"", ""The Cambridge Singers""]",2008,Classical,Calm,english,2.8355538778407463
0hmyrEBfDEPRL6j4AT69t8,What The Fuck Am I Doing On This Battlefield,Drinking Songs,"[""Matt Elliott""]",2005,Rock,Calm,english,1.1635275000116114
4ZDCo1rd5HNEtCF3RF9we2,What We Have Become,Colors Hidden Within the Gray,"[""Theodore B Tringo"", ""Autumn Tears""]",2019,Electronic,Calm,english,1.885080880646707
1QJ0s8G240hn82l5bVopHT,What a Difference a Day Makes,Dream Lover,"[""Bobby Darin""]",2018,Jazz,Calm,english,3.719719755776932
16qp88kZYjzZf4KwJiAkKP,What a Wonderful World,Reflections V,"[""Sissel""]",2020,Pop,Calm,english,2.945101340169482
0WmyV061OlfJM0EXud8go7,What sweeter music,Sea Change - The Choral Music Of Richard Rodney Bennett,"[""Richard Rodney Bennett"", ""The Cambridge Singers"", ""John Rutter""]",2011,Classical,Calm,english,2.9583974356056464
1SNRQ1HkTd9p2z2ldLHrEM,What Sweeter Music,Sea Change: The Choral Music of Richard Rodney Bennett,"[""Richard Rodney Bennett"", ""The Cambridge Singers"", ""John Rutter""]",2013,Classical,Calm,english,2.9583974356056464
1NC1JUEap65meWD8oHpYoZ,What'll I Do,Jazz Moods - Cool,"[""Chet Baker""]",1974,Jazz,Calm,english,1.5088867586631134
1OJY1dPRqBRGgiLjzmf9rJ,What'll I Do?,What's New,"[""Linda Ronstadt""]",1983,Country,Calm,english,3.1461382382653755
36bKxP866Ig6TRsl1e1gpg,What'll I Do?,When I Fall In Love,"[""Chris Botti""]",2004,Jazz,Calm,english,2.5061091928161745
579Mb1bAVxA7m0Kio6Dn5F,What'll I Do?,The Complete Capitol Recordings Of The Nat King Cole Trio,"[""Nat King Cole Trio""]",1993,Jazz,Calm,english,2.3981291748620777
1wdamiauKVxGNoW52HiSAy,What's a Little More Rain,Closer Than They Appear,"[""Sara K.""]",1992,Jazz,Calm,english,2.950194549193564
2UDSh7h9YQ1reW8s9dM97K,What's Going On,Lift Every Voice,"[""Charles Lloyd""]",2002,Jazz,Calm,english,2.0949476628360686
6RrTw2PlVZ85Ej9LtmZOZq,What's New?,The Love Collection Vol. 1,"[""Perry Como""]",1996,Pop,Calm,english,1.892737144937014
63PDJ3dnSpm3uwVg3jpIrS,What?,No Flashlight,"[""Mount Eerie""]",2015,Folk,Calm,english,4.387609288821781
6UFNShLMnSot3Tx66s23le,When Butterflies Leave,An Other Cup,"[""Yusuf / Cat Stevens""]",2006,Folk,Calm,english,0.8556881234656044
3B9VrPaQ9RB6ju4SdCirjM,When Death Is All,Horizonless,"[""Loss""]",2017,Rock,Calm,english,3.589605189470797
39uSBR1jZOuGoAQgtKM1UP,When Did You Leave Heaven?,The Historic Concert Recordings,"[""Big Bill Broonzy""]",1990,Blues,Calm,english,2.9226484114606777
34h7Ha00rvL6y9QWCnqehd,When I Am Laid In Earth (Dido's Lament),Eternal Light,"[""Henry Purcell"", ""Elin Manahan Thomas"", ""Orchestra of the Age of Enlightenment"", ""Harry Christophers""]",2007,Classical,Calm,english,2.986612196231342
0snF8WohBCzi5PPZbJ7IKN,When I Fall,No Fear,"[""Crayon Jones""]",2018,Rock,Calm,english,2.0323208095043164
1yc33VPKH3qtsIMt1lECDu,When I Fall In Love - Live,Getting Sentimental,"[""Bill Evans""]",2003,Jazz,Calm,english,4.248761650967621
1cc7i46UWv2kvhxcDKapC8,When I Grow Too Old to Dream,Little Song,"[""Sheila Jordan""]",2003,Jazz,Calm,english,2.207945670902742
7hc1O2YgepELGVsv5tlKB1,When I Look at You - Reprise,The Scarlet Pimpernel Encore!,"[""Terry Mann""]",2005,Classical,Calm,english,2.828579195209987
6HfDY8vveGrOtoerEd3Ob2,When I Look In Your Eyes,Where Is Love?,"[""Irene Kral""]",1975,Jazz,Calm,english,2.0651200565159
5p2WjKCzCgWxXWU4NfGW1C,When I Look at You - Reprise,The Scarlet Pimpernel Original Broadway Cast Recording,"[""Terry Mann""]",1998,Classical,Calm,english,2.6994707491974363
0axW5VKDYQSuj17k8Pnevn,When I'm Alone,Moonlit Bossa,"[""Bossa Nova Beatniks""]",2005,Jazz,Calm,english,1.7492471610486269
1WGK46Bz4fuVxWactaItOy,"When Icicles Hang: IV. Blow, Blow, Thou Winter Wind",Rutter: Fancies,"[""John Rutter"", ""The Cambridge Singers"", ""City of London Sinfonia""]",2005,Classical,Calm,english,2.5906655309640096
4plCUleZJMCz4bnkZS2bTI,"When Icicles Hang: IV. Blow, blow, thou winter wind",Rutter: A Double Celebration,"[""John Rutter"", ""The Cambridge Singers"", ""City of London Sinfonia""]",2014,Classical,Calm,english,3.612610149061009
1PCMtZE23EUmxtZnjDnpJc,When Irish Eyes Are Smiling,Danny Boy And Other Irish Favorites,"[""Roger Whittaker""]",1994,Pop,Calm,english,2.617366913619058
0LmGzwi1uViKuo6kucSjwl,When It's Sleepy Time Down South,Plectrist,"[""Billy Bauer""]",2000,Jazz,Calm,english,1.7797708054958132
6YZnHbiHSGtgbJqzQc7Vg5,When It's Sleepy Time Down South,Portraits,"[""Clark Terry""]",1989,Jazz,Calm,english,2.3223097879311667
3DSLxoFYbuQnu0hJIj7UqO,When Johnny Comes Marching Home,"Copland, A.: Fanfare for the Common Man / Lincoln Portrait / Canticle of Freedom / Harris, R.: American Creed (Portraits of Freedom)","[""Roy Harris"", ""Seattle Symphony Chorale"", ""Seattle Symphony Orchestra"", ""Gerard Schwarz""]",1993,Classical,Calm,english,2.4835259543513164
4Wx9oQLNX1gYcH1LXKHzlx,When My Life Is Over,Drowsy,"[""Banes World""]",2016,Pop,Calm,english,2.0220276376082618
4Ji3pJyn2XdHPzYjVCANjo,When October Goes,Nancy Wilson's Greatest Hits,"[""Nancy Wilson""]",1999,Jazz,Calm,english,2.310972798340417
4nFarOpl0wdNq7Mat00NJt,When October Goes,With My Lover Beside Me Music By Barry Manilow Lyrics By Johnny Mercer,"[""Nancy Wilson""]",1991,Jazz,Calm,english,2.357661068394942
7gBxv7hDjKBZjdfze20omL,When Sunday Comes,The Lone Gunman,"[""Idaho""]",2005,Rock,Calm,english,2.031951054605315
7db9uIBPWACcAihwYHmvlX,When Sunny Gets Blue,Save for a Rainy Day,"[""Jan & Dean""]",1996,Rock,Calm,english,2.610417272382909
7nQtgadIM3JkpQ6HZLzvf2,When The Moon Comes Over The Mountain,16 Most Requested Songs,"[""Kate Smith""]",1991,Pop,Calm,english,3.3407164578228503
5mJy61Q6TrSlhPkhPTQlPx,When We Die,"A Nice Night for an Evening, Vol. 1","[""Bowling For Soup""]",2019,Pop,Calm,english,2.390308470323241
2NlZPEp266ySxxQcWEphfh,When We Emerged,Reverence to Stone,"[""Samothrace""]",2012,Rock,Calm,english,3.4602682129164526
1HrwQLILmHlepKK15cPjim,When We Fall,>>>,"[""Beak>""]",2018,Electronic,Calm,english,1.902925162364568
6lZ2fUxbCKx9qh5sVXyb7b,When We First Met,She Is Murder,"[""Vast""]",2018,Rock,Calm,english,1.4405122110607624
2wA3BonO4tfUPbYzkiqw8h,When We Know,Ghost Prayers,"[""The Beauty of Gemina""]",2014,Rock,Calm,english,0.7811483542424817
7fnlgHtdKjy7qJZHesC3OA,When We Were Young,Is This The Life We Really Want?,"[""Roger Waters""]",2017,Rock,Calm,english,7.160590732169872
3fXto1JFnrHNFRK8L8SF5P,When Worlds Collide,About A Feeling,"[""Summer Heart""]",2012,Electronic,Calm,english,1.9764752373558128
26LMlybHegFJie3Gj2a7eD,When You Believe,The Prince Of Egypt (Music From The Original Motion Picture Soundtrack),"[""Michelle Pfeiffer"", ""Sally Dworsky""]",1998,Classical,Calm,english,2.9512682087784854
01GSw5Xsh5J110zMOxjqXr,When You Say Nothing at All,Madz in Love Continues...,"[""Philippine Madrigal Singers""]",2009,Classical,Calm,english,2.9310096562660632
6wumwltdJFMgSivEJ34W2I,When You're Alone,Hook (Original Motion Picture Soundtrack),"[""John Williams""]",1991,Classical,Calm,english,2.4781000839035934
1epi00u01uPZDbFUlvBhaL,When You're Gone,Carved From Tides,"[""Message To Bears""]",2016,Rock,Calm,english,2.8030391703268944
0uyensHstVMEEJHiNMUv6K,When You're Old and Lonely,Get Lost,"[""The Magnetic Fields""]",1995,Folk,Calm,english,1.045291294901181
5TF8k2If9sj8x5k39nZJDf,When You're Smiling (non-vocal),Vol. V: Louis In New York,"[""Louis Armstrong""]",1990,Jazz,Calm,english,2.291571719155584
3lvOQ8xjesIEDwhia1giZ0,When Your Lover Has Gone,Red Alone,"[""Red Garland""]",2004,Jazz,Calm,english,1.067208167784482
7m4OEcDjdVPVKRhXmnQko5,When Your Lover Has Gone,Ben Webster Meets Oscar Peterson,"[""Ben Webster"", ""Oscar Peterson""]",1997,Jazz,Calm,english,2.122360089583593
1KumNVHjGEnniJJaNrndjz,When Your Way Gets Dark,"Complete Recordings, CD C","[""Charley Patton""]",2002,Blues,Calm,english,3.212085311641136
3fBpoApypERhHbgqIJ4lBx,When a Knight,Free,"[""Traditional"", ""Libera""]",2004,Pop,Calm,english,2.940463079218352
3n8kih8cgSPmLZKLszHsUo,When a Man Loves a Woman,Reflections IV,"[""Sissel""]",2020,Pop,Calm,english,2.5982984657260566
7aMD3CyGs4785BUL3MgLwT,When at night I go to sleep (Evening Hymn) from Hansel and Gretel - L'istesso tempo - vocal,Voice Of An Angel,"[""Adelheid Wette"", ""Engelbert Humperdinck"", ""Charlotte Church"", ""Sian Edwards""]",1998,Classical,Calm,english,3.2313052546699788
46MQ4Yv6BfIkxjREUb3ese,When the Earth Stands Still,When The Earth Stands Still,"[""Phoenix Chamber Choir"", ""Don MacDonald""]",2017,Classical,Calm,english,3.0543967466465416
50CQSi932n6xyXkUdXy1Yr,When the Stars Come Out,Into the Quiet,"[""John Doan""]",2016,Folk,Calm,english,1.6059141019754806
51vxyvf9j2KJczuqbzj9eh,When the Well Runs Dry,The Wailing Wailers at Studio One,"[""Bob Marley & The Wailers""]",1994,Folk,Calm,english,4.298823884578352
3D1JfhTBdLkXhiWlL7VXJD,Where All Roses Go,Behind the Closed Eye,"[""An\u00fana"", ""Michael McGlynn""]",2003,Folk,Calm,english,2.93730249717452
76aZ9AdCrzeQk87TMyIlpP,Where Are You?,Shadows in the Night,"[""Bob Dylan""]",2015,Folk,Calm,english,2.7962512846019245
0e8JqnymmykKWD76vpOMDM,Where Did You Sleep Last Night - Solo Acoustic Demo,With The Lights Out - Box Set,"[""Nirvana""]",2004,Rock,Calm,english,1.989641069875012
4bVQmctBa0F5La9tBiJjSX,Where Does It Come From?,Darklife,"[""death's dynamic shroud""]",2022,Electronic,Calm,english,2.232479438318762
1K4fV7ChW6T6uK0mwrsst5,Where Grass Won't Grow,TRIP,"[""Lambchop""]",2020,Country,Calm,english,2.1486477093049423
4S6TFmaiXvqYndRsnOPEtf,Where I Am Going (Jennie's Song),Songs And Sounds,"[""The Smithereens"", ""The"", ""Pat"", ""Dinizio""]",1997,Pop,Calm,english,2.144408406440228
0LIaKwLyKJsCsQKP9HHHsU,Where Is Love?,Oliver! (Original Broadway Cast Recording),"[""Bruce Prochnik""]",2001,Classical,Calm,english,2.646904137909214
4bKnes4qPqlpXvPHgjfG76,Where Is My Tarp?,Singers,"[""Mount Eerie""]",2005,Folk,Calm,english,1.2522177056116743
49XmYA70Rj1xQkpj88wdih,Where It Never Rains,Turquoise & Crimson,"[""Vast""]",2006,Rock,Calm,english,1.4484032756077443
0ZkiYWPsHNeGhwRqaxhXba,Where The Green Meets The Blue,Lunar Ecstasy,"[""Mountain Mirrors""]",2004,Rock,Calm,english,2.266447913753068
0OMucyOARTgqTvCkhFOYPq,Where Will You Go (Prelude),Tender Lover,"[""Babyface""]",1989,R&B,Calm,english,1.8981893028261376
1WdYRcMcRUpnn0NrFWFCT6,Where You Gonna Go,Evening Machines,"[""Gregory Alan Isakov""]",2018,Folk,Calm,english,1.4350685394179536
1X6KKaO70YuZ6tux2nPovP,Where or When,Standards & Ballads,"[""Wynton Marsalis""]",1983,Jazz,Calm,english,1.9456397497327604
1rHik9ppPQRXSSu1oUr4bR,Where or When,When Harry Met Sally... Music From The Motion Picture,"[""Harry Connick, Jr.""]",1989,Jazz,Calm,english,2.8280801972531697
2JR1WeETsXmFR1kRC2oXXq,Where or When,Standard Time Vol. 3: The Resolution Of Romance,"[""Wynton Marsalis""]",1990,Jazz,Calm,english,1.70173481589618
5AmpUVXqyTLJwqidA688y8,Where or When,Popular Songs: The Best Of Wynton Marsalis,"[""Wynton Marsalis""]",2001,Jazz,Calm,english,2.2612647184431
5WP3N5OzGyW5T1ADEHLcJM,Where or When,Standards & Ballads,"[""Wynton Marsalis""]",2008,Jazz,Calm,english,1.9456397497327604
6PoSm31BJ8ZxhVL2v5ycq4,Where or When - 78rpm Version,The Complete Recordings 1941-1947,"[""Peggy Lee""]",1999,Jazz,Calm,english,2.4844940541497427
0FCiQbA6p82x5XtXo7jGwQ,While My Lady Sleeps,It Could Happen To You,"[""Chet Baker""]",1987,Jazz,Calm,english,2.2552973318345466
5k16sYWO0szgo4HNUUK31b,While My Lady Sleeps - Album Version - (take 10 bonus track),It Could Happen To You,"[""Chet Baker""]",1987,Jazz,Calm,english,2.256871782289105
5i3T3pPRjt1WS8fEFu7Fa3,While Shepherds Watched,Christmas Celebration,"[""Anon"", ""Winchester Cathedral Choir"", ""David Hill""]",1990,Classical,Calm,english,2.951746148254952
01KXJaKrUfbZpSyJU5VFFc,While Shepherds watched their Flocks,Libera: The Christmas Album (Standard Edition),"[""Libera"", ""Robert Prizeman""]",2011,Classical,Calm,english,1.7620971143552355
70m7f763dkDA0q3vDXhrn9,While We're Young,The Songbook Session,"[""Lauren Henderson"", ""Sullivan Fortner"", ""Eric Wheeler"", ""Allan Mednard""]",2020,Jazz,Calm,english,1.891924449007992
4e1MHD5w8emwv63TfKE9Mv,Whilst The Night Rejoices Profound And Still,How I Devoured Apocalypse Balloon - Disc one,"[""Current 93""]",2005,Rock,Calm,english,4.734244597975112
0y76hn2lnQPVj8uOmzOQq2,Whiskey Girl,Hell Among The Yearlings,"[""Gillian Welch""]",1998,Country,Calm,english,2.235973759393607
4gQckZoYAFSrkXLet6sKG6,Whispering,20 Golden Greats,"[""Paul Whiteman""]",2010,Jazz,Calm,english,3.2362471661746777
71MWXAlDVVZW5507DXEXBa,Whispering Shadows,The Haunted Symphony,"[""Nox Arcana""]",2019,Electronic,Calm,english,2.665301758804789
2SHvIZ1sRnTahNav9WvwhG,Whispering Waves,Love To Love You Baby,"[""Donna Summer""]",1975,Pop,Calm,english,3.4800186904235515
01Hrde7EvtDpd3pTX4gLsX,Whispers,Seasons: the Fade,"[""Narrow Skies""]",2017,Electronic,Calm,english,1.224997900827347
0A6VqFfQPuKUpTh2oQyI6m,Whispers,Seasons,"[""Narrow Skies""]",2018,Electronic,Calm,english,1.224997900827347
4RNMkHHCDdKt5IbY6lBxmg,Whistle (With Kylie) - Bonus Track,Smilewound,"[""m\u00fam"", ""Kylie Minogue""]",2013,Electronic,Calm,english,2.356210896924493
04qiH1VaSlRGOgpsCCzYOX,White,"Chance, for Us","[""Ajai""]",2017,Rock,Calm,english,1.8592717327207056
3i0cWEG3n7VVX3r3fT6avJ,White Birds,White Birds,"[""Sarah Fimm""]",2008,Electronic,Calm,english,1.33142276165659
04nnEF3xobgcPE5VPbeKDy,White Christmas,Personal Christmas Collection,"[""Doris Day""]",1994,Jazz,Calm,english,2.796355485480807
0w8XI7qyhF3rKd4SS3Um9n,White Christmas,"Cabaret Christmas - Barbara Cook, Billy Strich, Julie Wilson, Kt Sullivan, Others","[""Barbara Cook""]",2007,Classical,Calm,english,2.4541628413108025
149bcBWiuHoI4EzlSp7bnl,White Christmas,The Christmas Song,"[""Roger Whittaker""]",1995,Pop,Calm,english,2.691937459803345
1BYvmXm2exntOwpVN4SDtf,White Christmas,Christmas Favorites from the World's Favorite Tenors,"[""Irving Berlin"", ""Jos\u00e9 Carreras""]",1981,Classical,Calm,english,2.5244136639559254
2qtN6jHQulvgJfy2qKqbBZ,White Christmas,Les Plus Beaux Noels Du Monde,"[""Nana Mouskouri""]",2000,Pop,Calm,english,2.758652896370518
2zkYyqUOdcSeQaMvH8T1Ww,White Christmas,Ricky Van Shelton Sings Christmas,"[""Ricky Van Shelton""]",1989,Country,Calm,english,2.3713628769682336
3j9mJh75roq3XOoG6WSFp1,White Christmas,Feliz Navidad,"[""Jos\u00e9 Feliciano""]",2002,Pop,Calm,english,1.34076606572069
3vcAbxSFDw3nYPG2YnV2n9,White Christmas,Because It's Christmas,"[""Barry Manilow""]",1990,Pop,Calm,english,2.5931983044055102
6QA914XLjBC2avlleKoY7m,White Christmas,Silent Night: The Greatest Hits of Christmas,"[""Irving Berlin"", ""The Tabernacle Choir at Temple Square"", ""John Longhurst"", ""The Columbia Brass and Percussion Ensemble"", ""Jerold D. Ottley""]",1984,Pop,Calm,english,2.986084841309128
6v57ZAkzlCSDZZ9dwzqnEt,White Christmas,Once Upon A Christmas,"[""Dolly Parton"", ""Kenny Rogers""]",1984,Country,Calm,english,2.8206907292404875
6UGDayLMWhI4EoD8FtGoep,White Christmas (instrumental),The Complete Million Dollar Quartet,"[""Million Dollar Quartet"", ""Carl Perkins"", ""Jerry Lee Lewis"", ""Johnny Cash""]",2006,Rock,Calm,english,1.5889833434763556
7DziS1jMKwzvwct3PATEfh,White Christmas - Live on WXPN,Yoshimi Wins: Live Radio Sessions,"[""The Flaming Lips""]",2005,Rock,Calm,english,3.275204326756697
7bMHeMJRomdNae15W0tRg5,White Christmas - Voice,Home Alone - Soundtrack,"[""Irving Berlin"", ""The Drifters""]",1990,Pop,Calm,english,2.747028216478486
1sscw7V4XQeLElIUvMSG2q,White Nights,Dreams Less Sweet,"[""Psychic TV""]",1983,Rock,Calm,english,1.625265693982112
6xg213pl5onAeKxQNVFEgT,White Widow,Slough of Despond,"[""Talsur""]",2017,Rock,Calm,english,2.2847582080043742
7be8TJA74jAIRE0MleI1PR,Whither The Invisible Birds?,Friend Opportunity,"[""Deerhoof""]",2007,Rock,Calm,english,1.8960598151561143
0Fco3Ltf47GrUKkagFO8Pv,Who,Wonder Wonder,"[""Edith Frost""]",2001,Country,Calm,english,2.037926504801656
3vOMkQG5yD29IcK4FfR9cz,Who Am I Now?,Le voyage dans la lune,"[""Air""]",2012,Electronic,Calm,english,2.332836437025444
2gWjZBuVyz8Dpe1qfNs525,Who Invented the Sun,Let's Go Eat The Factory,"[""Guided By Voices""]",2012,Pop,Calm,english,1.8504021277699845
7IkhmBOBLdkWHEY0pAK11m,Who Is On the Lord's Side? #499,"Hymns of the Church, Vol. 1","[""Oasis Chorale""]",2014,Classical,Calm,english,2.3944072200123347
0qvr2ZByFZPDnPsngO1E2G,"Who Is Sylvia?, D. 891",Chanson D'Amour,"[""Franz Schubert"", ""The King's Singers""]",1993,Classical,Calm,english,2.3264908428248336
6vmCB0az8rKK3h6vmifA0N,Who Is the Hunter,WIXIW,"[""Liars""]",2012,Rock,Calm,english,1.714404911087994
4SuEu4519YGXNNcncHj2Fn,Who Knows Where The Time Goes,Dark End of the Street,"[""Cat Power""]",2008,Rock,Calm,english,2.5378771731924177
6V486jCRSNHh0tBAMSLwI0,Who Knows Where the Time Goes - Live,Just Like A Woman: Nina Simone Sings Classic Songs Of The '60s,"[""Nina Simone""]",2007,Jazz,Calm,english,4.569681110738274
6jg29aSkCPbJqC6qIR70u6,Who Knows Where the Time Goes - Live,Love Songs,"[""Nina Simone""]",2005,Jazz,Calm,english,4.7152448713770605
0RuKphnI6q7pJSeElaCYYh,Who Wellses In My Hoff,Pullhair Rubeye,"[""Avey Tare"", ""Kr\u00eda Brekkan""]",2007,Rock,Calm,english,2.0495833285372003
5BQLMG4iGkOZlZ60i2jSd4,Who Will Buy?,Oliver! (Original Broadway Cast Recording),"[""Bruce Prochnik"", ""Oliver! Ensemble""]",1989,Classical,Calm,english,2.49809800338067
0UGqzgCRJrvXkc5aCa7Agq,Who by Fire - Live in Dublin,Live In Dublin,"[""Leonard Cohen""]",2014,Folk,Calm,english,4.501443448055484
1VBh8jzfFiqbC6598mXsyJ,Who in He in Yonder Stall?,Praise Him,"[""Benjamin Russell Hanby"", ""BYU Men's Chorus"", ""Rosalind Hall""]",2015,Classical,Calm,english,2.608198235940645
3Th9u11bKxDqsjRTyhP4ha,Who will know (24_bigslow),Shin Godzilla (Original Soundtrack Album),"[""Shiro SAGISU""]",2016,Pop,Calm,english,3.118223957885083
193S7mf4MyaTrNfj3vn8PJ,Who?,Dawn,"[""Mount Eerie""]",2008,Folk,Calm,english,1.7638191285105558
75Q3nmDT8ts7pBwXmkeSEC,Whole Wide World,Sweden,"[""The Mountain Goats""]",1995,Folk,Calm,english,1.8818068515778603
47bWvS508hz3kK3Zc7FIVl,Why Don't You Do Right,Moments Like This,"[""Peggy Lee""]",1993,Jazz,Calm,english,3.783315637570061
3Mpz2SS5ExT3pQQcX65Eap,Why Sad Song,Aviary,"[""Julia Holter""]",2018,Pop,Calm,english,2.11292449055166
22WmgebfwhQjQl1JjMlN7e,Why Try to Change Me Now,The Columbia Years (1943-1952): The Complete Recordings: Volume 12,"[""Frank Sinatra""]",1993,Jazz,Calm,english,2.36636972204628
3l1m2yjkCeV2kFwznL3W78,Why Try to Change Me Now,Shadows in the Night,"[""Bob Dylan""]",2015,Folk,Calm,english,3.0713225008610374
3iaJLNpaYXZt7g8QL98AD7,Why for an I,Dylate,"[""Etched In Red""]",2007,Rock,Calm,english,2.285071636513025
24ggYI2cbBWWMfZzyxBGGg,Why'd You Make Me Cry,Why'd You Make Me Cry,"[""Odina""]",2017,Electronic,Calm,english,2.063829412767602
2fgpYCWp31JJlplZ7MRANG,Why'd You Make Me Cry,Why'd You Make Me Cry,"[""Odina""]",2017,Electronic,Calm,english,1.746443957508844
2q148b2NjUDDwouDY37yHF,Widow,The Grime And The Glow,"[""Chelsea Wolfe""]",2010,Rock,Calm,english,1.743864799455847
0YlofuVWSkDmChJBsJHobN,Wig Master,The Air Force,"[""Xiu Xiu""]",2006,Pop,Calm,english,3.086426931112748
3hifdKZrVsYvtI0PpTfGlx,Wild Bird,Wendy Waldman,"[""Wendy Waldman""]",1975,Folk,Calm,english,2.280513219307001
5KRMBaONXMjcbUioMAShOo,Wild Bird,Love Is The Only Goal: The Best Of Wendy Waldman,"[""Wendy Waldman""]",2013,Folk,Calm,english,2.280513219307001
6gkuuoPyMIXRTBrjSilUAL,Wild Bird,Folk Music,"[""Wendy Waldman""]",2018,Folk,Calm,english,2.280513219307001
6NYyoxEpVBeobGyo4V2ZMI,Wild Goose,A Wasteland Companion,"[""M. Ward""]",2012,Folk,Calm,english,1.4980699791409242
2EEENi2POLJhAfJHcas8vR,Wild Mountain Thyme (Arr. S. Tennant),Baby Needs Guitar,"[""Traditional"", ""Scott Tennant""]",2002,Pop,Calm,english,1.8561407286194893
2Fccblyk12rWAUGZrYEoVH,Wild Mountain Thyme (Arr. S. Tennant),"Guitar Recital: Tennant, Scott - Krouse, I. / York, A. / Bogdanovic, D. / Duarte, J. / Head, B. / Ruiz-Pipo, A. / Mompou, F. / Dowland, J.","[""Traditional"", ""Scott Tennant""]",1998,Pop,Calm,english,2.119720608270111
7oSBcjHCMBpE58tz67iUNl,Wilderness,Curtis Lane,"[""Active Child""]",2010,Electronic,Calm,english,2.425062133213686
5vtKvxqhJg1FeecDPPrpOC,Wildflowers,Sirens (deluxe edition),"[""Nicolas Jaar""]",2017,Electronic,Calm,english,2.299907577195196
3lRj14RbxWpnS79cplN9jB,Will You Be There,Debridement,"[""Rivulets""]",2003,Rock,Calm,english,1.8157757267488133
5Plo4q3WBTcIQsEnUXmpjS,Will You Fade,Ardor [Remastered Reissue],"[""Love Spirals Downwards""]",2007,Pop,Calm,english,3.1694405700146047
5yYZ80E4jkmy64pIvaRKYX,Will You Still Be Mine,A Night At The Vanguard,"[""Kenny Burrell""]",2010,Jazz,Calm,english,2.290548666885541
4xGE7JSfE6NoEijZsInGYO,Will the Real Danny Radnor Please Stand?,The Golden Band,"[""The American Analog Set""]",1999,Rock,Calm,english,0.8226416208544933
4kuSj5RgFx7NAQ3Kz6MEAk,Will the Summer Make Good for All of Our Sins,Summer Make Good,"[""m\u00fam""]",2004,Rock,Calm,english,1.9946627217849524
65fCPl7cBpk5J8pcvjMTaa,Willow Weep For Me,Tony Bennett On Holiday: A Tribute To Billie Holiday,"[""Tony Bennett""]",1997,Jazz,Calm,english,2.756593896448546
5TpRN4RpfoVlp0h7tuUEir,Willow's Song,Lost Sides,"[""Doves""]",2000,Pop,Calm,english,1.2234461026326056
6QH6z1NnjgQOhogwtC080R,Winchester,The Nerado Black Sessions,"[""Vagenda"", ""Hatsune Miku""]",2016,Electronic,Calm,english,2.399124572417904
5Gu7tODJu757smBqXEJmLw,Windmills of Your Mind,My Passion For The Piano,"[""Arturo Sandoval""]",2002,Jazz,Calm,english,1.5086724934482214
1NClfLPFneHXcvHSkF64JK,Windows,Sunbather,"[""Deafheaven""]",2013,Rock,Calm,english,1.904521760189958
48SyoJZKu2nXS4uUrBOR1F,Windows (No Rome Remix),Apple vs. 7G,"[""A. G. Cook"", ""No Rome""]",2021,Electronic,Calm,english,2.1152260489577577
4ghI2dVkJmtfQ3XRoyw4da,Winds of Change,Seasons,"[""Narrow Skies""]",2018,Electronic,Calm,english,2.2551028842699137
7oERXnGQrsUX5oeMDsuTzQ,Winds of Change,Seasons: the Fade,"[""Narrow Skies""]",2017,Electronic,Calm,english,2.2551028842699137
0GLgro538FS27x86pVtm5g,Winds of the Lost Soul,... The Last Embrace,"[""Arcana""]",2010,Electronic,Calm,english,3.0493605033856355
6DVtP4CbbpjN4oWB9mQlfi,Wing Of The Parapets,Arcadia,"[""Ramona Lisa""]",2014,Pop,Calm,english,3.176291721794293
1BDuMlv8zbeBmwFEBmE6N9,Wings For Marie (Pt 1),"10,000 Days","[""TOOL""]",2006,Rock,Calm,english,2.1204180508610744
2b9s4afbN7GqVWrll6GwDt,Winners Never Quit,Winners Never Quit (Remastered),"[""Pedro The Lion""]",2000,Rock,Calm,english,1.6768093702584883
4NA6nCtWVhfzRFlq4cDpan,Winter,Winterwell,"[""Mree""]",2017,Electronic,Calm,english,2.499025470317331
4LoetiJWi1HYoPOsPOwkWB,Winter Is Gone,Digital Box Set,"[""Nick Drake""]",2010,Folk,Calm,english,1.317286207273065
3JySPH4q2kIney2XFqTWxG,Winter Kills,Upstairs At Eric's,"[""Yazoo""]",1982,Electronic,Calm,english,3.022277774565864
0CyLN6mivY5WlBuLdJTNMz,Winter Light,Winter Light,"[""Linda Ronstadt""]",1993,Country,Calm,english,1.733169810443291
2lChY1eVZFdy8i2NEIefBS,Winter Light,Winter Light,"[""MONO"", ""A.A. Williams""]",2019,Rock,Calm,english,3.1622455576841104
4EI2R4seOd2FxQu925Dkic,Winter Light - 2015 Remaster,Greatest Hits,"[""Linda Ronstadt""]",2015,Country,Calm,english,1.3590878312756287
3rogAoKbkUexw9diEWSlc5,Winter Morning II,Ellis,"[""Woodkid"", ""Nils Frahm"", ""Robert De Niro""]",2016,Classical,Calm,english,2.72285574048206
4E5FRxpmPmc2rgqHoZ6skf,Winter Retreat,Hero Hero,"[""Judas Priest""]",2000,Rock,Calm,english,1.6032581774864851
4yQCgQVUIRBUnLdmXtZ0bo,Winter Time,Book Of Dreams,"[""Steve Miller Band""]",1977,Rock,Calm,english,1.9075905853345247
5d9omehrdUknxPKdeG9ecs,Winter Wonderland,The Christmas Song,"[""Roger Whittaker""]",1995,Pop,Calm,english,3.0882004520460984
5xSGhy3UECizAFJs7FLGsK,Winter Wonderland,Silent Night: The Greatest Hits of Christmas,"[""Felix Bernard"", ""The Tabernacle Choir at Temple Square"", ""The Columbia Brass and Percussion Ensemble"", ""Jerold D. Ottley""]",1984,Pop,Calm,english,2.8811890517704475
3jPEWKx3skVyWbqzaXXzO1,Winter's Dream,Winter Magic (International Version),"[""Hayley Westenra"", ""The Pavao Quartet""]",2009,Folk,Calm,english,1.7007758649891205
0AFmGnu4cnNipGLz8uqCIn,Winter's End,Blessed He With Boils,"[""Xanthochroid""]",2012,Rock,Calm,english,3.1781095704760305
3O7jEjXPflEu6ThJZlBm0Z,Winter's Warning II. Spring Requiem,Love Poems for Dying Children: Act III : Winter and the Broken Angel,"[""Autumn Tears""]",2000,Electronic,Calm,english,1.6106999668492177
7rxEKMKD9NTJMnbNtpu96p,Wintering,If You Come to Greet Me,"[""Laura Gibson""]",2006,Electronic,Calm,english,1.9167436417366024
73BFs44CavdluDYtYZTIe4,Winterlight,Classics,"[""Sarah Brightman""]",2001,Classical,Calm,english,2.9775673729607783
5Js26StGZ2E58nFOQDTLFJ,Winters Past,Seasons,"[""Narrow Skies""]",2018,Electronic,Calm,english,1.77732524081314
6osgJNlaMv0iv1lSVtMld9,Winters Past,Seasons: in Hibernation,"[""Narrow Skies""]",2017,Electronic,Calm,english,1.77732524081314
3KlvHWs40nrI2vehReSGjC,Wir Moorsoldaten,Masse Mensch Material,"[""ROME""]",2001,Classical,Calm,german,2.5993204868938573
7tM73L8xGNF9d3486kcmbX,Wish - Hunted Version,Hunted,"[""Anna Calvi"", ""IDLES""]",2020,Rock,Calm,english,2.026468425410855
4p9mOZOL6y5QESNOEIf1b1,Wishful Thinking,A Ghost Is Born,"[""Wilco""]",2004,Country,Calm,english,1.4588361482498808
0UyEBcNXIHHFCtIeT4wLky,Wishing You Were Somehow Here Again - Live,The Phantom Of The Opera At The Royal Albert Hall,"[""Andrew Lloyd Webber"", ""Sierra Boggess""]",2011,Classical,Calm,english,4.870936928169338
2DTJqAl1RNxXNsVPVhvueG,Wishing You Were Somehow Here Again from Phantom of the Opera - vocal,Classical Hits,"[""Andrew Lloyd Webber"", ""Michael Reed"", ""Sarah Brightman""]",1973,Classical,Calm,english,3.2197994648099826
2P3IHwwvcLmjpv3EZc8Q6C,Wit's End,Wit's End,"[""Mizmor""]",2022,Rock,Calm,english,3.194632268561149
6QbQrarQMX3Qdk0iGrzjcL,Witch Hunt,Clear Hearts Grey Flowers,"[""Jack Off Jill""]",2000,Rock,Calm,english,2.978046643430687
0CVQfhzi2KyGVXvapDJvDr,Witchcraft,Lil Darlin',"[""George Benson""]",2007,Jazz,Calm,,3.06502882836735
48MZw5xmD3ytdzFXjKY6qb,Witchcraft (Live),Live at the Casa Caribe Vol. 1,"[""George Benson - Al Harewood"", ""George Duvivier"", ""Mickey Tucker""]",2011,Jazz,Calm,,2.941258544855963
7nky9LEjU5CqZKNF7jvJe4,Witchcraft (Live),Essential George Benson (Live),"[""George Benson""]",2012,Jazz,Calm,,2.941258544855963
0bng2ko0F7fXMoFCjUks8I,Witchcraft (Live) (Set 1),Live at Art D'Lugoff's Top of the Gate,"[""Bill Evans""]",2012,Jazz,Calm,english,3.0117989079184504
3Bt42T4ybHumHgjoUWthbZ,Witchcult Today,Witchcult Today,"[""Electric Wizard""]",2007,Rock,Calm,english,3.0700148746424496
1r4nsYWQ5Nw29XUEqMrkNu,Witches,The Caution Horses,"[""Cowboy Junkies""]",1990,Country,Calm,english,2.6447590001121664
27VCekeu6wAPp1rAWlkYzc,With Animals,With Animals,"[""Mark Lanegan"", ""Duke Garwood""]",2018,Rock,Calm,english,1.2706957379893
1ios5dUwH89D3WuERhzybQ,With My Hands Out,Dawn,"[""Mount Eerie""]",2008,Folk,Calm,english,2.2202590355546024
6ntzqS9gdlq2NWTnBLdITo,With My Hands Out,Seven New Songs,"[""Mount Eerie""]",2004,Folk,Calm,english,1.31550631748385
77QS2HvTAGjeY9hBKjTJUV,With My Lover Beside Me (Reprise),With My Lover Beside Me Music By Barry Manilow Lyrics By Johnny Mercer,"[""Nancy Wilson""]",1991,Jazz,Calm,english,2.75399168390296
2aqJD8HkfHyLloEKRVDFHi,With Tomorrow,White Light,"[""Gene Clark""]",1971,Country,Calm,english,2.262586512168264
0XazoxIR6D0kVjuOXppJZS,With Wand'ring Steps [The Merchant of Venice],The Merchant of Venice,"[""Jocelyn Pook"", ""Andreas Scholl"", ""Baroque String Quartet"", ""Siobh\u00e1n Armstrong"", ""Harvey Brough"", ""Elizabeth Kenny""]",2004,Classical,Calm,english,1.9793661854823328
3UMfwUYJjjIBtlqnAKwWmP,With or Without You,Dream On,"[""Scala & Kolacny Brothers""]",2004,Classical,Calm,english,2.3939549967821576
2F5Nek7teLXdZTasZKUYrH,With or Without You - With Strings,Scala & Kolacny Brothers,"[""Scala & Kolacny Brothers""]",2011,Classical,Calm,english,2.0800304059270767
61kyFuUFYLqHLclmZLtdur,With the King,Found,"[""United Pursuit"", ""Will Reagan""]",2018,Folk,Calm,english,1.730384803165192
3dtLsYjnkFSaFiw4rF8Kay,Within and Without,Within and Without,"[""Washed Out""]",2011,Electronic,Calm,english,2.6276245086320325
1ojzX1dmd5WkeNzEHusB1d,Without A Song,Blues For Myself (Piano Solo),"[""Cedar Walton""]",1995,Jazz,Calm,english,1.1595051519589197
46MkokriQUlnSKgaWHGKVA,Without A Song,20 Classic Opera Highlights,"[""Traditional"", ""Mario Lanza""]",2005,Pop,Calm,english,5.724327675544442
4nu8OJ7gOUOdOc2ZWAuXue,Without A Sound,The Lost and Found,"[""Gretchen Parlato""]",2011,Jazz,Calm,english,3.4078074600932045
3NLCUkMLjdJBDywr83WGcB,Without Love (There Is Nothing) - Take 1,American Sound 1969,"[""Elvis Presley""]",2019,Rock,Calm,english,1.7987608125417711
1WeqG2M1U1XvAm2CbwG9ZD,Without a Song,Grandes Éxitos Vol. 2,"[""Mario Lanza""]",2015,Classical,Calm,english,5.956763320265397
2Jtrfangshl35kYIvoa7KP,Without a Song,The Song Is You,"[""Frank Sinatra"", ""Tommy Dorsey Orchestra""]",1994,Jazz,Calm,english,1.7765346610812065
5K99RGHiLcXAEgrPvw5x8B,Wolf,"The Smoker You Drink, The Player You Get","[""Joe Walsh""]",1973,Rock,Calm,english,2.2451080090048428
3Lp1VIqaKavO3Vymfwyd1I,Wolf Among Wolves,Master and Everyone,"[""Bonnie Prince Billy""]",2003,Country,Calm,english,0.8204812237621188
6ZmfA7VqjrH3NlmGdKSqCl,Wolf River,Hear Me Out,"[""Reignwolf""]",2019,Blues,Calm,english,0.8788029306486245
60lIuKRIYfJHYkEz6HFp2w,Wolfman,For the Brave and Troubled....,"[""The Agency...""]",2012,Rock,Calm,english,2.5164435380415595
4FnuYiEl2QgahzxeRBkzAz,Woman To Woman,Anniversary: 20 Years Of Hits The First Lady Of Country Music,"[""Tammy Wynette""]",1987,Country,Calm,english,1.0084355309397832
5Q5DHDmP91VjmXoMiHR480,Womb (In Memoriam),Known/Learned,"[""Arcane""]",2015,Rock,Calm,english,3.1346958613601426
1EfWyN6MM2jkyHm7yZYi8b,Wonder Milky Bitch,10 000 Hz Legend,"[""Air""]",2001,Electronic,Calm,english,2.239296763125467
46hyyzAIVm7PZCgNY4jJFF,Wonderful World / Over The Rainbow,Together,"[""Michael Ball"", ""Alfie Boe""]",2016,Classical,Calm,english,2.759940431156597
6pis1GLmGn4MR9opbL4x3G,Wonderous Stories,Symphonic Music Of Yes,"[""Jon Anderson"", ""David Palmer""]",1993,Rock,Calm,english,1.886021486676451
34JU3sMIMPHfW7UM5niPIv,Wonderwall,Vitamin String Quartet Performs the Hits of Rock Band!,"[""Vitamin String Quartet""]",2009,Classical,Calm,english,2.631117538387634
7fNFiyqIacwHZYHUfk1ljW,Woop,Ham,"[""The Chap""]",2005,Electronic,Calm,english,2.189282628629892
6XlFndH1g0eTzR2AMjDKq4,Word,Mydata,"[""Katie Dey""]",2020,Pop,Calm,english,1.958484457062308
5sgKhBrikmOKrnrflN9HDU,Words Can't Express,23,"[""Fear My Thoughts""]",2001,Rock,Calm,english,2.552330315119248
0Edd3su5CCDW5T50TRke9e,Work That Body,"Work (Work, Work)","[""HTRK""]",2011,Electronic,Calm,english,3.4726314341142768
6l5ZP6dQs0RXLpMmpkqjzJ,World Of Dreams,Between Black And White,"[""Hiroshima""]",1999,Jazz,Calm,english,2.1252951343061546
2NFhUD4iI9o5mHck0cMXOT,World of Sleepers,World of Sleepers,"[""Carbon Based Lifeforms""]",2006,Electronic,Calm,english,1.7223210295202789
6Er74mDxRRp1sTbOhC1jD0,Worried Shoes,Yip Jump Music,"[""Daniel Johnston""]",1983,Folk,Calm,english,1.8210406848205656
64JcvWOzrzCamipfRImQL6,Wounded Bird,From The Ground,"[""Heather Woods Broderick""]",2009,Electronic,Calm,english,1.566171234570005
5ivrDvjnP9HubG4fZ5kTlp,Wounded Wolf,Hinterkaifeck,"[""Giles Corey""]",2013,Rock,Calm,english,1.828761222052963
7thyCvtCNf8whJmoEQH0JK,Wrapped In Tranquility,Aniron,"[""Joe Renzetti""]",2004,R&B,Calm,english,2.436664702296813
5dT2JTpvVBLSY54SKJOrKt,Write To Me From Naples,The Home Recordings,"[""Elvis Presley""]",1999,Rock,Calm,english,1.9477417701805853
37Fo2TSPqMYwi0t98bEzbd,Writer,FLOTUS,"[""Lambchop""]",2016,Country,Calm,english,3.0914481410322967
6Bh0i8updnT6EKpqd5bG5m,Writing,Shepherd in a Sheepskin Vest,"[""Bill Callahan""]",2019,Country,Calm,english,1.583696371428836
5AGO7382y8XVMc0aUhoTbC,Writing on the Wall,Amélie - A New Musical (Original Broadway Cast Recording),"[""Original Cast of Am\u00e9lie""]",2017,Classical,Calm,english,2.908049679971923
4Pzs448mhkiVxVmEELpl39,Written In The Stars,"Music From The Motion Picture ""Only You""","[""Rachel Portman""]",1994,Classical,Calm,english,2.473853499942245
11JD3hqNxWMK01iZ76lUMb,X,WAHALLA,"[""Joanne Robertson"", ""Dean Blunt""]",2017,Pop,Calm,english,1.6528449358440374
7ISIqewgqoRByGPWOsWUF1,Three Worlds: Music from Woolf Works / The Waves: Tuesday,Three Worlds: Music From Woolf Works,"[""Max Richter"", ""Deutsches Filmorchester Babelsberg"", ""Robert Ziegler"", ""Mari Samuelsen"", ""Hila Karni"", ""Grace Davidson"", ""Gillian Anderson""]",2017,Classical,Calm,english,2.770439413611681
1umIYLpYzR5wddPb7hFCRS,XXL,Connected,"[""Donn Bhat"", ""Toymob""]",2016,Pop,Calm,english,1.8658267116280915
0I6oVrQRZGnflOClaRjs46,Xxxxxxx,Hymns,"[""Teen Suicide""]",2015,Electronic,Calm,english,1.6157837960046708
6t8CIWR0HqYNVPfQFXKhsn,Yahweh,Brother,"[""The Brilliance""]",2015,Folk,Calm,english,1.4875292357329142
4djKIVx2HDv9cJTQ2gI7qM,Yarrow and Mint,All of It Was Mine,"[""The Weather Station""]",2011,Folk,Calm,english,1.946455338897488
312ObaI13srJ6OTzeH6Ocm,Years,Quarantine,"[""Laurel Halo""]",2012,Electronic,Calm,english,2.3900929520403773
5WblksAMqOZyGsOLTUt13R,Years,Perdida,"[""Stone Temple Pilots""]",2020,Rock,Calm,english,1.4255552640764946
4334tSM8eK8Dre3BtRqGXk,Yell Heah,Silver Cactus 2.0,"[""Hospital Bracelet""]",2019,Rock,Calm,english,3.3505199380148576
1DfS9BNwPDXIc7W7zgabvU,Yellow Bird,The Very Best of Arthur Lyman - The Sensual Sounds of Exotica,"[""Arthur Lyman""]",2006,Pop,Calm,english,2.8927646120314545
2vLDQqTeIGJsShqHOt4yUx,Yellow Bird,Greatest Hits Of Arthur Lyman Taboo,"[""Arthur Lyman""]",2006,Pop,Calm,english,2.254486936229533
7uJQUtgOzvSlVM3oyY012O,Yellow Bird,The Very Best of Arthur Lyman (The Sensual Sounds of Exotica),"[""Arthur Lyman""]",2016,Pop,Calm,english,2.9328226568854854
2T3cWZapxTv9TglJPkCPLF,Yellow In Green,Wicked City,"[""Jockstrap""]",2020,Pop,Calm,english,2.1821212885911527
0VrirvyOumorZl8xpstTMs,Yet Another Raft of the Medusa (Pollard`s Weakness),The Divinity of Oceans,"[""Ahab""]",2009,Rock,Calm,english,2.958543082872769
6BMTIvdi2LgNcrbz1HqRjN,You And Whose Army?,VSQ Performs Radiohead: Enigmatic,"[""Vitamin String Quartet""]",2003,Classical,Calm,english,2.7478067717069674
1yMYsg6JDolMjXxS0aWb9c,You Are,You Are,"[""The Album Leaf"", ""Saro""]",2022,Rock,Calm,english,3.172895771707555
42w1HhSWnmsrEFkJB9SQoi,You Are My Sunshine,Sing Me to Sleep: Indie Lullabies,"[""Peter Broderick""]",2011,Classical,Calm,english,2.6079612670780543
6wp2qFqY7o0EtO5rG000tc,You Are My Sunshine,You Are My Sunshine,"[""Jamey Johnson"", ""Twiggy Ramirez"", ""Shooter Jennings""]",2013,Country,Calm,english,2.510280377576702
678ffj3OOAswZQh477cVKD,You Are My Window,Nazz vs. Toddzila,"[""Nazz""]",2009,Rock,Calm,english,2.312858384835898
1zRCDvQVdgVOX9THmcBWr3,You Are My World - Instrumental / Live,Forever (Live),"[""Hillsong Worship""]",2003,Pop,Calm,english,2.489946704541341
7qNrnnQQB5rK8CG4NSkQjE,You Are There,At The End Of The Day,"[""Rosana Eckert""]",2003,Jazz,Calm,english,2.392034696219178
0bUnnlc4SntERgG3Vl2zKG,You Are Too Beautiful,Red Alone,"[""Red Garland""]",2004,Jazz,Calm,english,1.3301378590348565
1Kab9wdvmwSHxeBIm4OJBa,You Are Too Beautiful,Jazz For A Rainy Afternoon,"[""Jimmy Ponder""]",2003,Jazz,Calm,english,2.725079597404835
3Kersuib3CNo2CzQZg52M3,You Are Too Beautiful,At the Garden Party,"[""Ed Bickert"", ""Don Thompson""]",2004,Jazz,Calm,english,4.942096145499965
3bCvfhYJ4GBTcxLaoyGqR5,You Are the Coffin,Sleep,"[""Flatsound""]",2012,Rock,Calm,english,1.3298784729113464
0wAZzH4S4auaaqEWgneGd5,You Are the One,Me and You,"[""Vast""]",2009,Rock,Calm,english,1.92202201594144
21li8Szlq6ToDYRmewcQsk,You Belong To Me,Give me time,"[""Magic Sam""]",1991,Blues,Calm,english,2.23261709248804
39xA1yNSzJRSuyQTR8HpE2,You Broke My Heart,Wild Heart,"[""Current Joys""]",2013,Electronic,Calm,english,2.708556158846726
797icnaU5zk2hQjgVQQUWd,You Brought It Upon Yourselves,Great Escape,"[""Crippled Black Phoenix""]",2018,Rock,Calm,english,2.245416722502916
7uB0XGVLorLVV0eFqg0UsO,You Call It Madness (But I Call It Love) - 2003 Digital Remaster; 3:25 Version,The Nat King Cole Trio - The Complete Capitol Transcription Sessions,"[""Nat King Cole Trio""]",2005,Jazz,Calm,english,2.178604852735332
6PB7R41AktgVRoJHE3XlWr,You Came To Me,Devotion,"[""Beach House""]",2008,Pop,Calm,english,1.618095321373214
6e5EPtB1sc6Qi53IHuekx3,You Can Depend On Me,Stardust,"[""Louis Armstrong""]",1988,Jazz,Calm,english,2.0089089439625365
5FzZxxk4Oj9uN41Iyeco5B,You Can Discover - John Peel Session,Sunday's Child (Deluxe Edition),"[""John Martyn""]",2005,Folk,Calm,english,1.796817513994466
4qJCmI59iStWJJUatMEIEm,You Can Never Go Home,Every Good Boy Deserves Favour,"[""The Moody Blues""]",1971,Rock,Calm,english,2.216417897262198
4yHTHxv8gHMATKuflv7nqS,You Can't Steal A Gift,From The Valley To The Stars,"[""El Perro del Mar""]",2008,Pop,Calm,english,1.7939394002957472
3rcAn7pfzaCuSaJtKWL7hW,You Can’t Change Me / Burn My Britches / Something In The Way - Early Demo,Montage Of Heck: The Home Recordings (Deluxe Soundtrack),"[""Kurt Cobain""]",2015,Rock,Calm,english,2.774215197760684
42Q2SowqUnJUZyqDE9AgRR,You Could Be Love - Bonus Track,"Desperate Youth, Blood Thirsty Babes","[""TV On The Radio""]",2004,Rock,Calm,english,2.1261884651270573
36EO0BMu1EZZznRurwBMzW,You Deserve This (Album V),Oncle Jazz,"[""Men I Trust""]",2019,Pop,Calm,english,2.0031559928102283
49IfqVX8UZhpfyykkxvhvC,You Don't Know Me,Celebrate Me Home,"[""Kenny Loggins""]",1977,Pop,Calm,english,2.267868453831652
0mjMXI9QWFwzW430erbQEh,You Don't Know What Love Is,Point in Time,"[""Fred Hersch""]",1995,Jazz,Calm,english,1.767855855633486
1PsI3QZhAF2jfLChO6v1uK,You Don't Know What Love Is,Blue Light 'Til Dawn,"[""Cassandra Wilson""]",2014,Jazz,Calm,english,2.466880250024914
6NPgzxI0IVwGIY3KSAZsJC,You Don't Know What Love Is,This Is Jazz #2,"[""Chet Baker""]",1996,Jazz,Calm,english,3.073123078600548
6hv2nd8JSNwHOI8M7XEpUc,You Don't Know What Love Is,Shock Of The New,"[""Brad Goode""]",1988,Jazz,Calm,english,2.2742352150482312
7fjkEZMWqzAkuk9VtV4tVX,You Don't Know What Love Is,Live at the Village Vanguard,"[""Elvin Jones""]",1990,Jazz,Calm,english,3.7801668858590833
3pFgD3XoL6L0KF4yUeOxoG,You Go Now,You Go Now,"[""Chroma Key""]",2000,Rock,Calm,english,1.9042662158567527
0cF3t1Z0hGfPCh0yGFe3HN,You Go To My Head,"19 [Solo] Compositions, 1988","[""Anthony Braxton""]",1989,Jazz,Calm,english,2.539060280409813
15YSenUtAzx2lpTSo1P2W2,You Go To My Head - Live,Live At The Sticky Wicket,"[""Dick Wellstood""]",1997,Jazz,Calm,english,4.751080691133137
2vkBoFeUR2kpjRKSrjPS0C,You Go To My Head,Trio & Duet,"[""Anthony Braxton""]",2002,Jazz,Calm,english,3.8414554688085705
2Lbxv3K4KS8kDqdYIxJhc6,You Go Where I Go,Sun Mountain,"[""Walter Becker"", ""Donald Fagen""]",2007,Pop,Calm,english,2.11094812484032
1qhf2Nvh6g92UjZNw0YY5G,You Go to My Head,Dark Academia - Jazz,"[""Stan Getz""]",2021,Jazz,Calm,english,2.383834377733188
7BpOD29mERXrzYdqAYGJIO,You Go to My Head,Pennies from Heaven,"[""Jimmy Raney""]",2010,Jazz,Calm,english,0.7687773504727241
1RwUtUR8WxAGTV0j4iqkCr,You Have Cum In Your Hair and Your Dick Is Hanging Out,Arise Therefore,"[""Bonnie Prince Billy""]",1996,Country,Calm,english,1.7474012363078204
4qhA2lDCagrGwjmuB4bJHT,You Have Cured a Million Ghosts From Roaming in My Head,No Solace in Sleep,"[""Aarktica""]",2001,Rock,Calm,english,0.8511531494471396
1PddriidUkRELsyafvzswU,You Lost the Starlight in Your Eyes,Chasing After Shadows... Living With the Ghosts (Deluxe Edition),"[""Hammock""]",2010,Electronic,Calm,english,2.9542691468079827
00tKAMEpapyBcrVuSXIYbM,You Made Me Love You,Best Of The Big Bands,"[""Harry James""]",1990,Jazz,Calm,english,3.55951250800703
6M1oqntTIPSlotKT2IFDC2,You Made Me Love You,Ultimate Big Band Collection: Harry James,"[""Harry James""]",2011,Jazz,Calm,english,3.4400675513033057
0QTOw32h1G2LD8EFExxedV,You Might Find Me,Creed II (Score & Music from the Original Motion Picture),"[""Ludwig G\u00f6ransson"", ""Jacob Banks""]",2018,Classical,Calm,english,2.244447755165766
6VknwGdxUu4Z1WAfHdx6dv,You Missed My Heart,Live at Phoenix Public House Melbourne,"[""Mark Kozelek""]",2013,Rock,Calm,english,2.0065371125604043
5F9yV5FFYbA9cMgWY8BbbU,You Must Believe in Spring,Paris Sessions,"[""Tierney Sutton"", ""Serge Merlaud""]",2014,Jazz,Calm,english,2.5189723272176896
1M7egC9kM4Mb6LGK6xA9bl,"You Only Live Twice (From ""You Only Live Twice"")",The Ultimate James Bond Film Music Collection,"[""The City of Prague Philharmonic Orchestra""]",2006,Classical,Calm,english,2.6944330786316133
3IXZLp0gVQJvyxR5dMHIF5,"You Only Live Twice (From ""You Only Live Twice"")",Film Music Masterworks - John Barry,"[""The City of Prague Philharmonic Orchestra""]",2006,Classical,Calm,english,2.6944330786316133
3dI1nSL3BZxfUNqsLLbVHz,"You Only Live Twice (From ""You Only Live Twice"")",The Essential James Bond,"[""The City of Prague Philharmonic Orchestra""]",1994,Classical,Calm,english,2.6944330786316133
6Gclf70yjOd9Gq5qa8FALB,"You Only Live Twice (From ""You Only Live Twice"")",Bond Royale - The Best of James Bond,"[""The City of Prague Philharmonic Orchestra""]",2016,Classical,Calm,english,3.0170309061851994
3qnUV1jZUuu0RdIe8G1Jto,You Point To The Sky,High Winds White Sky (Deluxe Edition),"[""Bruce Cockburn""]",2003,Folk,Calm,english,2.113862035864866
7m2WSoUkezM9qxbfPDPU0h,You Pomme,"¡El Sol y Su Luna!: Demos & B-Sides, Vol. 1","[""Mexican Slum Rats""]",2019,Rock,Calm,english,3.369683571408009
0xmnMoo0YxOxd14xtquPsb,You Raise Me Up,Country Serenity,"[""Phil Coulter""]",2006,Folk,Calm,english,1.5861046536922974
15TCdssrgQpKdHEVxmoi5Z,You Raise Me Up,Serene Classics,"[""Phil Coulter"", ""Brendan Graham /Rolf Lovlund Ncb""]",2014,Folk,Calm,english,1.6003711208521203
7cWkZazpOnTwmAId5gAzR7,You Say,A Shadow of Memories,"[""Lethian Dreams""]",2020,Rock,Calm,english,1.108869038436327
6yi2FyeQOw1o4Ufj0GdUpc,You Say You're Happy Now,Saturn Return,"[""Unto Ashes""]",2001,Electronic,Calm,english,0.6425908634817126
0IGh7H6H8ofo5ZJAFoDVuS,You Stepped Out Of A Dream,Cuban Blues,"[""Chico O'Farrill""]",1996,Jazz,Calm,english,1.1968809770752544
4HRGShV9ChUt6JunJMS4cU,You Stepped Out Of A Dream - Live,Meditation,"[""Joe Pass""]",2002,Jazz,Calm,english,4.668291823470764
2OA6aDngBMrR1x27HwTe9L,You Thrill Me,You Thrill Me: A Musical Odyssey 1960 - 1979,"[""Patty Waters""]",2004,Jazz,Calm,english,2.5897455448313864
4KWU07QupixHu9eq30cjz5,You Took Advantage Of Me,Solo Flight,"[""Charlie Byrd""]",2003,Jazz,Calm,english,2.0250030198093176
5IN2jMi8slvO78khaaSL20,You Took Advantage Of Me,By Himself,"[""Dave Frishberg,Dave Frishberg""]",1998,Jazz,Calm,english,2.7183471852706185
37Py7gtejZ7IUBT5rQOZDV,You Took Advantage of Me,In Private,"[""Art Tatum""]",2010,Jazz,Calm,english,2.576105726725207
0w6API9pM3byvf9PhUIQOq,You Won't Find Me,Seasons,"[""Narrow Skies""]",2018,Electronic,Calm,english,1.8985441001484609
5rqMVd3iSBrSFCPsNr8hcF,You Would Not Believe the Kind of Shit I Mumble to Myself at Night,Sad Wizard Vibes,"[""Autumn Orange""]",2019,Electronic,Calm,english,1.868023352424728
7hLlTCduUd1lx3zuLah4ct,You for Me,Waters EP,"[""Eliza Shaddad""]",2014,Electronic,Calm,english,1.901966832807472
5hKeEYJbxOZXGog7O3RJrK,You go to my head,That's All,"[""Tete Montoliu""]",1993,Jazz,Calm,english,1.6186632769560596
361CXFFq80h1nzGnxQ7lmv,You'd Be So Nice To Come Home To,Plays For Lovers,"[""Chet Baker""]",2006,Jazz,Calm,english,1.6068384947765129
4RFAo1u3QJtLkA8NZwU2ej,You'd Be So Nice To Come Home To,Night and Day: The Cole Porter Album,"[""Cole Porter"", ""Bolcom & Morris""]",1991,Jazz,Calm,english,2.6146871354880123
5IZoaa0HoOotCQyIeCDc9f,You'd Be So Nice To Come Home To - Rudy Van Gelder Edition; 2007 Digital Remaster,Bass On Top (2007 Rudy Van Gelder Edition),"[""Paul Chambers""]",2007,Jazz,Calm,english,2.8392170661155367
2UZaXGCh8858unmv2mh6SG,You'd be so nice to come home to,When Sunny Gets Blue,"[""Chet Baker""]",1988,Jazz,Calm,english,2.555420045715543
5Z4SYSYIpKuH741BiPON5i,You'll Be in the Air (Version),Blood,"[""The Microphones""]",2001,Folk,Calm,english,2.6584498393433043
1DOxwK25v6wOMvdVjcxG3e,You'll Never Know,Indian Summer,"[""Dave Brubeck""]",2007,Jazz,Calm,english,1.7795434118756754
33RBLGf5zAhqUWe3wccVTa,You'll Never Know - 78rpm Version,Ultimate Sinatra: The Centennial Collection,"[""Frank Sinatra""]",2015,Jazz,Calm,english,1.909704321603672
11XeXjcotBMnP2LMNs1Jcu,You'll Never Walk Alone,SONGS OF FAITH,"[""Andy Williams""]",1972,Pop,Calm,english,2.89440320220604
3DVFIk2pAJKV0XInDaJLKm,You'll Never Walk Alone,Suspicious Minds: 60 Greatest Hits of Elvis Presley,"[""Elvis Presley""]",2020,Rock,Calm,english,1.9047688099924764
40C2ICXdJY5nldyrqHlHrX,You'll Never Walk Alone,The Magic Of Doris Day,"[""Doris Day""]",2008,Jazz,Calm,english,2.9309757276164565
4QxfbZVNOL0l9yPtj8VGXx,You'll Never Walk Alone,Where No One Stands Alone,"[""Elvis Presley""]",2018,Rock,Calm,english,2.162715793566335
56ki6GImzxnVhD6Tqo7GYU,You'll Never Walk Alone,Old Time Gospel Favorites,"[""The Oak Ridge Boys""]",1996,Country,Calm,english,3.04948945075283
59TMVAQyY5NVtC9vumdMlo,You'll Never Walk Alone,The Essential Mormon Tabernacle Choir,"[""Richard Rodgers"", ""Arthur Harris"", ""Columbia Symphony Orchestra"", ""The Tabernacle Choir at Temple Square""]",2006,Classical,Calm,english,2.470665482488358
5p1tYHqOwmXtAYpbR2OQn9,You'll Never Walk Alone,The Mormon Tabernacle Choir's Greatest Hits - 22 Best-Loved Favorites,"[""Richard Rodgers"", ""Arthur Harris"", ""Columbia Symphony Orchestra"", ""The Tabernacle Choir at Temple Square""]",1992,Classical,Calm,english,2.470665482488358
6tjnpct53w0ec3X5xWm2fs,You'll Never Walk Alone,Burning Love: 40 Greatest Hits of Elvis Presley,"[""Elvis Presley""]",2020,Rock,Calm,english,1.9047688099924764
2QYh3AxJySeyfEjzMspnKS,"You'll Never Walk Alone (with The Ken Lane Singers) - from ""Carousel""",Frank Sinatra Sings Rodgers & Hammerstein,"[""Frank Sinatra"", ""Ken Lane Singers""]",1996,Jazz,Calm,english,1.9362763597946744
4bZvgC1QQUo3jPNrKqgjgF,You'll Never Walk Alone - Acoustic,Believe (Deluxe Extended),"[""Andrea Bocelli""]",2021,Classical,Calm,english,2.2842782919476634
6LUbdIN5CxEnsm6P59eK8o,You'll Never Walk Alone - Alternate Take 2,Platinum - A Life In Music,"[""Elvis Presley""]",1997,Rock,Calm,english,2.7773431837514955
0tI48bgwYlKKrqWJWb8829,You're All Around Me (Spontaneous) [Live] (feat. Andrea Marie),Simple Gospel (Live),"[""United Pursuit"", ""Andrea Marie""]",2015,Folk,Calm,english,2.236587905849248
5hIcRJffHYJ7LnPiQAQAuv,You're Almost There,Lose All Time,"[""You Say Party! We Say Die!""]",2007,Electronic,Calm,english,1.1358431612666362
47wMQFZcbyB1h8kJ4YTL0d,You're Beautiful,Ask Me Tomorrow,"[""Mojave 3""]",1995,Rock,Calm,english,1.1795019477754844
2aIIWLXmElNLPozx29UXSo,You're My Thrill,Dreams and Daggers,"[""C\u00e9cile McLorin Salvant""]",2017,Jazz,Calm,english,2.441328996379528
3DHD9DAi78NzOzAPUCAz4t,You're My Thrill,Moments Like This,"[""Peggy Lee""]",1993,Jazz,Calm,english,3.7271119831281214
4dp5At2lumdXfAdBVMCVm9,You're My Thrill,Quiet Nights,"[""Diana Krall""]",2009,Jazz,Calm,english,2.637727833423483
7vOEXYTYsRnZGgXnIlVHhk,You're Nearer,Perry Como Today,"[""Perry Como""]",1987,Pop,Calm,english,2.736298297511762
2pHC4bU75NJDuIhhIXlFUx,You're Not Going to Save the World,Scarcity,"[""Inmyths""]",2013,Folk,Calm,english,1.968489549722956
2cQRyRO3s6UhdrXN3MWdRf,You're Sensational,Cole Porter Collective,"[""New York Swing"", ""Bucky Pizzarelli"", ""John Bunch"", ""Jay Leonhart"", ""Joe Cocuzzo""]",1992,Jazz,Calm,english,2.2646376092479703
29NTnbjBudkRnFqIwh9r8D,You're Standing On the Ground,Song Islands,"[""The Microphones""]",2002,Folk,Calm,english,2.3136719680473967
0HfIGxK7T1UBgYBibUUBW4,You're The Top,Cole After Midnight,"[""Marcus Roberts Trio""]",2001,Country,Calm,english,3.031080460514283
37xXDxPzfk5lnU8aNSRXfw,You're the Only Good Thing In My Life,Cry,"[""Cigarettes After Sex""]",2019,Pop,Calm,english,1.734001823518185
69BeOEL0DFLwA3WplXJxX5,You're the Only Good Thing in My Life,Cry,"[""Cigarettes After Sex""]",2019,Pop,Calm,english,1.7132827837928952
04L1blw33tPeOMIBxuXrzv,You've Got A Friend,Rio After Dark,"[""Ana Caram""]",1989,Jazz,Calm,english,2.711718137442672
6IBEWfIavEfuXQVvnNApAS,You've Walked That Way Before,Tell Me I'm Not Dreamin',"[""Sara K.""]",1995,Jazz,Calm,english,2.9488727888149016
7eeOmdMC38rRFXIDH529sR,Young And Beautiful - Take 7 (Master),Elvis: Close Up,"[""Elvis Presley""]",2003,Rock,Calm,english,2.7658021030639723
2Jymc0ceCvXDO3yvhcbenj,Young And Foolish,Love Is Not A Game,"[""Meredith d'Ambrosio""]",1991,Jazz,Calm,english,1.2181639146883425
28xLY3KdO9E87lnjwZrJgC,Young At Heart,"Orphans: Brawlers, Bawlers & Bastards (Remastered)","[""Tom Waits""]",2006,Folk,Calm,english,1.7506870111508814
70WeQx8osAERkcybD4F6jo,Young Love,Among The Leaves,"[""Sun Kil Moon""]",2012,Rock,Calm,english,1.8670182637259816
6PVw1IwI5LppH14Z6BEfdU,Young Woman's Blues,The Collection,"[""Bessie Smith""]",1989,Blues,Calm,english,2.727077159370954
0K2lLNqjnBuGy2K0rkLu9D,Younger Generation,The Greatest Hits,"[""The Lovin' Spoonful""]",2000,Folk,Calm,english,1.5381795558296592
6k01VxSv4iimpzYd93L76R,Younger People,Ham,"[""The Chap""]",2005,Electronic,Calm,german,2.5055826004960813
3VQQAD0INd5TutL43Jc5ki,Your Angel Steps Out Of Heaven,Sleepless Nights (Reissue),"[""The Flying Burrito Brothers""]",1976,Country,Calm,english,1.9795105584935249
6XxG15WdOvB8QC7WZz13BR,Your Card The Sun,Some Heavy Ocean,"[""Emma Ruth Rundle""]",2014,Rock,Calm,english,1.293074298371228
5hXGYD3ItfFllTsp8t0Up6,Your Daddy's Son,Ragtime: The Musical (1996 Studio Cast Recording),"[""Audra McDonald"", ""Original Broadway Cast of Ragtime: The Musical""]",1996,Jazz,Calm,english,2.7668837702866256
786x8U3vW82A1YNFmLXiBr,Your Fathers Car,"Scotland, I Wish You Had Stayed.","[""Flatsound""]",2009,Rock,Calm,english,3.430117495321026
5caNTGtbCHVj0yzVYZTOtR,Your Fault - Instrumental Version,Into the Woods (Instrumental Songs Version),"[""Stephen Sondheim""]",2015,Classical,Calm,english,2.534242604399306
1fI00WJo18PUXVqi7mjqLu,Your Love,Awakening,"[""Ennio Morricone"", ""Jackie Evancho"", ""Nicholas Dodd""]",2014,Classical,Calm,english,2.6220349783166705
0TUEqzk6atJtFQu8ZRVkqK,Your Mother & I (Live),Years in the Making,"[""Loudon Wainwright III""]",2018,Folk,Calm,english,2.806650842446109
4PX8oveB2dH3lHbFsdXiGW,Your Own Sweet Way,Missing... Presumed Having A Good Time,"[""The Notting Hillbillies""]",1990,Country,Calm,english,2.172413490955877
1TEslM4qDTNBpymCpslhT5,Your Silence,A Shadow of Memories,"[""Lethian Dreams""]",2020,Rock,Calm,english,3.00375894912806
0SgAV11sPopQiMiFZX7BZA,Yuki,White Fields & Open Devices,"[""Vessels""]",2008,Rock,Calm,english,2.132863160640362
3qFQe2UEs8hTe2ua2Ctw45,Yuki,Yuki/Forever The Optimist,"[""Vessels""]",2007,Rock,Calm,english,2.068519350070797
0Ri9bMe4z6g28xVj6wwqtj,Yulunga (Spirit Dance),Wake,"[""Dead Can Dance""]",2002,Rock,Calm,english,2.0698764914846413
4MkqdnaIo5edDHfuo8wzdv,Yulunga (Spirit Dance),Into The Labyrinth (Remastered),"[""Dead Can Dance""]",1993,Rock,Calm,english,1.9560592192108628
39d9E6L5E8ln0GWbUpQXDd,弓ヶ浜,Best Of Kodo,"[""Kodo""]",1994,Classical,Calm,english,1.9455264473688083
0l86JkR4sPZaC168k6DDW3,"Yuugure no Tori (Ending Song) [From ""Shingeki no Kyojin 2""]",Shingeki no Kyojin 2 Collection (Remastered),"[""PianoPrinceOfAnime""]",2000,Pop,Calm,english,1.7674842856940136
2ffO1NTXcBXj3vq38rkeIm,Zero One/This Fantasy,To Believe,"[""The Cinematic Orchestra"", ""Grey Reverend""]",2019,Electronic,Calm,english,1.5192365137933324
0vcKuUoeTc3NjjJjgqfkkS,Zikir,Go Away White,"[""Bauhaus""]",2008,Rock,Calm,english,3.1584970800452217
2FtUSYegHMLamTJwiv93eK,afterlife dating,i will be my own hell because there is a devil inside my body,"[""Teen Suicide""]",2015,Electronic,Calm,english,2.155202287713511
2OFqPVwWQw2si7wFPLQpwO,ahead,ahead,"[""james king""]",2022,Electronic,Calm,english,1.400751408911041
66a6FlU79ymM1v9h1zTPVz,all the kids are depressed,all the kids are depressed (sped up),"[""creamy"", ""untrusted"", ""11:11 Music Group""]",2008,Electronic,Calm,english,6.278329432673301
4MswUZzge6KN5dmD8d77jk,before you go,græ,"[""Moses Sumney""]",2020,Pop,Calm,english,1.7862153051385392
0AUp2LQdUSJRtQa5rTx3fJ,black screen,american dream,"[""LCD Soundsystem""]",2017,Electronic,Calm,english,2.2164752974694486
6kKXowSTq8uKZhdFPdG9BS,black screen,american dream,"[""LCD Soundsystem""]",2017,Electronic,Calm,english,2.221665704059944
3V0NxWbbUTa3BUAnchm11i,bouquet,amuletum bouquet,"[""Ichiko Aoba""]",2020,Pop,Calm,english,2.2002209329742786
2USGBktYHKaG6CqulUxXz3,broken hash,superficial,"[""sl\u00e5n""]",2021,Electronic,Calm,english,2.7595075812669694
1o764IZBke4gtmBOk8UOkC,casa mia,Levitate,"[""Idaho""]",2001,Rock,Calm,english,1.583170995523807
1TOdB9NIQsmUOOZksjbVhj,color,What Happens After,"[""Laveda""]",2020,Rock,Calm,english,2.787260273499518
7kIJSiRNlyGXqUmSlq22px,crash_intro,Undeveloped,"[""ohGr""]",2011,Rock,Calm,english,5.748963710901889
4a6zuSLtPiFzIXEjbXuQ1w,daydream,still,"[""Nouns""]",2014,Rock,Calm,english,2.000956973373201
1XhhKcSlsjrKbP4lE7fHBj,drowning here with all my friends,Warmth Equation,"[""Infinity Crush""]",2016,Electronic,Calm,english,4.551687805138544
0ywD5d3D5uze3JO0m8543X,everything being still,Warmth Equation,"[""Infinity Crush""]",2016,Electronic,Calm,english,2.49322720008848
6d2R5kZDIYs82XdxBNCiCN,fall into u,To Whom It May Concern,"[""Oscar Lang""]",2018,Pop,Calm,english,1.9561394173625664
6xoKWTiw0jVO3IvEKLxMSs,god's chariots,Galore,"[""Oklou""]",2020,Pop,Calm,english,2.4839978444775945
78wj5mY6j1TG9x5IBDvnc3,good morning (piano),sérénades,"[""Jean-Michel Blais""]",2023,Classical,Calm,,1.7240348275560269
1iuHKJCGBLiQ9Eaz0nY62z,h,So,"[""So""]",2003,Electronic,Calm,english,1.8108763125485563
2OlrRunazawtcA7yAvbWRn,heavy in love,what's that smell?,"[""Bitch and Animal""]",1999,Rock,Calm,english,2.234131308989677
3oPTL6qpiftZrzwupiezk4,hf:/LHPN/seer/REF2.alt,hf:/LHPN/seer/REF2.alt,"[""Holy Fawn""]",2020,Rock,Calm,english,1.895395674671469
2sDk5TvEXxXX7jwqooNkk4,hold on,Any Human Friend,"[""Marika Hackman""]",2019,Electronic,Calm,english,1.8802606719569728
07EdLKSOX5Qwf48oc4RrzK,i carry your heart,i carry your heart,"[""Eric Whitacre""]",2018,Classical,Calm,english,2.7813366021357786
20XJXwWoCqj6Tks47ztDlB,I carry your heart with me,2012 Texas Music Educators Association (TMEA): Trinity High School A Cappella Choir,"[""David Dickau"", ""Trinity High School A Cappella Choir"", ""Studio pianist"", ""Michael Dean""]",2012,Classical,Calm,english,4.816531774633664
0UjMscV4V6mYJlWDiAOnwP,i don't know anyone i am,melanchole,"[""salvia palth""]",2014,Rock,Calm,english,1.592889199059332
5YZyJMKV5znCxmOm76QcEZ,i don't want just anyone,melancholia,"[""GenriX"", ""Shiloh Dynasty""]",2022,Electronic,Calm,english,2.9249708836500097
5UZvoOgokmRVUI9KPkLWMT,i know you so well,desolated,"[""GenriX"", ""CORBAL"", ""Shiloh Dynasty""]",2022,Electronic,Calm,english,2.31129337289508
7sxY5TzUuH9yFdxhl5W3Xt,i see yr cute decor,Luxury Beverage,"[""Fox Academy""]",2015,Electronic,Calm,english,2.438333460400274
7svpAkwc6xaSxlbZ7V7JiS,i was all over her,melanchole,"[""salvia palth""]",2014,Rock,Calm,english,1.5599263943690198
5p684vIzF5LOkmHL3I0tyM,"i'm in love with u, sorry","i'm in love with u, sorry","[""j'san""]",2017,Electronic,Calm,english,1.6394549833150402
5zNIVsxQGQYq3WAu13tkmn,insula,græ,"[""Moses Sumney""]",2020,Pop,Calm,english,3.373721144776026
2shQ8avbOXWwovemqJ9LYO,interlude I,Deception Bay,"[""Milk & Bone""]",2018,Pop,Calm,english,2.1227825689322994
5Mn3siu0XehRb9kTEPqotX,just friends,just friends,"[""potsu""]",2018,Electronic,Calm,english,2.1875203341450526
3pIIF8immaphFi9lw9WIs0,kiss me softly,i miss you,"[""Lofuu"", ""Shiloh Dynasty"", ""dprk""]",2022,Electronic,Calm,english,3.994149974875253
7voAucVyDJ6wdnvzGyDOrN,"kiss me, softly",thinkin bout you,"[""Lofuu"", ""Shiloh Dynasty"", ""dprk""]",2023,Electronic,Calm,english,3.994149974875253
3jfrPbdITga8u3ljKg49D1,lacklustre,Rivulets,"[""Rivulets""]",2002,Rock,Calm,english,1.6625547707077672
0roVmEso0w00SKECkDQdow,lainnereP,Macro,"[""Jinjer""]",2019,Rock,Calm,english,2.0974372261752814
2dGQwDlP6KL8LzioyhW94h,location.memory,Pink Colour Surgery,"[""The Psychotic Monks""]",2023,Rock,Calm,english,3.4210731914966623
30kbGpcRbIzY3BRhKxQ7sN,love invites,LET YOURSELF BE LOVED,"[""Laity""]",2020,Rock,Calm,english,2.362795805133836
3W1XQRVDgWzQqyvtUeroYy,love is dead (interlude),Remedy,"[""Indenial""]",2022,Pop,Calm,english,1.8886476142766704
4kPmbjbr2oUHJmaDXEDno4,memories,3am EP,"["".anxious.""]",2017,Electronic,Calm,english,3.4659432359886435
76V5f8O63L6ZvQGRhfutti,million little reasons,To Whom It May Concern,"[""Oscar Lang""]",2018,Pop,Calm,english,1.645613819020512
0kzVqpeRGSrPczFnSCLPvs,mirror,virtual heaven,"[""Infinity Crush""]",2019,Electronic,Calm,english,2.4928456486556696
3f5isebNSOCKBFzDdc5vue,misbehaving,virtual heaven,"[""Infinity Crush""]",2019,Electronic,Calm,english,1.2881051245407302
0MWUaPtt9eq84NsplA0XJN,monarch,souvenir,"[""Jonah Yano""]",2020,Jazz,Calm,english,1.9229472316824687
73Pei5OeAXo2FNk9OEUtoe,mourning song,Luxury Beverage,"[""Fox Academy""]",2015,Electronic,Calm,english,1.721927519685302
6YtTygZm795eOsxnEjFvAh,mourningbird,To Carry Alongside,"[""German Error Message""]",2010,Electronic,Calm,english,1.6683833773074224
0MCI0TDhUsFn95nIGyw29t,needs no progress i will lie,melanchole,"[""salvia palth""]",2014,Rock,Calm,english,2.6770830812541946
5ZGzNhBC1sEtYtQ1b6Cy53,"no, the moon",i will be my own hell because there is a devil inside my body,"[""Teen Suicide""]",2015,Electronic,Calm,english,1.6936489537082264
68EOi4YryBSmfSgPJmA7Wn,"no, the moon",i will be my own hell because there is a devil inside my body,"[""Teen Suicide""]",2015,Electronic,Calm,english,1.692071734192418
6htie60haocR56p0SIYqFG,"no, the moon",i will be my own hell because there is a devil inside my body,"[""Teen Suicide""]",2015,Electronic,Calm,english,1.692071734192418
0ntRu9zALw81RsJ1gL8VqQ,nov 13 (do you believe in love),"when you run away, do you close your eyes","[""Flatsound""]",2022,Rock,Calm,english,1.8403430811181545
2pJCNYhpSLq4acNXcBUjy1,orkesterlåt,lite nya melodier,"[""Bj\u00f6rn Olsson""]",2012,Pop,Calm,english,0.602911789340601
7wF8qO3QCmtPciAi1ZLlhJ,outsider,ruiner,"[""nothing,nowhere.""]",2018,Hip-Hop,Calm,english,1.939381866359104
5sQLOYnfXbQq3RUEbVEZXE,passing by,beat tape 03,"[""eevee""]",2014,Electronic,Calm,english,2.357018189431096
5hopmY1Y4nXBJ7kdNZpPUX,pour it out,Drums Between The Bells,"[""Brian Eno"", ""Rick Holland""]",2011,Electronic,Calm,english,2.535903970964692
0XCEKsbGRtAgdbxIphno1H,reprise (reprise),melanchole,"[""salvia palth""]",2014,Rock,Calm,english,1.7769698409370365
2V5RYL8xg2NSuWWuIHo4dm,salem,Luxury Beverage,"[""Fox Academy""]",2015,Electronic,Calm,english,1.8726093608942007
0GiBL5ULmSrjbBIOIf1UdL,snow,Magic neighbor,"[""Lisa Germano""]",2009,Rock,Calm,english,2.316599542138805
1yH9zRoroY6hYXpAjiAYDb,spooky ghost,i will be my own hell because there is a devil inside my body,"[""Teen Suicide""]",2015,Electronic,Calm,english,2.495704199975079
1Ga8S0wlk95BL1vSyioRM3,still breathing,still breathing,"[""Kupla""]",2017,Electronic,Calm,english,2.0949725902091383
5qOpSkCtp0twDYGpCE6UnP,still life,out of noise,"[""Ryuichi Sakamoto""]",2009,Classical,Calm,english,2.733721218219718
1tNHoEYWOVD0aGhfaWF0Nj,swallow,i will be my own hell because there is a devil inside my body,"[""Teen Suicide""]",2015,Electronic,Calm,english,0.895201749261703
5uKwIsK9DNUscBVs95nCj0,this is how men cry,This Is How Men Cry,"[""Marc Jordan""]",1999,Pop,Calm,english,3.180915947970845
3YF5TdX5d9es6mD4DaSgGq,three am,a night in virginia,"[""osquinn""]",2020,Electronic,Calm,english,3.678203481460869
070w5AcdGK5wzicO6ZG2Jb,tomorrow,A Night In New York,"[""The Durutti Column""]",1999,Rock,Calm,english,4.638534753735674
4FmLfDVfWDenFqaJW03BzR,toucan,Rio,"[""Wun Two""]",2014,Electronic,Calm,german,4.58754315271706
6xoab7Sxd9L2N43Gu9fIBd,twilight,twilight (Deluxe Edition),"[""haruka nakamura""]",2010,Electronic,Calm,english,1.1880257566503114
6E7QqSo1mbO3cJBeymQOC4,untitled-oct19,i will be my own hell because there is a devil inside my body,"[""Teen Suicide""]",2015,Electronic,Calm,english,2.7894255408707527
0ZCNjE8WYUy2G5CuNoueRW,walking away (everytime),To Whom It May Concern,"[""Oscar Lang""]",2018,Pop,Calm,english,1.7267204009998347
6EWsTwawVGP4RWsrRGHl8K,walls,"All Nighter, Vol. 1","[""yoku"", ""underscores""]",2018,Electronic,Calm,english,3.8080077156720713
3Yf61qBDL0y5pVSGANYifS,weight,weight,"[""james king""]",2021,Electronic,Calm,english,1.4229262617633909
0bghrUvyT86kyWF8EhhN4I,windows,echo chamber,"[""corporeal""]",2022,Rock,Calm,english,1.381395264504688
5UziG9YoP8llmob5hMSV8m,yaw,still bummed,"[""Nouns""]",2013,Rock,Calm,english,2.8489939732882488
7kVF0e78Z00osRAtI0Spsm,yr glow (acoustic demo),i will be my own hell because there is a devil inside my body,"[""Teen Suicide""]",2015,Electronic,Calm,english,2.8952889779796007
5iwnFZDor9y7us5upWl6os,~42°,Derelicts,"[""Carbon Based Lifeforms"", ""Ester Nannmark""]",2017,Electronic,Calm,english,1.970687454718908
6bzFFwoPLx3iQDwpl5eEbG,~42°,Derelicts,"[""Carbon Based Lifeforms"", ""Ester Nannmark""]",2017,Electronic,Calm,english,1.970687454718908
2FySgAuDaW4CXfWUYiC2B9,ØVERDØSE,ØF KINGDØM AND CRØWN,"[""Machine Head""]",2022,Rock,Calm,english,3.362631325457765
0UYR6O0WSFC30ople7mM6F,☼ Sunbeams ☼,SOLOS,"[""Lil Bo Weep""]",2017,Hip-Hop,Calm,english,1.4857731661017026
4oUmjIGK6LBM4XOB7wYh6C,恋するギターのセレナード,逆転裁判4 オリジナル・サウンドトラック,"[""Capcom Sound Team""]",2007,Electronic,Calm,english,2.7527854111651404
27pcK7Kva8Wk3DM7j5dUrJ,鴿哨,California Nebula,"[""\u7f3a\u7701""]",2017,Rock,Calm,english,3.398064951541224
0xyZdWF65taSh19OmW87vh,29 August 2012,Desideratum,"[""Planning For Burial""]",2014,Rock,Calm,english,3.3914507562703577
7ItLwpnDJNmnmjlx4hOC96,A Chance I'd Never Have,Damp Chill of Life,"[""None""]",2019,Rock,Calm,english,2.248129640224619
